diff_id,language,anchor,synonym,disjoint,kind,bleu_syn,bleu_dis,bleu_delta,rougeL_syn,rougeL_dis,rougeL_delta,chrf_syn,chrf_dis,chrf_delta,meteor_syn,meteor_dis,meteor_delta,bertscore_syn,bertscore_dis,bertscore_delta,entail_syn,entail_dis,entail_delta,signed_syn,signed_dis,signed_delta
1118,cpp,errors,exceptions,warnings,diagnostic,0.8539491723727965,0.8539491723727965,0.0,0.9230769230769231,0.9230769230769231,0.0,0.9026929837671201,0.89395556865218,0.008737415114940195,0.9425029515938607,0.9425029515938607,0.0,0.9892803430557251,0.9919047355651855,-0.0026243925094604492,0.10790388286113739,0.011949404142796993,0.0959544787183404,0.08637483790516853,-0.06332470569759607,0.1496995436027646
1382,cpp,test,check,config,infrastructure,0.6434588841607617,0.6434588841607617,0.0,0.8333333333333334,0.8333333333333334,0.0,0.8613937176316244,0.8544926591715393,0.006901058460085152,0.8412698412698414,0.8412698412698414,0.0,0.9773339033126831,0.9688932299613953,0.008440673351287842,0.991510808467865,0.44144997000694275,0.5500608384609222,0.9902963471831754,0.10326915979385376,0.8870271873893216
2663,cpp,warning,alert,error,diagnostic,0.7825422900366438,0.7825422900366438,0.0,0.875,0.875,0.0,0.7980036037338265,0.7906117070977337,0.007391896636092854,0.8066666666666668,0.8066666666666668,0.0,0.9924392700195312,0.984096109867096,0.008343160152435303,0.94175124168396,0.3938252925872803,0.5479259490966797,0.8945224918425083,-0.001398921012878418,0.8959214128553867
3149,cpp,class,type,module,close_entity,0.8423626743789745,0.8423626743789745,0.0,0.9166666666666666,0.9166666666666666,0.0,0.907922182242016,0.9046288231653822,0.0032933590766338616,0.920940170940171,0.920940170940171,0.0,0.9894047975540161,0.9923200011253357,-0.00291520357131958,0.3432183265686035,0.16258500516414642,0.1806333214044571,0.08044624328613281,-0.3927070051431656,0.4731532484292984
3169,cpp,input,entry,output,directional,0.7691605673134587,0.7691605673134587,0.0,0.9166666666666666,0.9166666666666666,0.0,0.8823907687580196,0.9229993769370931,-0.040608608179073524,0.9139118457300276,0.9139118457300276,0.0,0.9916391372680664,0.9921706914901733,-0.0005315542221069336,0.959975004196167,0.001632722676731646,0.9583422815194353,0.9399463888257742,-0.9910517608514056,1.9309981496771798
3431,cpp,warnings,alerts,errors,diagnostic,0.8153551038173119,0.8153551038173119,0.0,0.9285714285714286,0.9285714285714286,0.0,0.8776222469112721,0.8753881089796594,0.0022341379316127563,0.9363888888888889,0.9363888888888889,0.0,0.985439658164978,0.992835283279419,-0.007395625114440918,0.9008102416992188,0.6612841486930847,0.23952609300613403,0.8973854540381581,0.6602381913689896,0.2371472626691684
4496,cpp,function,method,variable,close_entity,0.7910665071754353,0.7910665071754353,0.0,0.9,0.9,0.0,0.7992958089415193,0.789638081091684,0.009657727849835318,0.920940170940171,0.920940170940171,0.0,0.9951976537704468,0.9888616800308228,0.0063359737396240234,0.7504623532295227,0.2717285752296448,0.47873377799987793,0.7004369981586933,0.16312380135059357,0.5373131968080997
4759,cpp,test,check,config,infrastructure,0.8003203203845001,0.8003203203845001,0.0,0.9285714285714286,0.9285714285714286,0.0,0.9081803157139022,0.9034144984777646,0.0047658172361376705,0.9319727891156462,0.9319727891156462,0.0,0.9855504631996155,0.9839162826538086,0.0016341805458068848,0.9561859369277954,0.001980002736672759,0.9542059341911227,0.9547769614728168,0.0007845539366826415,0.9539924075361341
4905,cpp,error,exception,warning,diagnostic,0.8423626743789745,0.8423626743789745,0.0,0.875,0.875,0.0,0.8159924588042535,0.7986148862068273,0.017377572597426227,0.920940170940171,0.920940170940171,0.0,0.9892945289611816,0.9903830885887146,-0.001088559627532959,0.9961466789245605,0.4835486114025116,0.512598067522049,0.9956354376045056,0.48036615340970457,0.515269284194801
5032,cpp,functions,methods,variables,close_entity,0.9036020036098446,0.9036020036098446,0.0,0.9090909090909091,0.9090909090909091,0.0,0.8647767967267777,0.856411971380882,0.008364825345895666,0.9073691460055096,0.9163223140495868,-0.008953168044077198,0.9916514754295349,0.9864732623100281,0.005178213119506836,0.8769851922988892,0.11415105313062668,0.7628341391682625,0.8573479652404785,-0.4539265111088753,1.3112744763493538
5032,cpp,methods,functions,attributes,close_entity,0.7348889200874659,0.7348889200874659,0.0,0.9090909090909091,0.9090909090909091,0.0,0.8582139505481792,0.8554063195619074,0.002807630986271792,0.9139118457300276,0.9139118457300276,0.0,0.9904045462608337,0.9868672490119934,0.003537297248840332,0.7342880964279175,0.19357793033123016,0.5407101660966873,0.6571039333939552,-0.20784510672092438,0.8649490401148796
5400,cpp,methods,functions,attributes,close_entity,0.9121679090703875,0.9121679090703875,0.0,0.9166666666666666,0.9166666666666666,0.0,0.8933178686492937,0.890572742505353,0.002745126143940735,0.9228098290598291,0.9228098290598291,0.0,0.9909505844116211,0.9889052510261536,0.0020453333854675293,0.8531264662742615,0.7905802726745605,0.06254619359970093,0.8442733157426119,0.7731856480240822,0.0710876677185297
5971,cpp,tests,checks,configs,infrastructure,0.7910665071754353,0.7910665071754353,0.0,0.9090909090909091,0.9090909090909091,0.0,0.8793314680667025,0.8732259598411037,0.006105508225598744,0.8819444444444444,0.8819444444444444,0.0,0.9899871349334717,0.980309247970581,0.009677886962890625,0.9938679337501526,0.08215349912643433,0.9117144346237183,0.9926774463383481,-0.6914367079734802,1.6841141543118283
7572,cpp,warning,alert,error,diagnostic,0.7825422900366432,0.7825422900366432,0.0,0.9230769230769231,0.9230769230769231,0.0,0.7989903816651516,0.7954138404179875,0.003576541247164111,0.9268808114961962,0.9268808114961962,0.0,0.9883199334144592,0.9865484237670898,0.0017715096473693848,0.9939137101173401,0.917521595954895,0.07639211416244507,0.9922820122446865,0.8875860590487719,0.10469595319591463
8542,cpp,warnings,alerts,errors,diagnostic,0.4889230224349009,0.4889230224349009,0.0,0.8571428571428571,0.8571428571428571,0.0,0.7942666815801624,0.7906117070977337,0.0036549744824287966,0.8412698412698414,0.8412698412698414,0.0,0.9897149801254272,0.99072265625,-0.001007676124572754,0.9961215853691101,0.991626501083374,0.004495084285736084,0.9955581274116412,0.9906780751771294,0.0048800522345118225
8543,cpp,tests,checks,configs,infrastructure,0.7611606003349888,0.7611606003349888,0.0,0.9,0.9,0.0,0.8948759634135981,0.889483055484246,0.005392907929352098,0.920940170940171,0.920940170940171,0.0,0.9893009662628174,0.9782626628875732,0.01103830337524414,0.9734415411949158,0.3134068548679352,0.6600346863269806,0.9711684198118746,0.10271772742271423,0.8684506923891604
8982,cpp,class,type,module,close_entity,0.8003203203845001,0.8003203203845001,0.0,0.9166666666666666,0.9166666666666666,0.0,0.9074376115432982,0.904911361061052,0.002526250482246195,0.9319727891156462,0.9319727891156462,0.0,0.9913949966430664,0.9928103685379028,-0.0014153718948364258,0.9326584339141846,0.25152114033699036,0.6811372935771942,0.9262342238798738,-0.2965262830257416,1.2227605069056153
9122,cpp,warning,alert,error,diagnostic,0.5946035575013611,0.5946035575013611,0.0,0.8333333333333334,0.8333333333333334,0.0,0.7989903816651516,0.7954138404179875,0.003576541247164111,0.864795918367347,0.864795918367347,0.0,0.991406261920929,0.9886454343795776,0.0027608275413513184,0.9860504269599915,0.8333567380905151,0.15269368886947632,0.9837865023873746,0.8114043623209,0.17238214006647468
9196,cpp,log,trace,output,infrastructure,0.5969491792019644,0.5969491792019644,0.0,0.8333333333333334,0.8333333333333334,0.0,0.8229669749558637,0.8227006413982759,0.00026633355758776123,0.8819444444444444,0.8819444444444444,0.0,0.9793126583099365,0.9759067893028259,0.0034058690071105957,0.9692012071609497,0.9861816167831421,-0.016980409622192383,0.9621538165956736,0.98343555489555,-0.02128173829987645
9568,cpp,test,check,config,infrastructure,0.7506238537503396,0.7506238537503396,0.0,0.8571428571428571,0.8571428571428571,0.0,0.8288728156758335,0.8199166966759788,0.008956118999854712,0.8819444444444444,0.8819444444444444,0.0,0.9822720885276794,0.9766010046005249,0.005671083927154541,0.9954955577850342,0.1504686027765274,0.8450269550085068,0.9950107629701961,-0.4273766726255417,1.4223874355957378
9934,cpp,log,trace,output,infrastructure,0.7348889200874659,0.7348889200874659,0.0,0.8888888888888888,0.8888888888888888,0.0,0.9006084129199421,0.9002744897183966,0.00033392320154546073,0.8950617283950617,0.8950617283950617,0.0,0.9894837737083435,0.9883477687835693,0.00113600492477417,0.10208692401647568,0.1166471317410469,-0.014560207724571228,-0.5394882932305336,-0.4743078872561455,-0.06518040597438812
9952,cpp,class,type,module,close_entity,0.8578928092681438,0.8578928092681438,0.0,0.9444444444444444,0.9444444444444444,0.0,0.9119074494949635,0.909483319142708,0.002424130352255527,0.9494459833795015,0.9494459833795015,0.0,0.9764245748519897,0.9757676124572754,0.0006569623947143555,0.9814761281013489,0.7687558531761169,0.21272027492523193,0.9785789272282273,0.6461255550384521,0.3324533721897751
10964,cpp,functions,methods,variables,close_entity,0.6580370064762461,0.6580370064762461,0.0,0.875,0.875,0.0,0.8726335443715082,0.8660476013548966,0.0065859430166116395,0.8950617283950617,0.8950617283950617,0.0,0.9959007501602173,0.9900987148284912,0.005802035331726074,0.884324848651886,0.011337574571371078,0.8729872740805149,0.8249752633273602,-0.7928518690168858,1.617827132344246
11132,cpp,functions,methods,variables,close_entity,0.3799178428257963,0.3799178428257963,0.0,0.8333333333333334,0.8333333333333334,0.0,0.6811473486024768,0.667629300430861,0.013518048171615837,0.8066666666666668,0.8066666666666668,0.0,0.9876530766487122,0.9832552671432495,0.0043978095054626465,0.9909316301345825,0.289456844329834,0.7014747858047485,0.9878912589047104,-0.28566092252731323,1.2735521814320236
11339,cpp,class,type,module,close_entity,0.30213753973567675,0.30213753973567675,0.0,0.8000000000000002,0.8000000000000002,0.0,0.8212264995463022,0.8171257602431126,0.00410073930318966,0.7500000000000001,0.7500000000000001,0.0,0.9796141386032104,0.9776709675788879,0.0019431710243225098,0.983722984790802,0.8473051190376282,0.13641786575317383,0.9797556637786329,0.725323386490345,0.2544322772882879
11466,cpp,method,function,attribute,close_entity,0.8003203203845001,0.8003203203845001,0.0,0.9,0.9,0.0,0.8333731624239686,0.833286268504001,8.68939199676344e-05,0.9319727891156462,0.9319727891156462,0.0,0.9950692653656006,0.9891294836997986,0.005939781665802002,0.5363073945045471,0.009981019422411919,0.5263263750821352,0.3458572030067444,-0.05692506767809391,0.4027822706848383
11466,cpp,import,include,export,directional,0.8003203203845001,0.8003203203845001,0.0,0.9,0.9,0.0,0.8498077877162507,0.9114232923185939,-0.06161550460234322,0.9319727891156462,0.9319727891156462,0.0,0.98592209815979,0.990519642829895,-0.0045975446701049805,0.8757833242416382,0.006549061741679907,0.8692342624999583,0.799245223402977,-0.965345083270222,1.764590306673199
12097,cpp,test,check,config,infrastructure,0.537284965911771,0.537284965911771,0.0,0.8333333333333334,0.8333333333333334,0.0,0.7496175604893281,0.7383966701746817,0.011220890314646459,0.8066666666666668,0.8066666666666668,0.0,0.9500998258590698,0.9356849193572998,0.01441490650177002,0.9731119871139526,0.008769501931965351,0.9643424851819873,0.9666061233729124,-0.8710535867139697,1.8376597100868821
12518,cpp,tests,checks,configs,infrastructure,0.7506238537503396,0.7506238537503396,0.0,0.8888888888888888,0.8888888888888888,0.0,0.8371821227797756,0.8292524859643079,0.007929636815467656,0.8819444444444444,0.8819444444444444,0.0,0.9901582598686218,0.9815720915794373,0.00858616828918457,0.9949560761451721,0.007648770231753588,0.9873073059134185,0.9940683778841048,-0.8314559417776763,1.8255243196617812
12541,cpp,classes,types,modules,close_entity,0.8003203203845001,0.8003203203845001,0.0,0.9,0.9,0.0,0.8866643023339775,0.8836052339250052,0.0030590684089722986,0.9319727891156462,0.9319727891156462,0.0,0.9942537546157837,0.9919178485870361,0.0023359060287475586,0.9089152812957764,0.01491924561560154,0.8939960356801748,0.8838404305279255,-0.8985109087079763,1.7823513392359018
13295,cpp,argument,parameter,keyword,close_entity,0.6606328636027612,0.6606328636027612,0.0,0.8000000000000002,0.8000000000000002,0.0,0.6574553203342106,0.6351372467172015,0.022318073617009104,0.7937500000000002,0.7937500000000002,0.0,0.9832136034965515,0.9794528484344482,0.0037607550621032715,0.9896182417869568,0.01985977217555046,0.9697584696114063,0.9856212525628507,-0.4659172184765339,1.4515384710393846
13505,cpp,function,method,variable,close_entity,0.7016879391277372,0.7016879391277372,0.0,0.8571428571428571,0.8571428571428571,0.0,0.7655231117079133,0.7546255269383461,0.010897584769567259,0.9054545454545455,0.9054545454545455,0.0,0.9788384437561035,0.97947096824646,-0.0006325244903564453,0.0032966481521725655,0.0007646465091966093,0.002532001642975956,-0.9506474984809756,-0.9566715574474074,0.006024058966431767
14324,cpp,test,check,config,infrastructure,0.8282477531331043,0.8282477531331043,0.0,0.9375,0.9375,0.0,0.8876391846069639,0.8819118377300987,0.005727346876865158,0.9402573529411764,0.9402573529411764,0.0,0.9862157702445984,0.9816999435424805,0.00451582670211792,0.905264675617218,0.056871213018894196,0.8483934625983238,0.9009833298623562,-0.5559553727507591,1.4569387026131153
14381,cpp,function,method,variable,close_entity,0.7910665071754353,0.7910665071754353,0.0,0.9166666666666666,0.9166666666666666,0.0,0.8213454399212599,0.8125564897206509,0.008788950200608991,0.920940170940171,0.920940170940171,0.0,0.9932032823562622,0.9872367978096008,0.005966484546661377,0.5440629124641418,0.0018895261455327272,0.5421733863186091,0.324161171913147,-0.8997185833286494,1.2238797552417964
15505,cpp,function,method,variable,close_entity,0.7611606003349888,0.7611606003349888,0.0,0.9090909090909091,0.9090909090909091,0.0,0.8306467150775076,0.8222383384782487,0.008408376599258971,0.920940170940171,0.920940170940171,0.0,0.9927725791931152,0.9864770770072937,0.006295502185821533,0.9384586811065674,0.027690477669239044,0.9107682034373283,0.9323116983287036,-0.055707380175590515,0.9880190785042942
15505,cpp,warning,alert,error,diagnostic,0.7611606003349888,0.7611606003349888,0.0,0.9090909090909091,0.9090909090909091,0.0,0.8478733158609701,0.8451230399500221,0.002750275910948008,0.920940170940171,0.920940170940171,0.0,0.9919251203536987,0.9894006252288818,0.0025244951248168945,0.9573258757591248,0.8899524211883545,0.06737345457077026,0.955460794037208,0.8874843111261725,0.06797648291103542
15695,cpp,error,exception,warning,diagnostic,0.7071067811865478,0.7071067811865478,0.0,0.875,0.875,0.0,0.8370416647514313,0.8218474620456806,0.01519420270575067,0.864795918367347,0.864795918367347,0.0,0.9856685400009155,0.9772953987121582,0.008373141288757324,0.9926750063896179,0.6778159737586975,0.3148590326309204,0.9909518760396168,0.6636200575158,0.32733181852381676
15777,cpp,functions,methods,variables,close_entity,0.8153551038173119,0.8153551038173119,0.0,0.9,0.9,0.0,0.8213454399212599,0.8125564897206509,0.008788950200608991,0.9363888888888889,0.9363888888888889,0.0,0.9946627616882324,0.986463189125061,0.008199572563171387,0.956247866153717,0.03529539331793785,0.9209524728357792,0.9459624132141471,-0.3060288764536381,1.2519912896677852
15930,cpp,functions,methods,variables,close_entity,0.8931539818068699,0.8931539818068699,0.0,0.9090909090909091,0.9090909090909091,0.0,0.8889024822095444,0.8818708134345542,0.007031668774990174,0.9086363636363638,0.9086363636363638,0.0,0.995288074016571,0.9874203205108643,0.007867753505706787,0.9524886012077332,0.032779354602098465,0.9197092466056347,0.9463855233043432,-0.14927565678954124,1.0956611800938845
16727,cpp,class,type,module,close_entity,0.8656030552541704,0.8656030552541704,0.0,0.9285714285714286,0.9285714285714286,0.0,0.9050280843535999,0.9024476215869377,0.0025804627666622393,0.9402573529411764,0.9402573529411764,0.0,0.9900631904602051,0.9935691356658936,-0.0035059452056884766,0.895808219909668,0.03473549336194992,0.861072726547718,0.8172021433711052,-0.8934919908642769,1.710694134235382
16815,cpp,error,exception,warning,diagnostic,0.7348889200874659,0.7348889200874659,0.0,0.875,0.875,0.0,0.8765603560090198,0.8653271611099691,0.011233194899050725,0.9139118457300276,0.9139118457300276,0.0,0.9906630516052246,0.9928745031356812,-0.002211451530456543,0.7251588106155396,0.58888179063797,0.13627701997756958,0.7005948852747679,0.5349190533161163,0.16567583195865154
18742,cpp,error,exception,warning,diagnostic,0.8371170098777919,0.8371170098777919,0.0,0.9230769230769231,0.9230769230769231,0.0,0.8963104331716093,0.8869898420990678,0.009320591072541462,0.9363888888888889,0.9363888888888889,0.0,0.9946612119674683,0.9952050447463989,-0.0005438327789306641,0.9878849387168884,0.9628897905349731,0.024995148181915283,0.9853731349576265,0.9612231936771423,0.0241499412804842
18767,cpp,functions,methods,variables,close_entity,0.8801117367933934,0.8801117367933934,0.0,0.9,0.9,0.0,0.8308616550724307,0.8207383488393815,0.010123306233049245,0.8993827160493828,0.8993827160493828,0.0,0.9898004531860352,0.9870933294296265,0.0027071237564086914,0.9765857458114624,0.10111828148365021,0.8754674643278122,0.9740445660427213,-0.5561086386442184,1.5301532046869397
19063,cpp,error,exception,warning,diagnostic,0.7071067811865478,0.7071067811865478,0.0,0.9,0.9,0.0,0.8059642828031646,0.7875283867580579,0.018435896045106648,0.8950617283950617,0.8950617283950617,0.0,0.9833852648735046,0.9792775511741638,0.00410771369934082,0.9648687839508057,0.9128760695457458,0.051992714405059814,0.9437407795339823,0.9084947993978858,0.03524598013609648
20204,cpp,method,function,attribute,close_entity,0.6434588841607617,0.6434588841607617,0.0,0.75,0.75,0.0,0.6750830991283864,0.6701309687514048,0.004952130376981612,0.8412698412698414,0.8412698412698414,0.0,0.9826110601425171,0.9710688591003418,0.011542201042175293,0.31952425837516785,0.005012692417949438,0.3145115659572184,-0.2899617850780487,-0.9457557187415659,0.6557939336635172
20290,cpp,functions,methods,variables,close_entity,0.5946035575013611,0.5946035575013611,0.0,0.8571428571428571,0.8571428571428571,0.0,0.7860930283912356,0.7759375421320381,0.010155486259197488,0.864795918367347,0.864795918367347,0.0,0.9858385324478149,0.9767996668815613,0.009038865566253662,0.9588213562965393,0.0009448803612031043,0.9578764759353362,0.950256273150444,-0.9603666387847625,1.9106229119352065
20349,cpp,test,check,config,infrastructure,0.4111336169005196,0.4111336169005196,0.0,0.8571428571428571,0.8571428571428571,0.0,0.8139593522978263,0.8050916637343073,0.00886768856351905,0.8412698412698414,0.8412698412698414,0.0,0.9677619338035583,0.9685813188552856,-0.0008193850517272949,0.9778562188148499,0.02658984251320362,0.9512663763016462,0.9758374476805329,-0.8714661281555891,1.847303575836122
20812,cpp,parameter,argument,constant,close_entity,0.537284965911771,0.537284965911771,0.0,0.8333333333333334,0.8333333333333334,0.0,0.7160877530042662,0.6943828056076957,0.021704947396570473,0.8066666666666668,0.8066666666666668,0.0,0.9826551675796509,0.9635735750198364,0.019081592559814453,0.6879954934120178,0.042174819856882095,0.6458206735551357,0.4165167212486267,-0.8838769160211086,1.3003936372697353
20829,cpp,function,method,variable,close_entity,0.3799178428257963,0.3799178428257963,0.0,0.8333333333333334,0.8333333333333334,0.0,0.6811473486024768,0.667629300430861,0.013518048171615837,0.8066666666666668,0.8066666666666668,0.0,0.990511417388916,0.9791564345359802,0.011354982852935791,0.9771685600280762,0.1076897382736206,0.8694788217544556,0.9696169681847095,-0.6458308696746826,1.6154478378593922
21522,cpp,method,function,attribute,close_entity,0.7825422900366438,0.7825422900366438,0.0,0.875,0.875,0.0,0.8266217832755516,0.8265550703277323,6.671294781923631e-05,0.8950617283950617,0.8950617283950617,0.0,0.9920623302459717,0.9866428375244141,0.005419492721557617,0.6971683502197266,0.03442187234759331,0.6627464778721333,0.6258290410041809,-0.46780215576291084,1.0936311967670918
22549,cpp,function,method,variable,close_entity,0.7825422900366432,0.7825422900366432,0.0,0.9166666666666666,0.9166666666666666,0.0,0.8276558903436104,0.8191242267598046,0.00853166358380586,0.9268808114961962,0.9268808114961962,0.0,0.9967248439788818,0.9929547309875488,0.003770112991333008,0.9473536610603333,0.03977080062031746,0.9075828604400158,0.9420295818708837,-0.29819480702281,1.2402243888936937
22549,cpp,tests,checks,configs,infrastructure,0.855526185871245,0.855526185871245,0.0,0.9166666666666666,0.9166666666666666,0.0,0.8856714604260474,0.8798539872903877,0.005817473135659723,0.9268808114961962,0.9268808114961962,0.0,0.9883553981781006,0.9817014336585999,0.006653964519500732,0.9919067621231079,0.11992805451154709,0.8719787076115608,0.9897639227565378,-0.5277996137738228,1.5175635365303606
22838,cpp,warning,alert,error,diagnostic,0.5000000000000001,0.5000000000000001,0.0,0.875,0.875,0.0,0.7604867414966034,0.7562779797066953,0.004208761789908144,0.864795918367347,0.864795918367347,0.0,0.9881402254104614,0.9871423244476318,0.0009979009628295898,0.9969468712806702,0.9821641445159912,0.014782726764678955,0.9964091349975206,0.9796437069308013,0.016765428066719323
22999,cpp,errors,exceptions,warnings,diagnostic,0.8408964152537145,0.8408964152537145,0.0,0.8571428571428571,0.8571428571428571,0.0,0.8295129505380382,0.8084864926194597,0.02102645791857849,0.8737244897959183,0.8737244897959183,0.0,0.9880037307739258,0.98810875415802,-0.00010502338409423828,0.8916722536087036,0.2481873333454132,0.6434849202632904,0.8726563956588507,0.16012778133153915,0.7125286143273115
23647,cpp,input,entry,output,directional,0.9253911813809742,0.9253911813809742,0.0,0.9166666666666666,0.9166666666666666,0.0,0.8968991374312942,0.9070983415930375,-0.010199204161743247,0.9228098290598291,0.9228098290598291,0.0,0.9835439920425415,0.9906538724899292,-0.007109880447387695,0.904226541519165,0.14342886209487915,0.7607976794242859,0.860200896859169,-0.6886129379272461,1.548813834786415
23691,cpp,log,trace,output,infrastructure,0.6434588841607617,0.6434588841607617,0.0,0.8571428571428571,0.8571428571428571,0.0,0.7916191083235903,0.791465317873293,0.00015379045029728644,0.8412698412698414,0.8412698412698414,0.0,0.9843562245368958,0.9797043800354004,0.004651844501495361,0.6311708688735962,0.46563565731048584,0.16553521156311035,0.40360942482948303,0.03368252515792847,0.36992689967155457
24154,cpp,tests,checks,configs,infrastructure,0.82651681837938,0.82651681837938,0.0,0.9090909090909091,0.9090909090909091,0.0,0.8846544048687519,0.878636258411222,0.00601814645752996,0.9139118457300276,0.9139118457300276,0.0,0.9851944446563721,0.9777565598487854,0.00743788480758667,0.9932562112808228,0.03907791152596474,0.954178299754858,0.9916299474425614,-0.876806166023016,1.8684361134655774
24250,cpp,import,include,export,directional,0.4111336169005196,0.4111336169005196,0.0,0.8571428571428571,0.8571428571428571,0.0,0.7875612485327705,0.8742437764883584,-0.08668252795558784,0.8412698412698414,0.7301587301587302,0.11111111111111116,0.9512075185775757,0.9838918447494507,-0.032684326171875,0.8324429988861084,0.014848999679088593,0.8175939992070198,0.7019713371992111,-0.9326337054371834,1.6346050426363945
24670,cpp,log,trace,output,infrastructure,0.5946035575013611,0.5946035575013611,0.0,0.875,0.875,0.0,0.8540470322465807,0.8496976445039782,0.004349387742602517,0.864795918367347,0.864795918367347,0.0,0.9842193722724915,0.9858007431030273,-0.0015813708305358887,0.5525694489479065,0.27983126044273376,0.27273818850517273,0.16658833622932434,-0.25909116864204407,0.4256795048713684
25123,cpp,test,check,config,infrastructure,0.8408964152537145,0.8408964152537145,0.0,0.8571428571428571,0.8571428571428571,0.0,0.8895617578356666,0.8805032989974926,0.009058458838174022,0.8737244897959183,0.8737244897959183,0.0,0.9855285286903381,0.974147379398346,0.011381149291992188,0.9679700136184692,0.20644822716712952,0.7615217864513397,0.9663806663593277,0.18169011548161507,0.7846905508777127
26407,cpp,test,check,config,infrastructure,0.9025139799587889,0.9025139799587889,0.0,0.9583333333333334,0.9583333333333334,0.0,0.9214357281999821,0.9173105274469749,0.004125200753007152,0.9640897511267882,0.9640897511267882,0.0,0.993204653263092,0.9895963072776794,0.0036083459854125977,0.9457464218139648,0.026232071220874786,0.9195143505930901,0.9410721734166145,0.0017972923815250397,0.9392748810350895
26479,cpp,arguments,parameters,keywords,close_entity,0.7419446627365011,0.7419446627365011,0.0,0.9090909090909091,0.9090909090909091,0.0,0.8386484253228015,0.8307257977298886,0.007922627592912845,0.9054545454545455,0.9054545454545455,0.0,0.9942072629928589,0.9866669774055481,0.007540285587310791,0.9880763292312622,0.0355268232524395,0.9525495059788227,0.9874212049762718,-0.38352643325924873,1.3709476382355206
26872,cpp,comments,notes,commands,infrastructure,0.6606328636027612,0.6606328636027612,0.0,0.8571428571428571,0.8571428571428571,0.0,0.7791586409754995,0.8589513726227461,-0.07979273164724665,0.8819444444444444,0.8819444444444444,0.0,0.9856305122375488,0.9582286477088928,0.027401864528656006,0.46089205145835876,0.05682472512125969,0.4040673263370991,0.06143304705619812,-0.6489802785217762,0.7104133255779743
27213,cpp,warning,alert,error,diagnostic,0.8408964152537145,0.8408964152537145,0.0,0.8000000000000002,0.8000000000000002,0.0,0.8254002822893036,0.8210824834412498,0.004317798848053833,0.8737244897959183,0.8737244897959183,0.0,0.9900710582733154,0.9911665916442871,-0.0010955333709716797,0.9737061262130737,0.7528715133666992,0.2208346128463745,0.969959412002936,0.7215668149292469,0.2483925970736891
27564,cpp,methods,functions,attributes,close_entity,0.8633400213704508,0.8633400213704508,0.0,0.8888888888888888,0.8888888888888888,0.0,0.8714360865432496,0.8682135129310194,0.0032225736122301063,0.8880208333333333,0.8880208333333333,0.0,0.99465012550354,0.9882088303565979,0.006441295146942139,0.9386507272720337,0.06817454844713211,0.8704761788249016,0.9341640425845981,-0.20081698149442673,1.1349810240790248
28054,cpp,error,exception,warning,diagnostic,0.8003203203845001,0.8003203203845001,0.0,0.8888888888888888,0.8888888888888888,0.0,0.8648576591146815,0.852470174597346,0.012387484517335512,0.9319727891156462,0.9319727891156462,0.0,0.9923986196517944,0.9928368330001831,-0.0004382133483886719,0.9400461316108704,0.5424716472625732,0.3975744843482971,0.9315308062359691,0.5353706814348698,0.3961601248010993
28246,cpp,import,include,export,directional,0.5000000000000001,0.5000000000000001,0.0,0.8333333333333334,0.8333333333333334,0.0,0.7815207769836321,0.8706212142744651,-0.08910043729083306,0.864795918367347,0.864795918367347,0.0,0.9630404710769653,0.9786865711212158,-0.01564610004425049,0.640002429485321,0.00045993589446879923,0.6395424935908522,0.3317679762840271,-0.9953559968562331,1.3271239731402602
28525,cpp,warning,alert,error,diagnostic,0.3799178428257963,0.3799178428257963,0.0,0.8333333333333334,0.8333333333333334,0.0,0.6431715966704317,0.6371329039383794,0.006038692732052264,0.8066666666666668,0.8066666666666668,0.0,0.9854263067245483,0.982447624206543,0.002978682518005371,0.9971008896827698,0.902350664138794,0.09475022554397583,0.9966404917940963,0.8584690019488335,0.13817148984526284
28635,cpp,test,check,config,infrastructure,0.537284965911771,0.537284965911771,0.0,0.75,0.75,0.0,0.7828445377796353,0.7694346269561134,0.013409910823521831,0.8066666666666668,0.8066666666666668,0.0,0.9793972373008728,0.9571416974067688,0.022255539894104004,0.9189146161079407,0.08221141248941422,0.8367032036185265,0.8990375380963087,-0.5192966088652611,1.4183341469615698
28981,cpp,warning,alert,error,diagnostic,0.5000000000000001,0.5000000000000001,0.0,0.8571428571428571,0.8571428571428571,0.0,0.7989903816651516,0.7954138404179875,0.003576541247164111,0.864795918367347,0.864795918367347,0.0,0.9926494359970093,0.9911144971847534,0.0015349388122558594,0.9800652861595154,0.9718932509422302,0.008172035217285156,0.9738625683821738,0.9673719736747444,0.006490594707429409
29188,cpp,comments,notes,commands,infrastructure,0.6580370064762461,0.6580370064762461,0.0,0.8888888888888888,0.8888888888888888,0.0,0.8141094434081466,0.8810100906880912,-0.0669006472799446,0.8950617283950617,0.8950617283950617,0.0,0.9805409908294678,0.9742350578308105,0.0063059329986572266,0.901759684085846,0.16722306609153748,0.7345366179943085,0.8672651164233685,-0.35337427258491516,1.2206393890082836
30122,cpp,warning,alert,error,diagnostic,0.7071067811865478,0.7071067811865478,0.0,0.875,0.875,0.0,0.7841193285367322,0.7802966938992683,0.0038226346374639064,0.8950617283950617,0.8950617283950617,0.0,0.9890441298484802,0.9837731122970581,0.005271017551422119,0.9769750833511353,0.732597291469574,0.24437779188156128,0.9637845922261477,0.5525736063718796,0.4112109858542681
30253,cpp,error,exception,warning,diagnostic,0.4272870063962342,0.4272870063962342,0.0,0.75,0.75,0.0,0.8111116081944314,0.7932204011312707,0.01789120706316072,0.7500000000000001,0.7500000000000001,0.0,0.9882701635360718,0.9879724979400635,0.0002976655960083008,0.9896104335784912,0.9838196635246277,0.005790770053863525,0.9883642552886158,0.9831217478495091,0.005242507439106703
30771,cpp,function,method,variable,close_entity,0.8633400213704508,0.8633400213704508,0.0,0.8888888888888888,0.8888888888888888,0.0,0.7976371815918484,0.7846137533444035,0.013023428247444846,0.8880208333333333,0.8654513888888888,0.02256944444444442,0.9890433549880981,0.9757197499275208,0.013323605060577393,0.60137540102005,0.11473351716995239,0.48664188385009766,0.5089255571365356,-0.36221766471862793,0.8711432218551636
30778,cpp,functions,methods,variables,close_entity,0.6580370064762461,0.6580370064762461,0.0,0.875,0.875,0.0,0.8934784386498943,0.8878610721997182,0.005617366450176076,0.8950617283950617,0.8950617283950617,0.0,0.9967135787010193,0.9892511367797852,0.007462441921234131,0.9853320717811584,0.2699195146560669,0.7154125571250916,0.9817721934523433,0.1055341511964798,0.8762380422558635
30795,cpp,comments,notes,commands,infrastructure,0.8070557274927979,0.8070557274927979,0.0,0.8888888888888888,0.8888888888888888,0.0,0.8293928806293338,0.8970614260532015,-0.06766854542386769,0.9054545454545455,0.9054545454545455,0.0,0.9862431287765503,0.9796217083930969,0.006621420383453369,0.9170790910720825,0.1875973790884018,0.7294817119836807,0.8986806068569422,-0.016314208507537842,0.91499481536448
31601,cpp,function,method,variable,close_entity,0.7611606003349888,0.7611606003349888,0.0,0.9090909090909091,0.9090909090909091,0.0,0.8306467150775076,0.8222383384782487,0.008408376599258971,0.8819444444444444,0.8819444444444444,0.0,0.9943972826004028,0.9819328784942627,0.012464404106140137,0.886867105960846,0.46162810921669006,0.4252389967441559,0.8661302011460066,0.36484605073928833,0.5012841504067183
31607,cpp,log,trace,output,infrastructure,0.6434588841607617,0.6434588841607617,0.0,0.8571428571428571,0.8571428571428571,0.0,0.8116351725648474,0.811403756988328,0.00023141557651940037,0.8412698412698414,0.8412698412698414,0.0,0.9796420335769653,0.9806686639785767,-0.0010266304016113281,0.0042953998781740665,0.042715884745121,-0.038420484866946936,-0.9389966814778745,-0.7838970646262169,-0.15509961685165763
31756,cpp,input,entry,output,directional,0.8423626743789745,0.8423626743789745,0.0,0.8888888888888888,0.8888888888888888,0.0,0.8809973639050552,0.9016530400479277,-0.020655676142872448,0.920940170940171,0.920940170940171,0.0,0.9906761646270752,0.9909158945083618,-0.0002397298812866211,0.9776167869567871,0.0077763632871210575,0.969840423669666,0.9738141617272049,-0.9137915535829961,1.887605715310201
31772,cpp,methods,functions,attributes,close_entity,0.8931539818068699,0.8931539818068699,0.0,0.8888888888888888,0.8888888888888888,0.0,0.8881253085484433,0.8852642493264746,0.002861059221968665,0.9086363636363638,0.9086363636363638,0.0,0.9941226840019226,0.9869272112846375,0.007195472717285156,0.9695858955383301,0.6666136980056763,0.3029721975326538,0.9641605019569397,0.6498055048286915,0.3143549971282482
31984,cpp,error,exception,warning,diagnostic,0.8656030552541704,0.8656030552541704,0.0,0.9375,0.9375,0.0,0.9239557514667766,0.9172380454893982,0.006717705977378308,0.9467186484730344,0.9467186484730344,0.0,0.9886769652366638,0.9954035878181458,-0.006726622581481934,0.9413749575614929,0.9057134985923767,0.03566145896911621,0.9347657049074769,0.9018066856078804,0.03295901929959655
32361,cpp,parameter,argument,constant,close_entity,0.8394327083733333,0.8394327083733333,0.0,0.9,0.9,0.0,0.8001747362557146,0.7845679231982154,0.015606813057499114,0.9139118457300276,0.9139118457300276,0.0,0.9955451488494873,0.9865407943725586,0.009004354476928711,0.9848408102989197,0.8984408974647522,0.08639991283416748,0.9833824805682525,0.874862652271986,0.1085198282962665
32604,cpp,warnings,alerts,errors,diagnostic,0.8408964152537145,0.8408964152537145,0.0,0.8333333333333334,0.8333333333333334,0.0,0.8303907989074394,0.8266538736639216,0.0037369252435177636,0.8300000000000002,0.8300000000000002,0.0,0.9942024350166321,0.9926936626434326,0.0015087723731994629,0.9664040207862854,0.8122945427894592,0.15410947799682617,0.9575638137757778,0.7876643128693104,0.16989950090646744
34070,cpp,log,trace,output,infrastructure,0.7611606003349888,0.7611606003349888,0.0,0.9166666666666666,0.9166666666666666,0.0,0.8953136349463461,0.8978191097938949,-0.0025054748475488164,0.920940170940171,0.920940170940171,0.0,0.9868376851081848,0.9898659586906433,-0.003028273582458496,0.7274152636528015,0.8108600974082947,-0.08344483375549316,0.7058571837842464,0.7662883773446083,-0.06043119356036186
34438,cpp,parameters,arguments,constants,close_entity,0.8843865924896839,0.8843865924896839,0.0,0.9444444444444444,0.9444444444444444,0.0,0.925893406951427,0.9199153320445013,0.005978074906925701,0.9580182734719597,0.9580182734719597,0.0,0.9982671737670898,0.9937731027603149,0.004494071006774902,0.9180230498313904,0.32871460914611816,0.5893084406852722,0.8862208388745785,-0.28067660331726074,1.1668974421918392
35061,cpp,parameters,arguments,constants,close_entity,0.9036020036098446,0.9036020036098446,0.0,0.9,0.9,0.0,0.8399499011831193,0.8249066013638907,0.015043299819228584,0.9163223140495868,0.9163223140495868,0.0,0.9907069802284241,0.9889479875564575,0.0017589926719665527,0.8172507882118225,0.026942988857626915,0.7903077993541956,0.7512555569410324,-0.6824392471462488,1.4336948040872812
35088,cpp,argument,parameter,keyword,close_entity,0.8806626677278208,0.8806626677278208,0.0,0.9444444444444444,0.9444444444444444,0.0,0.9118114871792529,0.907629798738608,0.004181688440644815,0.9519047619047619,0.9519047619047619,0.0,0.9975059628486633,0.992828369140625,0.00467759370803833,0.969048023223877,0.8484559655189514,0.12059205770492554,0.967998770182021,0.8227713592350483,0.14522741094697267
35173,cpp,log,trace,output,infrastructure,0.7825422900366438,0.7825422900366438,0.0,0.875,0.875,0.0,0.853745139192429,0.8534164860056898,0.00032865318673924726,0.8950617283950617,0.8950617283950617,0.0,0.9857741594314575,0.9896590709686279,-0.00388491153717041,0.04102573171257973,0.021476203575730324,0.019549528136849403,-0.894853975623846,-0.9044218715280294,0.009567895904183388
35191,cpp,logs,traces,outputs,infrastructure,0.30213753973567675,0.30213753973567675,0.0,0.8000000000000002,0.8000000000000002,0.0,0.8174772089971464,0.8172269808926624,0.0002502281044839405,0.7500000000000001,0.7500000000000001,0.0,0.9671210646629333,0.9763384461402893,-0.009217381477355957,0.24258100986480713,0.03893561288714409,0.20364539697766304,-0.25884050130844116,-0.8095365054905415,0.5506960041821003
35623,cpp,function,method,variable,close_entity,0.82651681837938,0.82651681837938,0.0,0.9090909090909091,0.9090909090909091,0.0,0.8889024822095444,0.8818708134345542,0.007031668774990174,0.9139118457300276,0.9139118457300276,0.0,0.9941849708557129,0.9887771606445312,0.005407810211181641,0.812378466129303,0.0008736128802411258,0.8115048532490619,0.8021022956818342,-0.8583896880154498,1.660491983697284
36449,cpp,test,check,config,infrastructure,0.4889230224349009,0.4889230224349009,0.0,0.8571428571428571,0.8571428571428571,0.0,0.8139593522978263,0.8050916637343073,0.00886768856351905,0.8412698412698414,0.8412698412698414,0.0,0.9723421335220337,0.9756332635879517,-0.0032911300659179688,0.9731936454772949,0.061024587601423264,0.9121690578758717,0.9678164990618825,-0.7123439498245716,1.680160448886454
36728,cpp,tests,checks,configs,infrastructure,0.9193227152249175,0.9193227152249175,0.0,0.9166666666666666,0.9166666666666666,0.0,0.9089988711737957,0.902668994940463,0.0063298762333326986,0.9163223140495868,0.9163223140495868,0.0,0.9901264905929565,0.9833312630653381,0.006795227527618408,0.9108390212059021,0.1584765613079071,0.752362459897995,0.9026549560949206,-0.1024298369884491,1.0050847930833697
39004,cpp,function,method,variable,close_entity,0.8003203203845001,0.8003203203845001,0.0,0.9285714285714286,0.9285714285714286,0.0,0.8535215966031573,0.8460848512610165,0.0074367453421407825,0.9319727891156462,0.9319727891156462,0.0,0.9957436919212341,0.9889693260192871,0.0067743659019470215,0.9822458028793335,0.5400102138519287,0.4422355890274048,0.9803258817410097,0.4144003689289093,0.5659255128121004
40002,cpp,functions,methods,variables,close_entity,0.7071067811865478,0.7071067811865478,0.0,0.9,0.9,0.0,0.8335354292762279,0.8252469531319148,0.008288476144313162,0.8950617283950617,0.8950617283950617,0.0,0.9902375936508179,0.9744572639465332,0.015780329704284668,0.9815308451652527,0.048277195543050766,0.9332536496222019,0.9773488398641348,-0.6955060996115208,1.6728549394756556
40188,cpp,log,trace,output,infrastructure,0.8633400213704508,0.8633400213704508,0.0,0.875,0.875,0.0,0.9101082413093166,0.905323034276437,0.004785207032879546,0.8880208333333333,0.8880208333333333,0.0,0.9732732176780701,0.9758776426315308,-0.0026044249534606934,0.9277816414833069,0.7411599159240723,0.18662172555923462,0.8849484324455261,0.572654515504837,0.3122939169406891
40593,cpp,test,check,config,infrastructure,0.8931539818068699,0.8931539818068699,0.0,0.8333333333333334,0.8333333333333334,0.0,0.8533147044491927,0.8417016491247351,0.011613055324457555,0.8551587301587302,0.8551587301587302,0.0,0.9874962568283081,0.9839907288551331,0.003505527973175049,0.9131346940994263,0.04826822504401207,0.8648664690554142,0.9022929668426514,-0.21726450696587563,1.119557473808527
41304,cpp,log,trace,output,infrastructure,0.7419446627365011,0.7419446627365011,0.0,0.9,0.9,0.0,0.8500212653750279,0.8496976445039782,0.00032362087104964576,0.9054545454545455,0.9054545454545455,0.0,0.9869980216026306,0.9833519458770752,0.00364607572555542,0.6307490468025208,0.7508680820465088,-0.12011903524398804,0.37654414772987366,0.6124072372913361,-0.2358630895614624
41553,cpp,functions,methods,variables,close_entity,0.7598356856515927,0.7598356856515927,0.0,0.75,0.75,0.0,0.6982822867908205,0.6825676813607848,0.015714605430035666,0.8300000000000002,0.8300000000000002,0.0,0.9918060302734375,0.9853991866111755,0.006406843662261963,0.9736067056655884,0.06734886765480042,0.906257838010788,0.9640192929655313,-0.5739619433879852,1.5379812363535166
41715,cpp,error,exception,warning,diagnostic,0.4889230224349009,0.4889230224349009,0.0,0.8333333333333334,0.8333333333333334,0.0,0.760199350036322,0.7367837445356848,0.02341560550063715,0.8412698412698414,0.8412698412698414,0.0,0.983046293258667,0.9866567850112915,-0.0036104917526245117,0.9836201667785645,0.9661563634872437,0.0174638032913208,0.9812817533966154,0.9650056608952582,0.016276092501357198
41830,cpp,error,exception,warning,diagnostic,0.6606328636027612,0.6606328636027612,0.0,0.875,0.875,0.0,0.8537649193135747,0.8402688189484688,0.013496100365105845,0.8819444444444444,0.8819444444444444,0.0,0.9874139428138733,0.986415684223175,0.0009982585906982422,0.7964102029800415,0.13435813784599304,0.6620520651340485,0.6321762055158615,-0.5403915345668793,1.1725677400827408
42105,cpp,function,method,variable,close_entity,0.7348889200874659,0.7348889200874659,0.0,0.9166666666666666,0.9166666666666666,0.0,0.8618160229817114,0.8547441498814717,0.007071873100239712,0.9139118457300276,0.9139118457300276,0.0,0.9970616698265076,0.9916443824768066,0.005417287349700928,0.983468770980835,0.4653099775314331,0.5181587934494019,0.9817210398614407,0.4475705064833164,0.5341505333781242
42693,cpp,functions,methods,variables,close_entity,0.8153551038173119,0.8153551038173119,0.0,0.9285714285714286,0.9285714285714286,0.0,0.8335354292762279,0.8252469531319148,0.008288476144313162,0.9363888888888889,0.9363888888888889,0.0,0.9935301542282104,0.9924271106719971,0.001103043556213379,0.8827877044677734,0.24343912303447723,0.6393485814332962,0.7962757274508476,-0.10299278795719147,0.8992685154080391
42768,cpp,method,function,attribute,close_entity,0.5000000000000001,0.5000000000000001,0.0,0.875,0.875,0.0,0.7083731690791859,0.7036867402175581,0.004686428861627845,0.864795918367347,0.864795918367347,0.0,0.9931018352508545,0.9869617223739624,0.00614011287689209,0.9229210019111633,0.5954310894012451,0.3274899125099182,0.8951282203197479,0.4158869832754135,0.4792412370443344
43348,cpp,functions,methods,variables,close_entity,0.9210589320522861,0.9210589320522861,0.0,0.9500000000000001,0.9500000000000001,0.0,0.9354737702758701,0.9315333073708478,0.003940462905022257,0.9494459833795015,0.9494459833795015,0.0,0.9976252913475037,0.9940738081932068,0.003551483154296875,0.6495847702026367,0.004887217655777931,0.6446975525468588,0.6194309815764427,-0.030620591714978218,0.6500515732914209
43762,cpp,test,check,config,infrastructure,0.8492326635760686,0.8492326635760686,0.0,0.9285714285714286,0.9285714285714286,0.0,0.9291103889382533,0.9253633449077021,0.00374704403055115,0.9054545454545455,0.9054545454545455,0.0,0.9959839582443237,0.9883717894554138,0.007612168788909912,0.9743471741676331,0.058805182576179504,0.9155419915914536,0.9698083018884063,0.05440702009946108,0.9154012817889452
742,cs,input,entry,output,directional,0.7348889200874659,0.7348889200874659,0.0,0.9166666666666666,0.9166666666666666,0.0,0.8823907687580196,0.9229993769370931,-0.040608608179073524,0.9139118457300276,0.9139118457300276,0.0,0.9867838621139526,0.9890612959861755,-0.0022774338722229004,0.9598053097724915,0.5495109558105469,0.4102943539619446,0.9523383262567222,0.19114726781845093,0.7611910584382713
1999,cs,methods,functions,attributes,close_entity,0.8070557274927979,0.8070557274927979,0.0,0.9090909090909091,0.9090909090909091,0.0,0.836555265306882,0.8334069971123033,0.003148268194578696,0.9054545454545455,0.9054545454545455,0.0,0.9916133284568787,0.9867785573005676,0.004834771156311035,0.9656858444213867,0.2837999761104584,0.6818858683109283,0.9623975853901356,-0.044468820095062256,1.006866405485198
2656,cs,error,exception,warning,diagnostic,0.7016879391277372,0.7016879391277372,0.0,0.9090909090909091,0.9090909090909091,0.0,0.8786616462447462,0.8676340534013676,0.01102759284337862,0.9054545454545455,0.9054545454545455,0.0,0.9868113994598389,0.9885904788970947,-0.0017790794372558594,0.9932685494422913,0.9806962609291077,0.012572288513183594,0.9924654319765978,0.9800315268221311,0.012433905154466629
2901,cs,methods,functions,attributes,close_entity,0.8423626743789745,0.8423626743789745,0.0,0.9090909090909091,0.9090909090909091,0.0,0.8558260452123987,0.8529797132203951,0.00284633199200357,0.920940170940171,0.920940170940171,0.0,0.9923248291015625,0.9882045388221741,0.004120290279388428,0.9510842561721802,0.065932497382164,0.8851517587900162,0.9287387989461422,-0.5694320946931839,1.498170893639326
2971,cs,function,method,variable,close_entity,0.8633400213704508,0.8633400213704508,0.0,0.8571428571428571,0.8571428571428571,0.0,0.7976371815918484,0.7846137533444035,0.013023428247444846,0.8880208333333333,0.8880208333333333,0.0,0.9937878251075745,0.9872583746910095,0.006529450416564941,0.941239595413208,0.553298830986023,0.38794076442718506,0.9396380294347182,0.5438378369435668,0.3958001924911514
3130,cs,bug,issue,feature,diagnostic,0.7016879391277372,0.7016879391277372,0.0,0.8571428571428571,0.8571428571428571,0.0,0.8643346901554462,0.856357401741529,0.007977288413917205,0.9054545454545455,0.9054545454545455,0.0,0.9912707805633545,0.9860491156578064,0.005221664905548096,0.9802409410476685,0.000872926670126617,0.9793680143775418,0.9783676244551316,-0.98826901440043,1.9666366388555616
3130,cs,test,check,config,infrastructure,0.7419446627365011,0.7419446627365011,0.0,0.8571428571428571,0.8571428571428571,0.0,0.8449229507866814,0.837316535254893,0.007606415531788424,0.9054545454545455,0.9054545454545455,0.0,0.9892090559005737,0.9862101078033447,0.002998948097229004,0.9818046689033508,0.0070304046384990215,0.9747742642648518,0.9778236038982868,-0.9068961967714131,1.8847198006697
3493,cs,error,exception,warning,diagnostic,0.6606328636027612,0.6606328636027612,0.0,0.8888888888888888,0.8888888888888888,0.0,0.9117168549908314,0.9038574772236868,0.007859377767144626,0.8819444444444444,0.8819444444444444,0.0,0.9892677068710327,0.9877296686172485,0.0015380382537841797,0.9797077775001526,0.8543065786361694,0.12540119886398315,0.9786750687053427,0.8493260564282537,0.12934901227708906
4401,cs,method,function,attribute,close_entity,0.641386525898168,0.641386525898168,0.0,0.8666666666666667,0.8666666666666667,0.0,0.8365726907731684,0.8334087854463726,0.0031639053267957795,0.8706951530612245,0.8706951530612245,0.0,0.9930357933044434,0.9850220680236816,0.008013725280761719,0.6030895709991455,0.03529486432671547,0.56779470667243,0.29964521527290344,-0.8100309036672115,1.109676118940115
4647,cs,test,check,config,infrastructure,0.7825422900366438,0.7825422900366438,0.0,0.8888888888888888,0.8888888888888888,0.0,0.8330140186708261,0.8249125277961266,0.00810149087469958,0.8950617283950617,0.8950617283950617,0.0,0.9887266755104065,0.981511116027832,0.007215559482574463,0.9181060194969177,0.11602256447076797,0.8020834550261497,0.8655547052621841,-0.4777900204062462,1.3433447256684303
5384,cs,test,check,config,infrastructure,0.7825422900366432,0.7825422900366432,0.0,0.9166666666666666,0.9166666666666666,0.0,0.8931556513642203,0.8876828167075523,0.005472834656667924,0.9268808114961962,0.9268808114961962,0.0,0.9853962063789368,0.9884588718414307,-0.0030626654624938965,0.8442181944847107,0.009991796687245369,0.8342263977974653,0.8076663613319397,-0.5527236741036177,1.3603900354355574
5469,cs,method,function,attribute,close_entity,0.7348889200874659,0.7348889200874659,0.0,0.9090909090909091,0.9090909090909091,0.0,0.8582139505481792,0.8554063195619074,0.002807630986271792,0.9139118457300276,0.9139118457300276,0.0,0.9876262545585632,0.9825787544250488,0.005047500133514404,0.9684992432594299,0.624503493309021,0.34399574995040894,0.961250021122396,0.40964773297309875,0.5516022881492972
5469,cs,class,type,module,close_entity,0.7691605673134587,0.7691605673134587,0.0,0.9090909090909091,0.9090909090909091,0.0,0.8780381682106689,0.8748905342640825,0.003147633946586459,0.9139118457300276,0.9139118457300276,0.0,0.9790880680084229,0.9854593873023987,-0.00637131929397583,0.8019923567771912,0.5469633936882019,0.25502896308898926,0.7277308851480484,0.3465513736009598,0.3811795115470886
6059,cs,method,function,attribute,close_entity,0.6606328636027612,0.6606328636027612,0.0,0.8888888888888888,0.8888888888888888,0.0,0.8070765694131673,0.8035021810587258,0.00357438835444146,0.8819444444444444,0.8819444444444444,0.0,0.9911072850227356,0.981794536113739,0.009312748908996582,0.8800638318061829,0.013727983459830284,0.8663358483463526,0.8008139282464981,-0.8407177124172449,1.641531640663743
8050,cs,comment,note,command,infrastructure,0.8931539818068699,0.8931539818068699,0.0,0.9,0.9,0.0,0.8683617721344468,0.9360308198447947,-0.06766904771034798,0.9086363636363638,0.9086363636363638,0.0,0.9880350828170776,0.9798651337623596,0.008169949054718018,0.9297351837158203,0.47971194982528687,0.45002323389053345,0.906979126855731,0.44349775090813637,0.46348137594759464
8251,cs,functions,methods,variables,close_entity,0.8578928092681438,0.8578928092681438,0.0,0.9375,0.9375,0.0,0.8911022614301367,0.8853723383875692,0.005729923042567475,0.9494459833795015,0.9494459833795015,0.0,0.9957960844039917,0.9932430982589722,0.0025529861450195312,0.933295488357544,0.02614789642393589,0.907147591933608,0.9313554486725479,0.02095345174893737,0.9104019969236106
8527,cs,error,exception,warning,diagnostic,0.7016879391277372,0.7016879391277372,0.0,0.8888888888888888,0.8888888888888888,0.0,0.8697954977731931,0.8578969652366311,0.011898532536562034,0.9054545454545455,0.9054545454545455,0.0,0.9908280968666077,0.9902952909469604,0.0005328059196472168,0.9676694273948669,0.6852911710739136,0.28237825632095337,0.9622054053470492,0.544980525970459,0.41722487937659025
8543,cs,test,check,config,infrastructure,0.8801117367933934,0.8801117367933934,0.0,0.8571428571428571,0.8571428571428571,0.0,0.9311124385500061,0.9252343583977618,0.005878080152244336,0.8993827160493828,0.8993827160493828,0.0,0.982319712638855,0.978273332118988,0.004046380519866943,0.9821527600288391,0.06444839388132095,0.9177043661475182,0.9788793800398707,-0.7862871512770653,1.765166531316936
8735,cs,input,entry,output,directional,0.7016879391277372,0.7016879391277372,0.0,0.9,0.9,0.0,0.8646015470053575,0.9113748832319459,-0.04677333622658841,0.9054545454545455,0.9054545454545455,0.0,0.9805383682250977,0.9798782467842102,0.0006601214408874512,0.9457065463066101,0.00046090089017525315,0.9452456454164349,0.937583863735199,-0.9903842429048382,1.9279681066400371
9374,cs,errors,exceptions,warnings,diagnostic,0.7825422900366432,0.7825422900366432,0.0,0.9230769230769231,0.9230769230769231,0.0,0.8567055617375398,0.8435047276967939,0.013200834040745901,0.9268808114961962,0.9268808114961962,0.0,0.9888966679573059,0.9829778075218201,0.00591886043548584,0.8564510941505432,0.3607169985771179,0.4957340955734253,0.8483820678666234,0.24491649121046066,0.6034655766561627
9802,cs,test,check,config,infrastructure,0.7419446627365011,0.7419446627365011,0.0,0.9,0.9,0.0,0.8770587966950614,0.8708509104696062,0.006207886225455206,0.9054545454545455,0.9054545454545455,0.0,0.9849807620048523,0.9799138307571411,0.005066931247711182,0.9641364216804504,0.015601392835378647,0.9485350288450718,0.9544521989300847,-0.9317066706717014,1.8861588696017861
9979,cs,test,check,config,infrastructure,0.7348889200874659,0.7348889200874659,0.0,0.9090909090909091,0.9090909090909091,0.0,0.8836335325001058,0.8777230821481363,0.005910450351969465,0.9139118457300276,0.9139118457300276,0.0,0.9824228286743164,0.9824668765068054,-4.404783248901367e-05,0.9744752049446106,0.01820663921535015,0.9562685657292604,0.9728213440394029,-0.12419301457703114,1.097014358616434
10601,cs,comment,note,command,infrastructure,0.8070557274927979,0.8070557274927979,0.0,0.9,0.9,0.0,0.8395009124064517,0.8970971915958965,-0.057596279189444766,0.9054545454545455,0.9054545454545455,0.0,0.9852645397186279,0.9766840934753418,0.008580446243286133,0.9967731833457947,0.49460676312446594,0.5021664202213287,0.996190509351436,0.209623783826828,0.786566725524608
11883,cs,function,method,variable,close_entity,0.7825422900366432,0.7825422900366432,0.0,0.9166666666666666,0.9166666666666666,0.0,0.8245574389730571,0.8158989652613216,0.00865847371173556,0.9268808114961962,0.9268808114961962,0.0,0.9948896169662476,0.9894371628761292,0.005452454090118408,0.9824914336204529,0.3078228533267975,0.6746685802936554,0.977327199652791,-0.14415588974952698,1.121483089402318
12026,cs,comment,note,command,infrastructure,0.7825422900366438,0.7825422900366438,0.0,0.9,0.9,0.0,0.7572703729912049,0.8422309819368644,-0.08496060894565949,0.8950617283950617,0.8950617283950617,0.0,0.9747079610824585,0.9610502123832703,0.013657748699188232,0.9721637964248657,0.41837602853775024,0.5537877678871155,0.9686671064700931,0.26689693331718445,0.7017701731529087
12307,cs,class,type,module,close_entity,0.855526185871245,0.855526185871245,0.0,0.9230769230769231,0.9230769230769231,0.0,0.9024896955630649,0.8998527554639192,0.0026369400991457237,0.9268808114961962,0.9268808114961962,0.0,0.989700198173523,0.9930922985076904,-0.0033921003341674805,0.9936350584030151,0.984053909778595,0.009581148624420166,0.9920062306337059,0.976516688708216,0.015489541925489902
13043,cs,error,exception,warning,diagnostic,0.7506238537503396,0.7506238537503396,0.0,0.875,0.875,0.0,0.82062703653445,0.8081909489551792,0.012436087579270838,0.8819444444444444,0.8819444444444444,0.0,0.9841935634613037,0.9834250807762146,0.0007684826850891113,0.9835989475250244,0.7456713914871216,0.23792755603790283,0.9781683757901192,0.7145237680524588,0.2636446077376604
13043,cs,tests,checks,configs,infrastructure,0.6606328636027612,0.6606328636027612,0.0,0.875,0.875,0.0,0.8330140186708261,0.8249125277961266,0.00810149087469958,0.8819444444444444,0.8819444444444444,0.0,0.9831485748291016,0.975652813911438,0.007495760917663574,0.9840368628501892,0.0017598423874005675,0.9822770204627886,0.9808495077304542,-0.9784885492408648,1.959338056971319
14096,cs,method,function,attribute,close_entity,0.8787419089273847,0.8787419089273847,0.0,0.9500000000000001,0.9500000000000001,0.0,0.9238107318331845,0.9221773023067916,0.0016334295263928933,0.9561624146604384,0.9561624146604384,0.0,0.9969810843467712,0.9918394088745117,0.0051416754722595215,0.917181670665741,0.3139666020870209,0.6032150685787201,0.9122201930731535,0.3099181759171188,0.6023020171560347
15344,cs,bug,issue,feature,diagnostic,0.6580370064762461,0.6580370064762461,0.0,0.8888888888888888,0.8888888888888888,0.0,0.8812186206225799,0.8740733119353722,0.007145308687207752,0.8950617283950617,0.8950617283950617,0.0,0.9916504621505737,0.9874352812767029,0.00421518087387085,0.9799621105194092,0.00287178554572165,0.9770903249736875,0.97796490509063,-0.972162272548303,1.950127177638933
16048,cs,methods,functions,attributes,close_entity,0.8931539818068699,0.8931539818068699,0.0,0.9,0.9,0.0,0.8610715887215236,0.8576330282617431,0.0034385604597804154,0.9086363636363638,0.9086363636363638,0.0,0.9919654726982117,0.9859175682067871,0.0060479044914245605,0.9025179147720337,0.03372839465737343,0.8687895201146603,0.8895241357386112,-0.006387002766132355,0.8959111385047436
16117,cs,test,check,config,infrastructure,0.7348889200874659,0.7348889200874659,0.0,0.9166666666666666,0.9166666666666666,0.0,0.9012364553153411,0.8961413624735673,0.005095092841773785,0.9139118457300276,0.9139118457300276,0.0,0.9871849417686462,0.9750650525093079,0.012119889259338379,0.866672933101654,0.7412359118461609,0.12543702125549316,0.8604411548003554,0.6893984228372574,0.17104273196309805
16542,cs,functions,methods,variables,close_entity,0.8492326635760686,0.8492326635760686,0.0,0.9444444444444444,0.9444444444444444,0.0,0.8674452219325696,0.8606247928796594,0.0068204290529101375,0.9467186484730344,0.9467186484730344,0.0,0.9955568909645081,0.9889782071113586,0.006578683853149414,0.9884309768676758,0.02186731807887554,0.9665636587888002,0.9860436050221324,0.014530197717249393,0.971513407304883
17126,cs,methods,functions,attributes,close_entity,0.7506238537503396,0.7506238537503396,0.0,0.875,0.875,0.0,0.8410128671291747,0.837516021356855,0.003496845772319679,0.8819444444444444,0.8819444444444444,0.0,0.9940330982208252,0.9865217208862305,0.0075113773345947266,0.9294343590736389,0.0010149633744731545,0.9284193956991658,0.917398564517498,-0.9647740566870198,1.8821726212045178
17126,cs,tests,checks,configs,infrastructure,0.7506238537503396,0.7506238537503396,0.0,0.875,0.875,0.0,0.8723758543613935,0.8654267642198401,0.006949090141553427,0.8819444444444444,0.8819444444444444,0.0,0.988457441329956,0.9713982343673706,0.01705920696258545,0.9949350953102112,0.06345757097005844,0.9314775243401527,0.9938201763434336,-0.8576479330658913,1.8514681094093248
17161,cs,class,type,module,close_entity,0.9427781070492712,0.9427781070492712,0.0,0.9629629629629629,0.9629629629629629,0.0,0.9600842984190827,0.9588888604906236,0.0011954379284591088,0.9782179280730006,0.9782179280730006,0.0,0.9957827925682068,0.9973745346069336,-0.0015917420387268066,0.6825432181358337,0.8522998690605164,-0.16975665092468262,0.45190082490444183,0.8255686685442924,-0.3736678436398506
18514,cs,error,exception,warning,diagnostic,0.855526185871245,0.855526185871245,0.0,0.9285714285714286,0.9285714285714286,0.0,0.8881785602542732,0.8780758523435028,0.010102707910770392,0.9268808114961962,0.9268808114961962,0.0,0.9841442704200745,0.9920761585235596,-0.007931888103485107,0.997887909412384,0.9934489130973816,0.004438996315002441,0.9975278320198413,0.9927135442267172,0.004814287793124095
18609,cs,tests,checks,configs,infrastructure,0.7611606003349888,0.7611606003349888,0.0,0.9,0.9,0.0,0.8981554809118076,0.8929156757439596,0.005239805167848055,0.920940170940171,0.920940170940171,0.0,0.9921897649765015,0.9817197322845459,0.010470032691955566,0.9659143686294556,0.42389991879463196,0.5420144498348236,0.9520102422684431,0.2466459572315216,0.7053642850369215
19369,cs,method,function,attribute,close_entity,0.8931539818068699,0.8931539818068699,0.0,0.9090909090909091,0.9090909090909091,0.0,0.8803638728440449,0.8769163737671817,0.0034474990768632585,0.9086363636363638,0.9086363636363638,0.0,0.9921912550926208,0.9829034209251404,0.009287834167480469,0.9262127876281738,0.07294213026762009,0.8532706573605537,0.9219061639159918,-0.2633481100201607,1.1852542739361525
19565,cs,methods,functions,attributes,close_entity,0.4659538415189962,0.4659538415189962,0.0,0.8333333333333334,0.8333333333333334,0.0,0.7397066467923336,0.7352791675861577,0.004427479206175811,0.8220833333333335,0.8220833333333335,0.0,0.9861605763435364,0.9735618233680725,0.012598752975463867,0.0489504337310791,0.015967031940817833,0.03298340179026127,-0.7813729047775269,-0.8200731072574854,0.038700202479958534
19565,cs,class,type,module,close_entity,0.82651681837938,0.82651681837938,0.0,0.9166666666666666,0.9166666666666666,0.0,0.8901008454949765,0.8871257748478762,0.002975070647100231,0.9139118457300276,0.9139118457300276,0.0,0.9875239133834839,0.9882863163948059,-0.0007624030113220215,0.0036179441958665848,0.002271018922328949,0.0013469252735376358,-0.5642649512737989,-0.8685793653130531,0.3043144140392542
21342,cs,methods,functions,attributes,close_entity,0.8801117367933934,0.8801117367933934,0.0,0.9,0.9,0.0,0.8881253085484433,0.8852642493264746,0.002861059221968665,0.8993827160493828,0.8993827160493828,0.0,0.9945583343505859,0.9876917600631714,0.006866574287414551,0.9532515406608582,0.02090063877403736,0.9323509018868208,0.9513885242631659,-0.08183485828340054,1.0332233825465664
21981,cs,class,type,module,close_entity,0.9036020036098446,0.9036020036098446,0.0,0.9090909090909091,0.9090909090909091,0.0,0.9275537390814974,0.9243963111813058,0.0031574279001915784,0.9163223140495868,0.9163223140495868,0.0,0.9893572330474854,0.9927408695220947,-0.003383636474609375,0.34537091851234436,0.059178367257118225,0.28619255125522614,0.2932201027870178,-0.44590406119823456,0.7391241639852524
21981,cs,errors,exceptions,warnings,diagnostic,0.7348889200874659,0.7348889200874659,0.0,0.9090909090909091,0.9090909090909091,0.0,0.8932039467866929,0.8835854632862606,0.009618483500432262,0.9139118457300276,0.9139118457300276,0.0,0.990092933177948,0.9911405444145203,-0.0010476112365722656,0.9646507501602173,0.8411821126937866,0.12346863746643066,0.9612357174046338,0.82814578153193,0.1330899358727038
22667,cs,methods,functions,attributes,close_entity,0.7016879391277372,0.7016879391277372,0.0,0.9090909090909091,0.9090909090909091,0.0,0.8300645693703701,0.8268187650118493,0.003245804358520843,0.9054545454545455,0.9054545454545455,0.0,0.981515645980835,0.9736263155937195,0.007889330387115479,0.98943030834198,0.893226683139801,0.09620362520217896,0.9857119142543525,0.8485466912388802,0.1371652230154723
23725,cs,test,check,config,infrastructure,0.82651681837938,0.82651681837938,0.0,0.9090909090909091,0.9090909090909091,0.0,0.8946757075152152,0.8888259198931979,0.005849787622017266,0.9139118457300276,0.9139118457300276,0.0,0.9736305475234985,0.9687617421150208,0.004868805408477783,0.9946850538253784,0.008348878473043442,0.986336175352335,0.9932103069731966,-0.9557846821844578,1.9489949891576543
25609,cs,method,function,attribute,close_entity,0.8242367502646057,0.8242367502646057,0.0,0.9285714285714286,0.9285714285714286,0.0,0.8690570699178213,0.8688942291563889,0.00016284076143235904,0.9319727891156462,0.9319727891156462,0.0,0.9945391416549683,0.9874770045280457,0.007062137126922607,0.9850198030471802,0.8099735975265503,0.17504620552062988,0.9835712804924697,0.7286367937922478,0.2549344867002219
25609,cs,parameter,argument,constant,close_entity,0.8003203203845001,0.8003203203845001,0.0,0.9285714285714286,0.9285714285714286,0.0,0.8434302969365862,0.8310656452539982,0.012364651682588046,0.9319727891156462,0.9319727891156462,0.0,0.9925216436386108,0.9812754392623901,0.011246204376220703,0.9703766107559204,0.2104174792766571,0.7599591314792633,0.9692693382967263,0.09924090653657913,0.8700284317601472
25979,cs,parameter,argument,constant,close_entity,0.6580370064762461,0.6580370064762461,0.0,0.9,0.9,0.0,0.8434302969365862,0.8310656452539982,0.012364651682588046,0.8950617283950617,0.8950617283950617,0.0,0.9940282106399536,0.9777554273605347,0.016272783279418945,0.9404171109199524,0.1891629844903946,0.7512541264295578,0.9324835073202848,-0.520238384604454,1.4527218919247389
25979,cs,error,exception,warning,diagnostic,0.6580370064762461,0.6580370064762461,0.0,0.9,0.9,0.0,0.8915797991267431,0.8818051337879679,0.009774665338775246,0.8950617283950617,0.8950617283950617,0.0,0.9921567440032959,0.9905643463134766,0.001592397689819336,0.9574633240699768,0.5742473602294922,0.3832159638404846,0.9531985390931368,0.4141967296600342,0.5390018094331026
25992,cs,import,include,export,directional,0.7506238537503396,0.7506238537503396,0.0,0.8888888888888888,0.8888888888888888,0.0,0.7932760705420295,0.8776686605633973,-0.08439259002136779,0.8819444444444444,0.8819444444444444,0.0,0.9737914204597473,0.9854090809822083,-0.011617660522460938,0.8775265216827393,0.0013553895987570286,0.8761711320839822,0.7882941588759422,-0.9805016121827066,1.7687957710586488
26329,cs,tests,checks,configs,infrastructure,0.7348889200874659,0.7348889200874659,0.0,0.9090909090909091,0.9090909090909091,0.0,0.8793314680667025,0.8732259598411037,0.006105508225598744,0.9139118457300276,0.9139118457300276,0.0,0.9912430644035339,0.9777811765670776,0.013461887836456299,0.9958236217498779,0.39200371503829956,0.6038199067115784,0.9951012788806111,-0.016349613666534424,1.0114508925471455
26624,cs,test,check,config,infrastructure,0.8153551038173119,0.8153551038173119,0.0,0.9090909090909091,0.9090909090909091,0.0,0.9241722168400017,0.9201812411849919,0.003990975655009832,0.9363888888888889,0.9363888888888889,0.0,0.9950428009033203,0.9941451549530029,0.0008976459503173828,0.8853713274002075,0.013329054228961468,0.872042273171246,0.8814577641896904,-0.5554179893806577,1.436875753570348
27306,cs,method,function,attribute,close_entity,0.8371170098777919,0.8371170098777919,0.0,0.9090909090909091,0.9090909090909091,0.0,0.9200306477839875,0.9180956703841753,0.0019349773998121877,0.9363888888888889,0.9363888888888889,0.0,0.9967966675758362,0.9923038482666016,0.004492819309234619,0.9343786835670471,0.5653762817382812,0.36900240182876587,0.9269651956856251,0.5207572169601917,0.40620797872543335
27649,cs,method,function,attribute,close_entity,0.9036020036098446,0.9036020036098446,0.0,0.8888888888888888,0.8888888888888888,0.0,0.8701060533218619,0.8664091094681534,0.0036969438537084454,0.9163223140495868,0.9163223140495868,0.0,0.9941091537475586,0.9879120588302612,0.006197094917297363,0.9149302840232849,0.3121350407600403,0.6027952432632446,0.9109778832644224,0.27704397961497307,0.6339339036494493
27652,cs,function,method,variable,close_entity,0.9485438370694514,0.9485438370694514,0.0,0.9473684210526315,0.9473684210526315,0.0,0.928729095805502,0.9235168433594229,0.005212252446079146,0.9523214285714285,0.9523214285714285,0.0,0.9924140572547913,0.9926663041114807,-0.0002522468566894531,0.9575169682502747,0.011603867635130882,0.9459131006151438,0.9465791424736381,-0.9303598646074533,1.8769390070810914
27652,cs,method,function,attribute,close_entity,0.8806626677278208,0.8806626677278208,0.0,0.9473684210526315,0.9473684210526315,0.0,0.9163714048151893,0.9145940261916133,0.0017773786235759648,0.9507738095238095,0.9519047619047619,-0.0011309523809523991,0.9932644963264465,0.9913919568061829,0.0018725395202636719,0.6236551403999329,0.497759073972702,0.12589606642723083,0.4189172238111496,0.10847881436347961,0.31043840944767
27652,cs,parameters,arguments,constants,close_entity,0.8656030552541704,0.8656030552541704,0.0,0.9473684210526315,0.9473684210526315,0.0,0.9003938951403058,0.8924115989336763,0.007982296206629491,0.9519047619047619,0.9519047619047619,0.0,0.9939193725585938,0.9934154152870178,0.0005039572715759277,0.7039634585380554,0.006960575003176928,0.6970028835348785,0.5846751928329468,-0.7022306877188385,1.2869058805517852
27652,cs,arguments,parameters,keywords,close_entity,0.8656030552541704,0.8656030552541704,0.0,0.9473684210526315,0.9473684210526315,0.0,0.9066279577018218,0.9021894956877204,0.004438462014101363,0.9485714285714285,0.9519047619047619,-0.0033333333333334103,0.9937753081321716,0.9911132454872131,0.002662062644958496,0.21733294427394867,0.00047133973566815257,0.21686160453828052,-0.23412944376468658,-0.35937331506283954,0.12524387129815295
27709,cs,class,type,module,close_entity,0.6580370064762461,0.6580370064762461,0.0,0.8888888888888888,0.8888888888888888,0.0,0.8070241620843277,0.8027362409709506,0.004287921113377058,0.8950617283950617,0.8950617283950617,0.0,0.9894570112228394,0.9864510297775269,0.0030059814453125,0.38095328211784363,0.20011639595031738,0.18083688616752625,-0.1043832004070282,-0.5165469646453857,0.41216376423835754
28141,cs,log,trace,output,infrastructure,0.6580370064762461,0.6580370064762461,0.0,0.8333333333333334,0.8333333333333334,0.0,0.7757224201918437,0.7756449294460342,7.749074580942761e-05,0.8950617283950617,0.8950617283950617,0.0,0.9774846434593201,0.9830427169799805,-0.0055580735206604,0.09259089827537537,0.42409226298332214,-0.3315013647079468,-0.5584670603275299,-0.015082478523254395,-0.5433845818042755
28473,cs,tests,checks,configs,infrastructure,0.7691605673134587,0.7691605673134587,0.0,0.875,0.875,0.0,0.8519602509638152,0.8446522700991944,0.007307980864620811,0.9139118457300276,0.9139118457300276,0.0,0.9934737682342529,0.9844048619270325,0.009068906307220459,0.9671189785003662,0.016361942514777184,0.950757035985589,0.9596134647727013,-0.8413848970085382,1.8009983617812395
28505,cs,parameter,argument,constant,close_entity,0.6606328636027612,0.6606328636027612,0.0,0.8888888888888888,0.8888888888888888,0.0,0.8001747362557146,0.7845679231982154,0.015606813057499114,0.8819444444444444,0.8819444444444444,0.0,0.9857367873191833,0.9788466095924377,0.0068901777267456055,0.7783020734786987,0.8329223990440369,-0.054620325565338135,0.7569836229085922,0.8061691615730524,-0.04918553866446018
28505,cs,arguments,parameters,keywords,close_entity,0.6606328636027612,0.6606328636027612,0.0,0.8888888888888888,0.8888888888888888,0.0,0.8133580854037976,0.8040827475111496,0.009275337892648006,0.8819444444444444,0.8819444444444444,0.0,0.9851758480072021,0.9796401858329773,0.0055356621742248535,0.5928981900215149,0.12888507544994354,0.46401311457157135,0.5423442870378494,0.025581248104572296,0.5167630389332771
28513,cs,test,check,config,infrastructure,0.6606328636027612,0.6606328636027612,0.0,0.8888888888888888,0.8888888888888888,0.0,0.8084947842447385,0.7994132344582582,0.009081549786480347,0.8819444444444444,0.8819444444444444,0.0,0.9832808375358582,0.9800547957420349,0.003226041793823242,0.9972479939460754,0.7083266973495483,0.2889212965965271,0.9969922940072138,0.5143736004829407,0.4826186935242731
28520,cs,import,include,export,directional,0.7071067811865478,0.7071067811865478,0.0,0.875,0.875,0.0,0.8512080018259115,0.9058585844143391,-0.05465058258842759,0.8950617283950617,0.8950617283950617,0.0,0.9859901666641235,0.9910069704055786,-0.005016803741455078,0.009470508433878422,0.0008844749536365271,0.008586033480241895,-0.9589080354198813,-0.9878416045103222,0.02893356909044087
28797,cs,tests,checks,configs,infrastructure,0.7016879391277372,0.7016879391277372,0.0,0.9,0.9,0.0,0.9012364553153411,0.8961413624735673,0.005095092841773785,0.9054545454545455,0.9054545454545455,0.0,0.9822392463684082,0.9821749329566956,6.431341171264648e-05,0.9758976101875305,0.05496475100517273,0.9209328591823578,0.9683955521322787,-0.38638976216316223,1.354785314295441
28817,cs,test,check,config,infrastructure,0.8070557274927979,0.8070557274927979,0.0,0.8888888888888888,0.8888888888888888,0.0,0.8380755964630437,0.8295289694232615,0.008546627039782262,0.9054545454545455,0.9054545454545455,0.0,0.9834156036376953,0.981277585029602,0.0021380186080932617,0.9970692992210388,0.7349847555160522,0.2620845437049866,0.9967117455380503,0.5508663952350616,0.44584535030298866
29189,cs,log,trace,output,infrastructure,0.8787419089273847,0.8787419089273847,0.0,0.9375,0.9375,0.0,0.9324752049263464,0.9303585013531953,0.0021167035731510797,0.9561624146604384,0.9561624146604384,0.0,0.9942660927772522,0.9930408596992493,0.0012252330780029297,0.03688005357980728,0.022891739383339882,0.0139883141964674,-0.7489314302802086,-0.8058077897876501,0.05687635950744152
29730,cs,test,check,config,infrastructure,0.5969491792019644,0.5969491792019644,0.0,0.8571428571428571,0.8571428571428571,0.0,0.8371821227797756,0.8292524859643079,0.007929636815467656,0.8819444444444444,0.8819444444444444,0.0,0.9770352840423584,0.977203369140625,-0.00016808509826660156,0.967698872089386,0.19197440147399902,0.775724470615387,0.9605788844637573,0.13258221372961998,0.8279966707341373
30017,cs,method,function,attribute,close_entity,0.7506238537503396,0.7506238537503396,0.0,0.8888888888888888,0.8888888888888888,0.0,0.7979645278425331,0.7980040940502582,-3.956620772505026e-05,0.8819444444444444,0.8819444444444444,0.0,0.9933556318283081,0.9878608584403992,0.0054947733879089355,0.8633963465690613,0.017481019720435143,0.8459153268486261,0.8203502334654331,-0.7047599647194147,1.5251101981848478
30271,cs,test,check,config,infrastructure,0.6606328636027612,0.6606328636027612,0.0,0.8571428571428571,0.8571428571428571,0.0,0.8613937176316244,0.8544926591715393,0.006901058460085152,0.8819444444444444,0.8819444444444444,0.0,0.980744481086731,0.9716365933418274,0.009107887744903564,0.9833866953849792,0.09234385937452316,0.8910428360104561,0.982763230567798,-0.7552133277058601,1.7379765582736582
30289,cs,methods,functions,attributes,close_entity,0.6606328636027612,0.6606328636027612,0.0,0.8888888888888888,0.8888888888888888,0.0,0.8266217832755516,0.82332509475402,0.0032966885215315322,0.8819444444444444,0.8819444444444444,0.0,0.9926234483718872,0.9833255410194397,0.00929790735244751,0.9842085242271423,0.03315095975995064,0.9510575644671917,0.9818709602113813,-0.41276855394244194,1.3946395141538233
32099,cs,argument,parameter,keyword,close_entity,0.7825422900366432,0.7825422900366432,0.0,0.9090909090909091,0.9090909090909091,0.0,0.843934570238084,0.8362907614385182,0.007643808799565832,0.9268808114961962,0.9268808114961962,0.0,0.9976166486740112,0.990041971206665,0.007574677467346191,0.8309817910194397,0.010721277445554733,0.820260513573885,0.8204670995473862,-0.04983923211693764,0.8703063316643238
33066,cs,method,function,attribute,close_entity,0.7071067811865478,0.7071067811865478,0.0,0.8888888888888888,0.8888888888888888,0.0,0.7979645278425331,0.7980040940502582,-3.956620772505026e-05,0.8950617283950617,0.8950617283950617,0.0,0.9925649166107178,0.9840891361236572,0.008475780487060547,0.98115473985672,0.7879001498222351,0.19325459003448486,0.9757899800315499,0.646592766046524,0.3291972139850259
33371,cs,test,check,config,infrastructure,0.7071067811865478,0.7071067811865478,0.0,0.8571428571428571,0.8571428571428571,0.0,0.8924540269285921,0.8868039311816857,0.005650095746906447,0.8950617283950617,0.8950617283950617,0.0,0.9946332573890686,0.9912009239196777,0.003432333469390869,0.9962722063064575,0.060923993587493896,0.9353482127189636,0.995911174279172,-0.8244942426681519,1.8204054169473238
33559,cs,test,check,config,infrastructure,0.5969491792019644,0.5969491792019644,0.0,0.875,0.875,0.0,0.8485234000555535,0.8410691241146132,0.00745427594094028,0.8819444444444444,0.8819444444444444,0.0,0.9807521104812622,0.9671191573143005,0.01363295316696167,0.994895875453949,0.0797383189201355,0.9151575565338135,0.9946283393655904,-0.6519372463226318,1.6465655856882222
34124,cs,tests,checks,configs,infrastructure,0.7016879391277372,0.7016879391277372,0.0,0.875,0.875,0.0,0.8519602509638152,0.8446522700991944,0.007307980864620811,0.9054545454545455,0.9054545454545455,0.0,0.9874894022941589,0.9825437664985657,0.004945635795593262,0.9701141119003296,0.0027877832762897015,0.9673263286240399,0.9668977553956211,-0.8982395981438458,1.8651373535394669
34356,cs,tests,checks,configs,infrastructure,0.82651681837938,0.82651681837938,0.0,0.8571428571428571,0.8571428571428571,0.0,0.8766735195182277,0.8683443617850009,0.008329157733226844,0.9139118457300276,0.9139118457300276,0.0,0.9857226610183716,0.9824289083480835,0.003293752670288086,0.9449081420898438,0.013455132953822613,0.9314530091360211,0.9286538604646921,-0.8267828421667218,1.755436702631414
35769,cs,import,include,export,directional,0.9391044157537529,0.9391044157537529,0.0,0.9375,0.9375,0.0,0.9278285613536379,0.9760378771671638,-0.048209315813525944,0.9443483275663207,0.9443483275663207,0.0,0.9808659553527832,0.9948429465293884,-0.013976991176605225,0.9383659958839417,0.013220498338341713,0.9251454975455999,0.9087711162865162,-0.9471028354018927,1.8558739516884089
36324,cs,methods,functions,attributes,close_entity,0.8787419089273847,0.8787419089273847,0.0,0.9545454545454546,0.9545454545454546,0.0,0.9244824964354208,0.9228622013099184,0.0016202951255024356,0.9561624146604384,0.9561624146604384,0.0,0.9967169761657715,0.9919198155403137,0.004797160625457764,0.9625455737113953,0.32155194878578186,0.6409936249256134,0.961569448991213,0.10305047035217285,0.8585189786390401
36324,cs,test,check,config,infrastructure,0.8787419089273847,0.8787419089273847,0.0,0.9545454545454546,0.9545454545454546,0.0,0.9422683083784498,0.9391820198956805,0.0030862884827692616,0.9561624146604384,0.9561624146604384,0.0,0.9928496479988098,0.9804632663726807,0.01238638162612915,0.9590733647346497,0.021568873897194862,0.9375044908374548,0.9574947886867449,0.020654408494010568,0.9368403801927343
36569,cs,tests,checks,configs,infrastructure,0.7348889200874659,0.7348889200874659,0.0,0.9090909090909091,0.9090909090909091,0.0,0.8642763170997741,0.8575011756703432,0.00677514142943092,0.9139118457300276,0.9139118457300276,0.0,0.9865657687187195,0.9783094525337219,0.008256316184997559,0.9941855072975159,0.07144168019294739,0.9227438271045685,0.9934132087510079,-0.5084391534328461,1.501852362183854
36795,cs,test,check,config,infrastructure,0.5969491792019644,0.5969491792019644,0.0,0.875,0.875,0.0,0.824001841624828,0.8155339950388687,0.008467846585959338,0.8819444444444444,0.8819444444444444,0.0,0.989118218421936,0.9803924560546875,0.008725762367248535,0.9868764877319336,0.246033176779747,0.7408433109521866,0.9817102192901075,-0.26550765335559845,1.247217872645706
36921,cs,method,function,attribute,close_entity,0.7016879391277372,0.7016879391277372,0.0,0.9,0.9,0.0,0.8649252466729277,0.8622279063417787,0.0026973403311489896,0.9054545454545455,0.9054545454545455,0.0,0.9946359992027283,0.9910403490066528,0.0035956501960754395,0.934429407119751,0.8309686779975891,0.10346072912216187,0.9069789275527,0.8010127414017916,0.10596618615090847
39013,cs,parameter,argument,constant,close_entity,0.6606328636027612,0.6606328636027612,0.0,0.875,0.875,0.0,0.7570008001582147,0.7382297321966376,0.018771067961577126,0.8819444444444444,0.8819444444444444,0.0,0.9859763383865356,0.971076250076294,0.0149000883102417,0.9715092182159424,0.004698571283370256,0.9668106469325721,0.9669821029528975,-0.9780246648006141,1.9450067677535117
39450,cs,test,check,config,infrastructure,0.7611606003349888,0.7611606003349888,0.0,0.875,0.875,0.0,0.8613937176316244,0.8544926591715393,0.006901058460085152,0.920940170940171,0.920940170940171,0.0,0.9868847727775574,0.9765446186065674,0.01034015417098999,0.9698047041893005,0.015159622766077518,0.954645081423223,0.9688773541711271,-0.9154928168281913,1.8843701709993184
2387,cs,argument,parameter,keyword,close_entity,0.9121679090703875,0.9121679090703875,0.0,0.9090909090909091,0.9090909090909091,0.0,0.9065967319493744,0.9006455145839516,0.005951217365422812,0.9228098290598291,0.9228098290598291,0.0,0.993441104888916,0.9890982508659363,0.004342854022979736,0.6854408383369446,0.0028939105104655027,0.6825469278264791,0.6823885459452868,-0.0017173688393086195,0.6841059147845954
2387,cs,arguments,parameters,keywords,close_entity,0.7611606003349888,0.7611606003349888,0.0,0.9090909090909091,0.9090909090909091,0.0,0.8730453863033888,0.8669130356950506,0.006132350608338166,0.920940170940171,0.920940170940171,0.0,0.9927186965942383,0.9884794354438782,0.004239261150360107,0.5883664488792419,0.018678301945328712,0.5696881469339132,0.43145713210105896,-0.8753607328981161,1.306817864999175
2730,cs,import,include,export,directional,0.8931539818068699,0.8931539818068699,0.0,0.9090909090909091,0.9090909090909091,0.0,0.8930923009169546,0.9094817728201366,-0.016389471903182073,0.9086363636363638,0.9086363636363638,0.0,0.9789412617683411,0.9926813840866089,-0.013740122318267822,0.47826632857322693,0.006331764627248049,0.4719345639459789,0.3073841780424118,-0.871717072557658,1.1791012506000698
3186,cs,error,exception,warning,diagnostic,0.4889230224349009,0.4889230224349009,0.0,0.8333333333333334,0.8333333333333334,0.0,0.82062703653445,0.8037346129583274,0.01689242357612264,0.8412698412698414,0.8412698412698414,0.0,0.978047788143158,0.9743817448616028,0.0036660432815551758,0.9854871034622192,0.9305182695388794,0.054968833923339844,0.9835956703172997,0.9239523420110345,0.059643328306265175
3908,cs,method,function,attribute,close_entity,0.4659538415189962,0.4659538415189962,0.0,0.8181818181818182,0.8181818181818182,0.0,0.6984472181011376,0.6936190378885779,0.004828180212559707,0.8220833333333335,0.8220833333333335,0.0,0.9855800867080688,0.9730852842330933,0.012494802474975586,0.014680180698633194,0.0069282157346606255,0.0077519649639725685,-0.922673013061285,-0.9602351086214185,0.03756209556013346
5894,cs,error,exception,warning,diagnostic,0.8153551038173119,0.8153551038173119,0.0,0.9375,0.9375,0.0,0.9127965168873373,0.9050385321551757,0.007757984732161605,0.9363888888888889,0.9363888888888889,0.0,0.9880676865577698,0.9868338704109192,0.001233816146850586,0.9946532249450684,0.9610961675643921,0.03355705738067627,0.9943391171691474,0.9606989670428447,0.033640150126302615
6268,cs,test,check,config,infrastructure,0.5946035575013611,0.5946035575013611,0.0,0.8571428571428571,0.8571428571428571,0.0,0.7965400491249945,0.7869997368301973,0.009540312294797237,0.864795918367347,0.864795918367347,0.0,0.962524950504303,0.9714152216911316,-0.008890271186828613,0.9902102947235107,0.035340916365385056,0.9548693783581257,0.9895851605106145,-0.8234075792133808,1.8129927397239953
7130,cs,test,check,config,infrastructure,0.8666415730847506,0.8666415730847506,0.0,0.9166666666666666,0.9166666666666666,0.0,0.924533332981536,0.9192102784272893,0.005323054554246642,0.9319727891156462,0.9319727891156462,0.0,0.9881283044815063,0.9858826398849487,0.002245664596557617,0.1165657564997673,0.04389131814241409,0.07267443835735321,-0.7231732681393623,-0.8427017852663994,0.11952851712703705
8191,cs,log,trace,output,infrastructure,0.7506238537503396,0.7506238537503396,0.0,0.8888888888888888,0.8888888888888888,0.0,0.8770020750717233,0.869551379615062,0.007450695456661327,0.8819444444444444,0.8819444444444444,0.0,0.980578601360321,0.9832509756088257,-0.0026723742485046387,0.24312637746334076,0.46789851784706116,-0.2247721403837204,-0.44912804663181305,0.07245662808418274,-0.5215846747159958
9653,cs,comment,note,command,infrastructure,0.8633400213704508,0.8633400213704508,0.0,0.8571428571428571,0.8571428571428571,0.0,0.9068808619421546,0.954528216161446,-0.04764735421929145,0.8880208333333333,0.8880208333333333,0.0,0.9844574332237244,0.981358528137207,0.003098905086517334,0.8933612704277039,0.3121406137943268,0.5812206566333771,0.880231125280261,0.20957166701555252,0.6706594582647085
10877,cs,method,function,attribute,close_entity,0.7419446627365011,0.7419446627365011,0.0,0.9090909090909091,0.9090909090909091,0.0,0.8266217832755516,0.82332509475402,0.0032966885215315322,0.9054545454545455,0.9054545454545455,0.0,0.9908173084259033,0.9834876656532288,0.0073296427726745605,0.9901688098907471,0.8364355564117432,0.1537332534790039,0.9872409987729043,0.8223712481558323,0.164869750617072
13245,cs,method,function,attribute,close_entity,0.7910665071754353,0.7910665071754353,0.0,0.9230769230769231,0.9230769230769231,0.0,0.8736175563711512,0.8710144676648774,0.002603088706273793,0.920940170940171,0.920940170940171,0.0,0.9948614835739136,0.978583574295044,0.01627790927886963,0.9697319269180298,0.5769066214561462,0.39282530546188354,0.9556316453963518,0.4092024564743042,0.5464291889220476
13245,cs,class,type,module,close_entity,0.9121679090703875,0.9121679090703875,0.0,0.9230769230769231,0.9230769230769231,0.0,0.9275537390814974,0.9243963111813058,0.0031574279001915784,0.9228098290598291,0.9228098290598291,0.0,0.9871212244033813,0.9901507496833801,-0.0030295252799987793,0.19581589102745056,0.10175967216491699,0.09405621886253357,0.007106304168701172,-0.2787873446941376,0.28589364886283875
15857,cs,error,exception,warning,diagnostic,0.7506238537503396,0.7506238537503396,0.0,0.875,0.875,0.0,0.8441704001318834,0.8297040040289939,0.014466396102889467,0.8819444444444444,0.8819444444444444,0.0,0.9850642681121826,0.9833857417106628,0.0016785264015197754,0.9873587489128113,0.8395233750343323,0.147835373878479,0.9869586622808129,0.832680756226182,0.15427790605463088
17934,cs,tests,checks,configs,infrastructure,0.7611606003349888,0.7611606003349888,0.0,0.8888888888888888,0.8888888888888888,0.0,0.8746987951332302,0.8683850838700748,0.006313711263155386,0.920940170940171,0.920940170940171,0.0,0.990910530090332,0.9812215566635132,0.009688973426818848,0.9675431847572327,0.2531200647354126,0.7144231200218201,0.9585758568719029,-0.1588992178440094,1.1174750747159123
20966,cs,method,function,attribute,close_entity,0.6434588841607617,0.6434588841607617,0.0,0.8333333333333334,0.8333333333333334,0.0,0.8782475958440711,0.8751705246918621,0.00307707115220901,0.8412698412698414,0.8412698412698414,0.0,0.9945920705795288,0.9862980246543884,0.00829404592514038,0.7491227388381958,0.13597619533538818,0.6131465435028076,0.6503061279654503,0.018300987780094147,0.6320051401853561
21262,cs,parameters,arguments,constants,close_entity,0.5000000000000001,0.5000000000000001,0.0,0.875,0.875,0.0,0.7626987301867174,0.7443412202019722,0.01835750998474517,0.864795918367347,0.864795918367347,0.0,0.9869567155838013,0.9862136840820312,0.0007430315017700195,0.7934191226959229,0.5881889462471008,0.20523017644882202,0.6572262793779373,0.2865025997161865,0.3707236796617508
22070,cs,errors,exceptions,warnings,diagnostic,0.3799178428257963,0.3799178428257963,0.0,0.8333333333333334,0.8333333333333334,0.0,0.7680191634123084,0.7454719580767375,0.022547205335570863,0.8066666666666668,0.8066666666666668,0.0,0.9755463600158691,0.9759899973869324,-0.0004436373710632324,0.9787501096725464,0.2312207967042923,0.7475293129682541,0.9750366101507097,0.19163889437913895,0.7833977157715708
25618,cs,errors,exceptions,warnings,diagnostic,0.8408964152537145,0.8408964152537145,0.0,0.875,0.875,0.0,0.8731216720943525,0.8579213847906323,0.01520028730372025,0.8737244897959183,0.8737244897959183,0.0,0.9765621423721313,0.9807280898094177,-0.004165947437286377,0.9658468961715698,0.3444063365459442,0.6214405596256256,0.956668883562088,0.1864006072282791,0.7702682763338089
35327,cs,class,type,module,close_entity,0.8282477531331043,0.8282477531331043,0.0,0.9090909090909091,0.9090909090909091,0.0,0.875964296427729,0.8783599918723004,-0.0023956954445714107,0.9402573529411764,0.9402573529411764,0.0,0.993605375289917,0.9927228689193726,0.0008825063705444336,0.17746368050575256,0.11060453951358795,0.06685914099216461,-0.5904553830623627,-0.7129120081663132,0.1224566251039505
35391,cs,test,check,config,infrastructure,0.7016879391277372,0.7016879391277372,0.0,0.8888888888888888,0.8888888888888888,0.0,0.9041363960388128,0.8991782906832555,0.004958105355557296,0.9054545454545455,0.9054545454545455,0.0,0.9759705066680908,0.9783354997634888,-0.0023649930953979492,0.9181029200553894,0.04370772838592529,0.8743951916694641,0.8978774677962065,-0.7910982370376587,1.6889757048338652
36866,cs,error,exception,warning,diagnostic,0.8003203203845001,0.8003203203845001,0.0,0.9285714285714286,0.9285714285714286,0.0,0.8992412160608022,0.890200664487632,0.009040551573170186,0.9319727891156462,0.9319727891156462,0.0,0.9888288378715515,0.9892742037773132,-0.00044536590576171875,0.9866037368774414,0.4715670049190521,0.5150367319583893,0.9858065882581286,0.43688442930579185,0.5489221589523368
41252,cs,tests,checks,configs,infrastructure,0.7598356856515927,0.7598356856515927,0.0,0.8333333333333334,0.8333333333333334,0.0,0.8734613139815797,0.8649405136320512,0.008520800349528512,0.8300000000000002,0.8300000000000002,0.0,0.9863640666007996,0.9742564558982849,0.012107610702514648,0.9526893496513367,0.07703562080860138,0.8756537288427353,0.9499744263011962,-0.03669574856758118,0.9866701748687774
43406,cs,method,function,attribute,close_entity,0.8394327083733333,0.8394327083733333,0.0,0.9285714285714286,0.9285714285714286,0.0,0.9008859466892783,0.8988177810158698,0.0020681656734085063,0.943675509419454,0.943675509419454,0.0,0.9966992735862732,0.9933871030807495,0.0033121705055236816,0.9703525900840759,0.8142225742340088,0.15613001585006714,0.9655863922089338,0.7943549007177353,0.17123149149119854
13,cs,method,function,attribute,close_entity,0.7071067811865478,0.7071067811865478,0.0,0.875,0.875,0.0,0.8017182829243236,0.7942671703945184,0.007451112529805126,0.864795918367347,0.864795918367347,0.0,0.9893577694892883,0.9814291596412659,0.007928609848022461,0.9768006801605225,0.6691580414772034,0.3076426386833191,0.9719145363196731,0.539354532957077,0.43256000336259604
1130,cs,method,function,attribute,close_entity,0.6434588841607617,0.6434588841607617,0.0,0.8333333333333334,0.8333333333333334,0.0,0.8117179839020682,0.8073405685511519,0.004377415350916292,0.8412698412698414,0.8412698412698414,0.0,0.9932778477668762,0.9841414093971252,0.009136438369750977,0.8665230870246887,0.0019258781103417277,0.864597208914347,0.7821308076381683,-0.9739360884996131,1.7560668961377814
3910,cs,function,method,variable,close_entity,0.5969491792019644,0.5969491792019644,0.0,0.875,0.875,0.0,0.7655231117079133,0.7584134057262247,0.0071097059816885855,0.8819444444444444,0.8819444444444444,0.0,0.992526113986969,0.9816533923149109,0.010872721672058105,0.8503708243370056,0.11578726768493652,0.7345835566520691,0.7604362145066261,-0.6096258759498596,1.3700620904564857
3910,cs,argument,parameter,keyword,close_entity,0.5969491792019644,0.5969491792019644,0.0,0.875,0.875,0.0,0.773386598915435,0.7619090427520284,0.011477556163406621,0.8819444444444444,0.8819444444444444,0.0,0.9924715757369995,0.9768030643463135,0.015668511390686035,0.9950594902038574,0.3507709503173828,0.6442885398864746,0.9945430230582133,-0.027839243412017822,1.0223822664702311
6221,cs,class,type,module,close_entity,0.3799178428257963,0.3799178428257963,0.0,0.8333333333333334,0.8333333333333334,0.0,0.7465846886115756,0.7417293711090095,0.00485531750256607,0.8066666666666668,0.8066666666666668,0.0,0.9822678565979004,0.9780429005622864,0.004224956035614014,0.11830617487430573,0.0943375825881958,0.023968592286109924,-0.6558874100446701,-0.7598478198051453,0.10396040976047516
6963,cs,class,type,module,close_entity,0.8282477531331043,0.8282477531331043,0.0,0.9090909090909091,0.9090909090909091,0.0,0.875964296427729,0.8783599918723004,-0.0023956954445714107,0.9402573529411764,0.9402573529411764,0.0,0.993605375289917,0.9927228689193726,0.0008825063705444336,0.17746368050575256,0.11060453951358795,0.06685914099216461,-0.5904553830623627,-0.7129120081663132,0.1224566251039505
7245,cs,parameter,argument,constant,close_entity,0.4111336169005196,0.4111336169005196,0.0,0.8333333333333334,0.8333333333333334,0.0,0.7160877530042662,0.6943828056076957,0.021704947396570473,0.8412698412698414,0.8412698412698414,0.0,0.9895707964897156,0.9770441651344299,0.012526631355285645,0.9922162294387817,0.7653335332870483,0.2268826961517334,0.9898379156365991,0.6037736088037491,0.38606430683285
8923,cs,method,function,attribute,close_entity,0.5946035575013611,0.5946035575013611,0.0,0.875,0.875,0.0,0.836555265306882,0.8334069971123033,0.003148268194578696,0.864795918367347,0.864795918367347,0.0,0.9945396780967712,0.987017035484314,0.007522642612457275,0.8121505379676819,0.35549408197402954,0.45665645599365234,0.7330605089664459,0.2979222573339939,0.435138251632452
10147,cs,method,function,attribute,close_entity,0.8070557274927979,0.8070557274927979,0.0,0.9,0.9,0.0,0.8949431753530491,0.8922346739423022,0.0027085014107469663,0.9054545454545455,0.9054545454545455,0.0,0.9921411871910095,0.982077956199646,0.010063230991363525,0.9843398332595825,0.15239910781383514,0.8319407254457474,0.9830079531529918,-0.06817673146724701,1.0511846846202388
11590,cs,method,function,attribute,close_entity,0.7419446627365011,0.7419446627365011,0.0,0.9,0.9,0.0,0.8192995573653217,0.8158966077436182,0.0034029496217035105,0.9054545454545455,0.9054545454545455,0.0,0.9906432032585144,0.9871615171432495,0.0034816861152648926,0.009385399520397186,0.0013533505843952298,0.008032048936001956,-0.921701617538929,-0.9331347075058147,0.011433089966885746
11590,cs,methods,functions,attributes,close_entity,0.7016879391277372,0.7016879391277372,0.0,0.9,0.9,0.0,0.8192995573653217,0.8158966077436182,0.0034029496217035105,0.9054545454545455,0.9054545454545455,0.0,0.988605797290802,0.9815865755081177,0.007019221782684326,0.02818072773516178,0.0016611339524388313,0.02651959378272295,-0.8224501516669989,-0.9086490152403712,0.08619886357337236
12109,cs,test,check,config,infrastructure,0.7071067811865478,0.7071067811865478,0.0,0.875,0.875,0.0,0.8329883941693901,0.8244722243198292,0.008516169849560828,0.864795918367347,0.864795918367347,0.0,0.9802714586257935,0.9746655821800232,0.005605876445770264,0.9026956558227539,0.01620868407189846,0.8864869717508554,0.8982662227936089,-0.6973713282495737,1.5956375510431826
12109,cs,import,include,export,directional,0.5946035575013611,0.5946035575013611,0.0,0.875,0.875,0.0,0.7932760705420295,0.8776686605633973,-0.08439259002136779,0.864795918367347,0.864795918367347,0.0,0.9502084255218506,0.9890439510345459,-0.03883552551269531,0.7951587438583374,0.001766453729942441,0.793392290128395,0.651251494884491,-0.9782948985230178,1.6295463934075087
13377,cs,error,exception,warning,diagnostic,0.537284965911771,0.537284965911771,0.0,0.8333333333333334,0.8333333333333334,0.0,0.7809368117238579,0.7704238998815007,0.010512911842357142,0.8066666666666668,0.8066666666666668,0.0,0.9728354215621948,0.9612102508544922,0.011625170707702637,0.9837735891342163,0.9329502582550049,0.050823330879211426,0.9820858674356714,0.928946569096297,0.05313929833937436
14121,cs,test,check,config,infrastructure,0.537284965911771,0.537284965911771,0.0,0.8333333333333334,0.8333333333333334,0.0,0.8084947842447385,0.7994132344582582,0.009081549786480347,0.8066666666666668,0.8066666666666668,0.0,0.9749467968940735,0.9740725159645081,0.0008742809295654297,0.9860368371009827,0.024267828091979027,0.9617690090090036,0.9840639969334006,-0.7576526049524546,1.7417166018858552
16068,cs,method,function,attribute,close_entity,0.537284965911771,0.537284965911771,0.0,0.8333333333333334,0.8333333333333334,0.0,0.6622239107406511,0.6632226029026265,-0.0009986921619753453,0.8066666666666668,0.8066666666666668,0.0,0.9795019626617432,0.9677804708480835,0.011721491813659668,0.9747211337089539,0.5940347909927368,0.38068634271621704,0.9680973342619836,0.3537849634885788,0.6143123707734048
19632,cs,tests,checks,configs,infrastructure,0.7598356856515927,0.7598356856515927,0.0,0.8333333333333334,0.8333333333333334,0.0,0.8346860348292288,0.8239513541511854,0.010734680678043396,0.8300000000000002,0.8300000000000002,0.0,0.9740758538246155,0.9640486240386963,0.01002722978591919,0.9839839935302734,0.05777178704738617,0.9262122064828873,0.9830648530623876,-0.7260183244943619,1.7090831775567494
21472,cs,method,function,attribute,close_entity,0.4889230224349009,0.4889230224349009,0.0,0.8333333333333334,0.8333333333333334,0.0,0.8907722341455995,0.8905884304349967,0.00018380371060278122,0.8412698412698414,0.8412698412698414,0.0,0.996920645236969,0.9930245876312256,0.003896057605743408,0.9614554047584534,0.8696479797363281,0.09180742502212524,0.9531125258654356,0.8555540321394801,0.09755849372595549
22259,cs,class,type,module,close_entity,0.8633400213704508,0.8633400213704508,0.0,0.875,0.875,0.0,0.8674750173394855,0.8622545672562331,0.005220450083252448,0.8880208333333333,0.8880208333333333,0.0,0.9848580360412598,0.987335205078125,-0.0024771690368652344,0.028592515736818314,0.0906323492527008,-0.06203983351588249,-0.7591505162417889,-0.5742818415164948,-0.1848686747252941
25923,cs,test,check,config,infrastructure,0.7506238537503396,0.7506238537503396,0.0,0.8571428571428571,0.8571428571428571,0.0,0.8559096991589135,0.8485830919923384,0.007326607166575072,0.8819444444444444,0.8819444444444444,0.0,0.9755042791366577,0.9599015712738037,0.015602707862854004,0.9758298397064209,0.002266514813527465,0.9735633248928934,0.9742240884806961,-0.9782322163227946,1.9524563048034906
26567,cs,functions,methods,variables,close_entity,0.8408964152537145,0.8408964152537145,0.0,0.875,0.875,0.0,0.8065986155554686,0.7952997924849883,0.011298823070480357,0.8737244897959183,0.8737244897959183,0.0,0.9885739684104919,0.9648733735084534,0.023700594902038574,0.836650013923645,0.08434426784515381,0.7523057460784912,0.8090522792190313,-0.6388474702835083,1.4478997495025396
27624,cs,class,type,module,close_entity,0.9253911813809742,0.9253911813809742,0.0,0.9,0.9,0.0,0.918988450508971,0.9155060032852702,0.0034824472237008353,0.9331632653061225,0.9331632653061225,0.0,0.988680899143219,0.9914408922195435,-0.002759993076324463,0.6865207552909851,0.20097388327121735,0.48554687201976776,0.6560787279158831,0.0978325828909874,0.5582461450248957
29637,cs,arguments,parameters,keywords,close_entity,0.7348889200874659,0.7348889200874659,0.0,0.9090909090909091,0.9090909090909091,0.0,0.8358686614714641,0.8277988731178367,0.008069788353627372,0.9139118457300276,0.9139118457300276,0.0,0.9926182627677917,0.9834487438201904,0.009169518947601318,0.9865447878837585,0.5571027994155884,0.42944198846817017,0.9845100229140371,0.33534304797649384,0.6491669749375433
29859,cs,method,function,attribute,close_entity,0.7071067811865478,0.7071067811865478,0.0,0.875,0.875,0.0,0.7979645278425331,0.7980040940502582,-3.956620772505026e-05,0.864795918367347,0.864795918367347,0.0,0.9933984279632568,0.9853241443634033,0.008074283599853516,0.9927507638931274,0.7500935196876526,0.24265724420547485,0.9914972423575819,0.6971152201294899,0.29438202222809196
29867,cs,bug,issue,feature,diagnostic,0.7071067811865478,0.7071067811865478,0.0,0.8333333333333334,0.8333333333333334,0.0,0.9197009356193767,0.9125255878190298,0.0071753478003468985,0.864795918367347,0.864795918367347,0.0,0.9914445877075195,0.9882988929748535,0.0031456947326660156,0.989434540271759,0.0007808590889908373,0.9886536811827682,0.9880675448803231,-0.9891461943625472,1.9772137392428704
31056,cs,argument,parameter,keyword,close_entity,0.8153551038173119,0.8153551038173119,0.0,0.9090909090909091,0.9090909090909091,0.0,0.8512444314470307,0.8439839660153838,0.007260465431646823,0.9363888888888889,0.9363888888888889,0.0,0.9961188435554504,0.9883259534835815,0.0077928900718688965,0.9368545413017273,0.12273190915584564,0.8141226321458817,0.9142164457589388,-0.2687545567750931,1.1829710025340319
94,go,test,check,config,infrastructure,0.6434588841607617,0.6434588841607617,0.0,0.8333333333333334,0.8333333333333334,0.0,0.7496175604893281,0.7383966701746817,0.011220890314646459,0.8066666666666668,0.8066666666666668,0.0,0.9872215390205383,0.9746735692024231,0.012547969818115234,0.9943152070045471,0.21353106200695038,0.7807841449975967,0.9925205043982714,-0.49679024517536163,1.489310749573633
115,go,test,check,config,infrastructure,0.7071067811865478,0.7071067811865478,0.0,0.8888888888888888,0.8888888888888888,0.0,0.8286265315571998,0.8203457925686786,0.008280738988521219,0.8819444444444444,0.8819444444444444,0.0,0.9895985126495361,0.9781718850135803,0.01142662763595581,0.9848916530609131,0.25463196635246277,0.7302596867084503,0.9820274552330375,0.02134530246257782,0.9606821527704597
170,go,error,exception,warning,diagnostic,0.961156929474662,0.961156929474662,0.0,0.9818181818181818,0.9818181818181818,0.0,0.9747781426319007,0.9726214505077376,0.002156692124163029,0.9803607843137254,0.9803607843137254,0.0,0.9978131651878357,0.9965810775756836,0.0012320876121520996,0.8943877220153809,0.8699718713760376,0.02441585063934326,0.8893581773154438,0.8556128311902285,0.03374534612521529
170,go,warning,alert,error,diagnostic,0.9264727591170475,0.9264727591170475,0.0,0.9636363636363636,0.9636363636363636,0.0,0.9382590830313801,0.9370862000821816,0.0011728829491984838,0.9606740655445852,0.9606740655445852,0.0,0.9964666366577148,0.9956743717193604,0.0007922649383544922,0.9531100988388062,0.9379292726516724,0.015180826187133789,0.950091308215633,0.9220500309020281,0.02804127731360495
221,go,tests,checks,configs,infrastructure,0.9193227152249175,0.9193227152249175,0.0,0.9230769230769231,0.9230769230769231,0.0,0.929966533880372,0.9250027149246701,0.00496381895570186,0.9228098290598291,0.9228098290598291,0.0,0.9938722848892212,0.9856858849525452,0.008186399936676025,0.8824252486228943,0.03469875454902649,0.8477264940738678,0.8775518760085106,0.011942451819777489,0.8656094241887331
234,go,error,exception,warning,diagnostic,0.7348889200874659,0.7348889200874659,0.0,0.9230769230769231,0.9230769230769231,0.0,0.9046321315963052,0.896104145014202,0.008527986582103186,0.9054545454545455,0.9054545454545455,0.0,0.9909732341766357,0.9922274351119995,-0.0012542009353637695,0.9143932461738586,0.07823759317398071,0.8361556529998779,0.908265636768192,0.07677428831811994,0.8314913484500721
296,go,error,exception,warning,diagnostic,0.8408964152537145,0.8408964152537145,0.0,0.875,0.875,0.0,0.839545063599298,0.8448818250304266,-0.0053367614311286005,0.8737244897959183,0.8737244897959183,0.0,0.9775707721710205,0.9733178615570068,0.004252910614013672,0.9955021739006042,0.979804515838623,0.0156976580619812,0.9941114586545154,0.9756844467483461,0.018427011906169355
431,go,errors,exceptions,warnings,diagnostic,0.7598356856515927,0.7598356856515927,0.0,0.8333333333333334,0.8333333333333334,0.0,0.8181388592744728,0.7955407832534018,0.022598076021071,0.8300000000000002,0.8300000000000002,0.0,0.9846558570861816,0.9856003522872925,-0.0009444952011108398,0.9621894359588623,0.33594539761543274,0.6262440383434296,0.9593414003029466,0.3000335246324539,0.6593078756704926
437,go,tests,checks,configs,infrastructure,0.8931539818068699,0.8931539818068699,0.0,0.9090909090909091,0.9090909090909091,0.0,0.9114255331724971,0.904006777850864,0.007418755321633053,0.8993827160493828,0.8993827160493828,0.0,0.9886057376861572,0.9814724326133728,0.007133305072784424,0.9822331666946411,0.08315547555685043,0.8990776911377907,0.9769865307025611,-0.45695898681879044,1.4339455175213516
470,go,error,exception,warning,diagnostic,0.9095930632220219,0.9095930632220219,0.0,0.9655172413793104,0.9655172413793104,0.0,0.9470873568007666,0.9424814039911442,0.004605952809622393,0.9640897511267882,0.9640897511267882,0.0,0.9949721097946167,0.9964040517807007,-0.0014319419860839844,0.9100251197814941,0.9007692337036133,0.00925588607788086,0.900519510731101,0.891973334364593,0.008546176366508007
513,go,function,method,variable,close_entity,0.9373341827832588,0.9373341827832588,0.0,0.9714285714285714,0.9714285714285714,0.0,0.9437730456937069,0.940668134769794,0.0031049109239128514,0.970480203100524,0.970480203100524,0.0,0.9986497163772583,0.9966306686401367,0.002019047737121582,0.9348757266998291,0.7884289622306824,0.14644676446914673,0.9283487261272967,0.7659413702785969,0.1624073558486998
513,go,error,exception,warning,diagnostic,0.929923845210929,0.929923845210929,0.0,0.9714285714285714,0.9714285714285714,0.0,0.9591956113486789,0.9556711603301367,0.003524451018542263,0.970480203100524,0.970480203100524,0.0,0.9968475103378296,0.9961917400360107,0.0006557703018188477,0.7773813009262085,0.7127751111984253,0.0646061897277832,0.7665499029681087,0.7053773570805788,0.06117254588752985
515,go,log,trace,output,infrastructure,0.9061874434879649,0.9061874434879649,0.0,0.9642857142857143,0.9642857142857143,0.0,0.9588526456740222,0.958658731938876,0.00019391373514621169,0.9627438088976551,0.9627438088976551,0.0,0.9935896396636963,0.9950434565544128,-0.0014538168907165527,0.8189935088157654,0.6649699807167053,0.15402352809906006,0.8128780564293265,0.5381819754838943,0.2746960809454322
571,go,error,exception,warning,diagnostic,0.9210589320522861,0.9210589320522861,0.0,0.9473684210526315,0.9473684210526315,0.0,0.9215929500760659,0.9183224873320099,0.0032704627440559575,0.9467186484730344,0.9467186484730344,0.0,0.9922917485237122,0.9948744177818298,-0.0025826692581176758,0.9637302756309509,0.8564304709434509,0.1072998046875,0.9612579152453691,0.7939872667193413,0.1672706485260278
597,go,tests,checks,configs,infrastructure,0.537284965911771,0.537284965911771,0.0,0.8333333333333334,0.8333333333333334,0.0,0.7287449775172115,0.7168376392950448,0.011907338222166608,0.8066666666666668,0.8066666666666668,0.0,0.9800840020179749,0.9574886560440063,0.022595345973968506,0.9919193983078003,0.09331215173006058,0.8986072465777397,0.9904023355338722,-0.5565249249339104,1.5469272604677826
729,go,comments,notes,commands,infrastructure,0.7611606003349888,0.7611606003349888,0.0,0.9230769230769231,0.9230769230769231,0.0,0.8678569009432561,0.9151241076883924,-0.04726720674513629,0.920940170940171,0.920940170940171,0.0,0.9870156049728394,0.9808410406112671,0.006174564361572266,0.9899178147315979,0.6189591288566589,0.37095868587493896,0.9890206731506623,0.4973561391234398,0.49166453402722254
854,go,parameters,arguments,constants,close_entity,0.9318384811154838,0.9318384811154838,0.0,0.9714285714285714,0.9714285714285714,0.0,0.9413388642202771,0.9365877818808896,0.00475108233938748,0.970480203100524,0.970480203100524,0.0,0.9975894689559937,0.9957700967788696,0.0018193721771240234,0.876928448677063,0.01462202612310648,0.8623064225539565,0.8521017581224442,-0.014946174807846546,0.8670479329302907
857,go,logs,traces,outputs,infrastructure,0.8492326635760686,0.8492326635760686,0.0,0.9444444444444444,0.9444444444444444,0.0,0.9394116183603773,0.9391532320301725,0.0002583863302048073,0.943675509419454,0.943675509419454,0.0,0.9909281730651855,0.993155300617218,-0.0022271275520324707,0.7128224968910217,0.31384149193763733,0.3989810049533844,0.5720928758382797,-0.2541971504688263,0.826290026307106
874,go,arguments,parameters,keywords,close_entity,0.7071067811865478,0.7071067811865478,0.0,0.9,0.9,0.0,0.8057450183714937,0.7960563505658727,0.009688667805621054,0.8950617283950617,0.8950617283950617,0.0,0.9948612451553345,0.9874668717384338,0.007394373416900635,0.936520516872406,0.04456494748592377,0.8919555693864822,0.8960647135972977,-0.8159642368555069,1.7120289504528046
896,go,log,trace,output,infrastructure,0.8091067115702206,0.8091067115702206,0.0,0.8571428571428571,0.8571428571428571,0.0,0.8776792293037043,0.8768621361154442,0.0008170931882601762,0.8551587301587302,0.8551587301587302,0.0,0.9660103917121887,0.9476750493049622,0.018335342407226562,0.8091796040534973,0.7946285009384155,0.014551103115081787,0.6991649568080902,0.7118884176015854,-0.012723460793495178
901,go,functions,methods,variables,close_entity,0.7598356856515927,0.7598356856515927,0.0,0.8333333333333334,0.8333333333333334,0.0,0.737516934636818,0.7232454943500306,0.014271440286787396,0.8300000000000002,0.8300000000000002,0.0,0.9851373434066772,0.9751175045967102,0.010019838809967041,0.8977083563804626,0.077752985060215,0.8199553713202477,0.8701906260102987,-0.6779523715376854,1.5481429975479841
901,go,test,check,config,infrastructure,0.3799178428257963,0.3799178428257963,0.0,0.8333333333333334,0.8333333333333334,0.0,0.7899834842151191,0.7801968559414592,0.009786628273659947,0.8066666666666668,0.8066666666666668,0.0,0.9804495573043823,0.9687225222587585,0.01172703504562378,0.9814048409461975,0.15064668655395508,0.8307581543922424,0.9800444138236344,-0.4896541237831116,1.469698537606746
912,go,error,exception,warning,diagnostic,0.4272870063962342,0.4272870063962342,0.0,0.8000000000000002,0.8000000000000002,0.0,0.7753438766143549,0.7536035150716376,0.0217403615427173,0.7500000000000001,0.7500000000000001,0.0,0.9593120813369751,0.9728977680206299,-0.013585686683654785,0.9927765130996704,0.8591232895851135,0.13365322351455688,0.9913607250200585,0.8509093569591641,0.1404513680608943
914,go,error,exception,warning,diagnostic,0.4272870063962342,0.4272870063962342,0.0,0.8000000000000002,0.8000000000000002,0.0,0.7332088049055084,0.7067398856638392,0.026468919241669275,0.7500000000000001,0.7500000000000001,0.0,0.9726601839065552,0.9750651717185974,-0.0024049878120422363,0.9962742328643799,0.9787794947624207,0.01749473810195923,0.9959071831544861,0.9783949787670281,0.01751220438745804
978,go,function,method,variable,close_entity,0.3799178428257963,0.3799178428257963,0.0,0.8333333333333334,0.8333333333333334,0.0,0.7007379220885669,0.6925297179803822,0.00820820410818468,0.8066666666666668,0.8066666666666668,0.0,0.9883890151977539,0.9774863719940186,0.010902643203735352,0.9842509031295776,0.5515316724777222,0.43271923065185547,0.9814423595089465,0.24278995394706726,0.7386524055618793
1029,go,comment,note,command,infrastructure,0.4272870063962342,0.4272870063962342,0.0,0.8000000000000002,0.8000000000000002,0.0,0.5216467536170254,0.6994176618015628,-0.17777090818453745,0.7500000000000001,0.7500000000000001,0.0,0.9664259552955627,0.9590529799461365,0.0073729753494262695,0.9934559464454651,0.5394650101661682,0.4539909362792969,0.9929201382910833,0.23760277032852173,0.7553173679625615
1032,go,tests,checks,configs,infrastructure,0.7847574847738749,0.7847574847738749,0.0,0.92,0.92,0.0,0.8886692564378109,0.882906165211624,0.0057630912261869005,0.9117125110913931,0.9117125110913931,0.0,0.9912548065185547,0.9844987988471985,0.006756007671356201,0.9193091988563538,0.9211589694023132,-0.0018497705459594727,0.9181086085736752,0.9198781158775091,-0.0017695073038339615
1035,go,function,method,variable,close_entity,0.5503212081491042,0.5503212081491042,0.0,0.6666666666666666,0.6666666666666666,0.0,0.4729838019335702,0.45023701788407683,0.022746784049493374,0.625,0.625,0.0,0.9690583944320679,0.9619112014770508,0.00714719295501709,0.9767979383468628,0.3341737985610962,0.6426241397857666,0.9746640902012587,-0.10828131437301636,1.082945404574275
1036,go,error,exception,warning,diagnostic,0.3466806371753173,0.3466806371753173,0.0,0.6666666666666666,0.6666666666666666,0.0,0.47739685683291005,0.4175167559741635,0.059880100858746566,0.3333333333333333,0.3333333333333333,0.0,0.9649560451507568,0.9620730876922607,0.0028829574584960938,0.9755257964134216,0.8359835743904114,0.13954222202301025,0.9697182825766504,0.8241112139075994,0.14560706866905093
1046,go,error,exception,warning,diagnostic,0.8751704261509157,0.8751704261509157,0.0,0.9318181818181818,0.9318181818181818,0.0,0.9020239823879082,0.8932139130507692,0.008810069337138904,0.9329302091206854,0.9329302091206854,0.0,0.9915791749954224,0.9941966533660889,-0.002617478370666504,0.6795066595077515,0.6828930974006653,-0.0033864378929138184,0.43864065408706665,0.4750298261642456,-0.036389172077178955
1070,go,test,check,config,infrastructure,0.3466806371753173,0.3466806371753173,0.0,0.6666666666666666,0.6666666666666666,0.0,0.5337907716979466,0.5172578515113936,0.016532920186553057,0.3333333333333333,0.3333333333333333,0.0,0.9381327629089355,0.9062296152114868,0.03190314769744873,0.9967684745788574,0.127335324883461,0.8694331496953964,0.996384941478027,-0.6907972544431686,1.6871821959211957
1094,go,error,exception,warning,diagnostic,0.8787419089273847,0.8787419089273847,0.0,0.9545454545454546,0.9545454545454546,0.0,0.9332137279488742,0.9273484198404108,0.0058653081084634184,0.9541331684188827,0.9541331684188827,0.0,0.9911101460456848,0.9904748797416687,0.0006352663040161133,0.980453372001648,0.5343461036682129,0.44610726833343506,0.9793035241309553,0.47340961918234825,0.5058939049486071
1120,go,error,exception,warning,diagnostic,0.7825422900366438,0.7825422900366438,0.0,0.8888888888888888,0.8888888888888888,0.0,0.8059642828031646,0.7875283867580579,0.018435896045106648,0.8819444444444444,0.8819444444444444,0.0,0.9880915880203247,0.9834010601043701,0.00469052791595459,0.9499096274375916,0.7025336623191833,0.2473759651184082,0.9093720652163029,0.6944776689633727,0.21489439625293016
1166,go,errors,exceptions,warnings,diagnostic,0.9127592114472296,0.9127592114472296,0.0,0.9666666666666667,0.9666666666666667,0.0,0.9503991022901593,0.9460905803616317,0.004308521928527598,0.966508125247721,0.966508125247721,0.0,0.9963322281837463,0.9971325397491455,-0.0008003115653991699,0.8597738742828369,0.25333237648010254,0.6064414978027344,0.858526941970922,0.25237041601212695,0.6061565259587951
1268,go,error,exception,warning,diagnostic,0.8867047947918719,0.8867047947918719,0.0,0.9523809523809523,0.9523809523809523,0.0,0.924758093107267,0.918114641684694,0.0066434514225729435,0.9519047619047619,0.9519047619047619,0.0,0.9954810738563538,0.9951049089431763,0.00037616491317749023,0.9393468499183655,0.6464853286743164,0.2928615212440491,0.9351438917219639,0.6124608628451824,0.32268302887678146
1268,go,errors,exceptions,warnings,diagnostic,0.8725129388059685,0.8725129388059685,0.0,0.9523809523809523,0.9523809523809523,0.0,0.924758093107267,0.918114641684694,0.0066434514225729435,0.9519047619047619,0.9519047619047619,0.0,0.9943358898162842,0.9937835931777954,0.0005522966384887695,0.9093617796897888,0.5162769556045532,0.3930848240852356,0.8957768380641937,0.4631143622100353,0.4326624758541584
1268,go,log,trace,output,infrastructure,0.9132027013286006,0.9132027013286006,0.0,0.9523809523809523,0.9523809523809523,0.0,0.9428770735240988,0.9426016547858995,0.0002754187381992512,0.9519047619047619,0.9519047619047619,0.0,0.9938299059867859,0.9952568411827087,-0.0014269351959228516,0.056878432631492615,0.2386718988418579,-0.1817934662103653,-0.7991805821657181,-0.3837210536003113,-0.4154595285654068
1275,go,error,exception,warning,diagnostic,0.957414465780703,0.957414465780703,0.0,0.9791666666666666,0.9791666666666666,0.0,0.9696223280655283,0.9670160761455945,0.0026062519199337997,0.9791289422061265,0.9791289422061265,0.0,0.9985992908477783,0.9987188577651978,-0.0001195669174194336,0.9620316624641418,0.8341987729072571,0.12783288955688477,0.9589836150407791,0.7816184423863888,0.17736517265439034
1291,go,log,trace,output,infrastructure,0.7598356856515927,0.7598356856515927,0.0,0.8333333333333334,0.8333333333333334,0.0,0.8681542586466248,0.8673090089888376,0.000845249657787206,0.8300000000000002,0.8300000000000002,0.0,0.9778158664703369,0.9706586003303528,0.007157266139984131,0.38490763306617737,0.09313257783651352,0.29177505522966385,-0.05415317416191101,-0.7857491746544838,0.7315960004925728
1405,go,bug,issue,feature,diagnostic,0.5946035575013604,0.5946035575013604,0.0,0.75,0.75,0.0,0.6926008511616731,0.6680674981297323,0.02453335303194082,0.7361111111111112,0.7361111111111112,0.0,0.9565616846084595,0.961671769618988,-0.0051100850105285645,0.9904389381408691,0.005179222673177719,0.9852597154676914,0.989735190058127,-0.9710308350622654,1.9607660251203924
1587,go,method,function,attribute,close_entity,0.7016879391277372,0.7016879391277372,0.0,0.8888888888888888,0.8888888888888888,0.0,0.7709068070536237,0.7710774020026798,-0.00017059494905613537,0.8412698412698414,0.8412698412698414,0.0,0.9896846413612366,0.9755885004997253,0.01409614086151123,0.9760499000549316,0.8297795057296753,0.14627039432525635,0.9642913704738021,0.7328532338142395,0.2314381366595626
1588,go,method,function,attribute,close_entity,0.5503212081491042,0.5503212081491042,0.0,0.6666666666666666,0.6666666666666666,0.0,0.6108787744159461,0.6033140728822969,0.007564701533649187,0.625,0.625,0.0,0.9635269641876221,0.938712477684021,0.024814486503601074,0.9732657670974731,0.6495395302772522,0.32372623682022095,0.9683886296115816,0.48047468066215515,0.4879139489494264
1630,go,input,entry,output,directional,0.8843865924896839,0.8843865924896839,0.0,0.9500000000000001,0.9500000000000001,0.0,0.9452750006579184,0.9641386247934832,-0.01886362413556486,0.943675509419454,0.943675509419454,0.0,0.9929472804069519,0.9965784549713135,-0.0036311745643615723,0.9428125619888306,0.06286071985960007,0.8799518421292305,0.9404490774031729,-0.7140628173947334,1.6545118947979063
1670,go,bug,issue,feature,diagnostic,0.537284965911771,0.537284965911771,0.0,0.8333333333333334,0.8333333333333334,0.0,0.8088828718350923,0.7974632247582832,0.011419647076809092,0.8066666666666668,0.8066666666666668,0.0,0.9806347489356995,0.9697611927986145,0.010873556137084961,0.9968944787979126,0.12993274629116058,0.866961732506752,0.9964599260420073,-0.7035278826951981,1.6999878087372053
1780,go,parameters,arguments,constants,close_entity,0.3799178428257963,0.3799178428257963,0.0,0.8333333333333334,0.8333333333333334,0.0,0.6585659537695512,0.6328398546263546,0.025726099143196568,0.8066666666666668,0.8066666666666668,0.0,0.9893962144851685,0.9846333265304565,0.004762887954711914,0.9861400127410889,0.39662817120552063,0.5895118415355682,0.9790724995546043,0.007868528366088867,0.9712039711885154
1782,go,errors,exceptions,warnings,diagnostic,0.6687403049764218,0.6687403049764218,0.0,0.8000000000000002,0.8000000000000002,0.0,0.7626610617171222,0.7320827269979623,0.03057833471915994,0.7937500000000002,0.7937500000000002,0.0,0.9785597920417786,0.9764657020568848,0.002094089984893799,0.9514272212982178,0.4840224087238312,0.4674048125743866,0.9397940151393414,0.40726014971733093,0.5325338654220104
1796,go,error,exception,warning,diagnostic,0.4889230224349009,0.4889230224349009,0.0,0.8571428571428571,0.8571428571428571,0.0,0.7822191692111589,0.7660753411289121,0.01614382808224679,0.8412698412698414,0.8412698412698414,0.0,0.9811474680900574,0.9755764007568359,0.0055710673332214355,0.9911656975746155,0.9628241062164307,0.028341591358184814,0.988033952191472,0.9624070250720251,0.02562692711944692
1874,go,errors,exceptions,warnings,diagnostic,0.9581282631934458,0.9581282631934458,0.0,0.9782608695652174,0.9782608695652174,0.0,0.972961650692773,0.9706469073743321,0.0023147433184408372,0.9742879465871156,0.9742879465871156,0.0,0.9985409379005432,0.9990818500518799,-0.0005409121513366699,0.9480648636817932,0.8906024694442749,0.05746239423751831,0.9425342860631645,0.8837090898305178,0.058825196232646704
1890,go,error,exception,warning,diagnostic,0.82651681837938,0.82651681837938,0.0,0.9166666666666666,0.9166666666666666,0.0,0.8655921732045152,0.8596526870977909,0.005939486106724345,0.9139118457300276,0.9139118457300276,0.0,0.9829216599464417,0.9907903075218201,-0.007868647575378418,0.9801596403121948,0.8414918184280396,0.13866782188415527,0.9768589362502098,0.8393591814674437,0.1374997547827661
1890,go,log,trace,output,infrastructure,0.9036020036098446,0.9036020036098446,0.0,0.9166666666666666,0.9166666666666666,0.0,0.9344185699562104,0.9308282416881526,0.0035903282680578297,0.9163223140495868,0.9163223140495868,0.0,0.9811820983886719,0.9893062710762024,-0.008124172687530518,0.016509050503373146,0.502975583076477,-0.4864665325731039,-0.9521041568368673,0.13206851482391357,-1.084172671660781
1935,go,log,trace,output,infrastructure,0.6434588841607617,0.6434588841607617,0.0,0.8571428571428571,0.8571428571428571,0.0,0.7757224201918437,0.7756449294460342,7.749074580942761e-05,0.8412698412698414,0.8412698412698414,0.0,0.980273962020874,0.9803601503372192,-8.618831634521484e-05,0.1591111123561859,0.018718047067523003,0.1403930652886629,-0.5396972596645355,-0.9039130378514528,0.3642157781869173
1954,go,functions,methods,variables,close_entity,0.940028651976138,0.940028651976138,0.0,0.9772727272727273,0.9772727272727273,0.0,0.9622479788136805,0.9601286362833826,0.0021193425302978852,0.9761338205716552,0.9761338205716552,0.0,0.9988934993743896,0.9961121678352356,0.0027813315391540527,0.9393028020858765,0.33299997448921204,0.6063028275966644,0.9353762343525887,0.3293223585933447,0.606053875759244
1991,go,errors,exceptions,warnings,diagnostic,0.9452861848260069,0.9452861848260069,0.0,0.975609756097561,0.975609756097561,0.0,0.9684115803045352,0.9656993287854385,0.002712251519096709,0.9755487804878049,0.9755487804878049,0.0,0.9977959394454956,0.9982168674468994,-0.0004209280014038086,0.9797520041465759,0.914649486541748,0.06510251760482788,0.979063208331354,0.9137619928806089,0.06530121545074508
2006,go,function,method,variable,close_entity,0.6580370064762461,0.6580370064762461,0.0,0.8888888888888888,0.8888888888888888,0.0,0.8758724315166733,0.8694342010373193,0.00643823047935399,0.864795918367347,0.864795918367347,0.0,0.9961863160133362,0.9895564317703247,0.006629884243011475,0.9600578546524048,0.7358850836753845,0.22417277097702026,0.9386676382273436,0.6552940309047699,0.28337360732257366
2027,go,warning,alert,error,diagnostic,0.7506238537503396,0.7506238537503396,0.0,0.8888888888888888,0.8888888888888888,0.0,0.7494279427148772,0.7494279427148772,0.0,0.8819444444444444,0.8819444444444444,0.0,0.9817548394203186,0.9785648584365845,0.003189980983734131,0.17138072848320007,0.008543210104107857,0.16283751837909222,-0.6329328119754791,-0.9613002967089415,0.32836748473346233
2027,go,logs,traces,outputs,infrastructure,0.8633400213704508,0.8633400213704508,0.0,0.8888888888888888,0.8888888888888888,0.0,0.8847334256180452,0.8841664873683623,0.0005669382496829023,0.8880208333333333,0.8880208333333333,0.0,0.9832656383514404,0.9837237596511841,-0.00045812129974365234,0.08828528225421906,0.10518968105316162,-0.016904398798942566,-0.16303105652332306,-0.40772002935409546,0.2446889728307724
2051,go,function,method,variable,close_entity,0.8137489370974959,0.8137489370974959,0.0,0.9047619047619048,0.9047619047619048,0.0,0.8414113462743257,0.8322059638876595,0.009205382386666128,0.9042342698852395,0.9042342698852395,0.0,0.9905129671096802,0.98528653383255,0.005226433277130127,0.8887619376182556,0.10539528727531433,0.7833666503429413,0.8594873268157244,-0.26219654083251953,1.121683867648244
2229,go,test,check,config,infrastructure,0.8394327083733333,0.8394327083733333,0.0,0.9333333333333333,0.9333333333333333,0.0,0.9027080422171478,0.8976823698802547,0.0050256723368931056,0.9268808114961962,0.9268808114961962,0.0,0.9828389286994934,0.9809121489524841,0.0019267797470092773,0.9648842215538025,0.0023830465506762266,0.9625011750031263,0.9632683723466471,-0.05364331533201039,1.0169116876786575
2254,go,test,check,config,infrastructure,0.9095666970593141,0.9095666970593141,0.0,0.9473684210526315,0.9473684210526315,0.0,0.9283325295138706,0.9245469150027187,0.0037856145111518913,0.9054545454545455,0.9054545454545455,0.0,0.9959788918495178,0.9907670617103577,0.005211830139160156,0.9677736759185791,0.07821725308895111,0.889556422829628,0.9628102192655206,-0.5870054513216019,1.5498156705871224
2265,go,error,exception,warning,diagnostic,0.8985396083419644,0.8985396083419644,0.0,0.9583333333333334,0.9583333333333334,0.0,0.9394508531605544,0.9341543794532885,0.005296473707265936,0.9580182734719597,0.9580182734719597,0.0,0.9894790053367615,0.9947026968002319,-0.005223691463470459,0.9852477312088013,0.8849567174911499,0.10029101371765137,0.984541928046383,0.8813943446148187,0.10314758343156427
2300,go,function,method,variable,close_entity,0.8633400213704508,0.8633400213704508,0.0,0.9,0.9,0.0,0.8382465399753053,0.827399731001182,0.010846808974123268,0.8880208333333333,0.8880208333333333,0.0,0.993587851524353,0.9879179000854492,0.005669951438903809,0.6900970339775085,0.33643674850463867,0.3536602854728699,0.6377084366977215,0.2389492467045784,0.3987591899931431
2318,go,function,method,variable,close_entity,0.941435681721808,0.941435681721808,0.0,0.9736842105263158,0.9736842105263158,0.0,0.9468340752151557,0.9438901239125853,0.0029439513025704134,0.9728895562228896,0.9723056389723057,0.0005839172505839318,0.9979958534240723,0.9952468872070312,0.0027489662170410156,0.8101392388343811,0.8756148219108582,-0.06547558307647705,0.7385556697845459,0.8547588270157576,-0.11620315723121166
2331,go,function,method,variable,close_entity,0.8987547482669217,0.8987547482669217,0.0,0.9534883720930233,0.9534883720930233,0.0,0.9176867595617915,0.9132257360374326,0.0044610235243588425,0.9521800595238095,0.9521800595238095,0.0,0.9983671307563782,0.9958282709121704,0.0025388598442077637,0.7759115099906921,0.4072386622428894,0.36867284774780273,0.7685468792915344,0.3110809847712517,0.45746589452028275
2367,go,methods,functions,attributes,close_entity,0.4111336169005196,0.4111336169005196,0.0,0.8333333333333334,0.8333333333333334,0.0,0.6980636436603761,0.6932890303311248,0.0047746133292513315,0.8066666666666668,0.8066666666666668,0.0,0.9645074605941772,0.9630565643310547,0.0014508962631225586,0.9707803130149841,0.48581215739250183,0.4849681556224823,0.9629543572664261,0.2639157772064209,0.6990385800600052
2380,go,methods,functions,attributes,close_entity,0.8656030552541704,0.8656030552541704,0.0,0.9473684210526315,0.9473684210526315,0.0,0.9418991280264755,0.9406272269436297,0.0012719010828458055,0.9467186484730344,0.9467186484730344,0.0,0.9977142214775085,0.9938780665397644,0.0038361549377441406,0.9578201174736023,0.8414539694786072,0.11636614799499512,0.9463217258453369,0.7615973204374313,0.18472440540790558
2382,go,function,method,variable,close_entity,0.9516433313522532,0.9516433313522532,0.0,0.9772727272727273,0.9772727272727273,0.0,0.9542980805166538,0.9517504981442256,0.0025475823724281366,0.9766914517745082,0.9766914517745082,0.0,0.9986000061035156,0.9945720434188843,0.004027962684631348,0.46043115854263306,0.1373308300971985,0.32310032844543457,0.454797085840255,0.13423829013481736,0.32055879570543766
2382,go,log,trace,output,infrastructure,0.9027045686134241,0.9027045686134241,0.0,0.9545454545454546,0.9545454545454546,0.0,0.9450634519997226,0.9448386843560794,0.0002247676436432089,0.9533016061867936,0.9533016061867936,0.0,0.9960898160934448,0.9956804513931274,0.0004093647003173828,0.14114469289779663,0.1617584377527237,-0.020613744854927063,0.07590299844741821,0.1446683369576931,-0.06876533851027489
2383,go,error,exception,warning,diagnostic,0.6434588841607617,0.6434588841607617,0.0,0.8333333333333334,0.8333333333333334,0.0,0.7228039671267649,0.6951346832900499,0.027669283836714964,0.8066666666666668,0.8066666666666668,0.0,0.9810253381729126,0.9860528111457825,-0.005027472972869873,0.18628139793872833,0.11797250062227249,0.06830889731645584,0.17362770810723305,0.11568325641565025,0.0579444516915828
2384,go,error,exception,warning,diagnostic,0.9353695731020621,0.9353695731020621,0.0,0.972972972972973,0.972972972972973,0.0,0.9624203348808921,0.9591811540408792,0.0032391808400128452,0.9728895562228896,0.9728895562228896,0.0,0.9954259395599365,0.9969090223312378,-0.0014830827713012695,0.685550332069397,0.10522328317165375,0.5803270488977432,0.6821093484759331,0.10455660405568779,0.5775527444202453
2384,go,errors,exceptions,warnings,diagnostic,0.9353695731020621,0.9353695731020621,0.0,0.972972972972973,0.972972972972973,0.0,0.9624203348808921,0.9591811540408792,0.0032391808400128452,0.9728895562228896,0.9728895562228896,0.0,0.9972422122955322,0.997238039970398,4.172325134277344e-06,0.8890292644500732,0.03323528915643692,0.8557939752936363,0.8883763437042944,0.031502895639277995,0.8568734480650164
2387,go,log,trace,output,infrastructure,0.8895260356363631,0.8895260356363631,0.0,0.9565217391304348,0.9565217391304348,0.0,0.9412228912323577,0.9409697670128626,0.00025312421949508224,0.9561624146604384,0.9561624146604384,0.0,0.9920018315315247,0.9942008256912231,-0.0021989941596984863,0.031231695786118507,0.09812105447053909,-0.06688935868442059,-0.9071969445794821,-0.7699178978800774,-0.13727904669940472
2406,go,log,trace,output,infrastructure,0.8856971740795008,0.8856971740795008,0.0,0.9523809523809523,0.9523809523809523,0.0,0.933254371166067,0.9320787732167443,0.0011755979493227597,0.9497662742382272,0.9497662742382272,0.0,0.993640661239624,0.9944777488708496,-0.0008370876312255859,0.741256833076477,0.9592328071594238,-0.21797597408294678,0.564058318734169,0.9425067603588104,-0.3784484416246414
2408,go,log,trace,output,infrastructure,0.9163140145331569,0.9163140145331569,0.0,0.9615384615384616,0.9615384615384616,0.0,0.948418651756394,0.9467707136361934,0.0016479381202005872,0.9612923076923077,0.9612923076923077,0.0,0.9958567023277283,0.9952340126037598,0.0006226897239685059,0.4532410502433777,0.39270612597465515,0.060534924268722534,0.006765395402908325,-0.05088505148887634,0.05765044689178467
2409,go,bug,issue,feature,diagnostic,0.9427781070492712,0.9427781070492712,0.0,0.9767441860465116,0.9767441860465116,0.0,0.9698730204645457,0.9678450959954341,0.002027924469111597,0.9766914517745082,0.9766914517745082,0.0,0.9964677095413208,0.9937322735786438,0.002735435962677002,0.7760443091392517,0.4484662115573883,0.3275780975818634,0.7754062073072419,0.446887519559823,0.3285186877474189
2442,go,test,check,config,infrastructure,0.9253742688467129,0.9253742688467129,0.0,0.9545454545454546,0.9545454545454546,0.0,0.9445409722969166,0.9408460616673211,0.0036949106295954826,0.9510030307403665,0.9511553695418611,-0.00015233880149456702,0.9932819604873657,0.9917819499969482,0.0015000104904174805,0.9475282430648804,0.06788411736488342,0.879644125699997,0.9464944631326944,-0.8225899636745453,1.7690844268072397
2444,go,error,exception,warning,diagnostic,0.8931539818068699,0.8931539818068699,0.0,0.8888888888888888,0.8888888888888888,0.0,0.9094276879613372,0.8969113039010133,0.01251638406032396,0.8737244897959183,0.8737244897959183,0.0,0.9805717468261719,0.9820196628570557,-0.001447916030883789,0.9809175729751587,0.7918086647987366,0.18910890817642212,0.9790621737483889,0.785492901224643,0.1935692725237459
2444,go,test,check,config,infrastructure,0.7016879391277372,0.7016879391277372,0.0,0.8888888888888888,0.8888888888888888,0.0,0.8696958417185683,0.8631594317261466,0.006536409992421666,0.864795918367347,0.864795918367347,0.0,0.9910269975662231,0.9785124659538269,0.01251453161239624,0.9947303533554077,0.09715906530618668,0.897571288049221,0.9934153764043003,-0.1473843827843666,1.140799759188667
2453,go,function,method,variable,close_entity,0.9385522307631307,0.9385522307631307,0.0,0.9736842105263158,0.9736842105263158,0.0,0.9547218519086758,0.9521969389560307,0.0025249129526450087,0.9728895562228896,0.9728895562228896,0.0,0.9985840320587158,0.9961201548576355,0.0024638772010803223,0.8927402496337891,0.8631795644760132,0.02956068515777588,0.8326304480433464,0.8064782842993736,0.02615216374397278
2453,go,error,exception,warning,diagnostic,0.9385522307631307,0.9385522307631307,0.0,0.9736842105263158,0.9736842105263158,0.0,0.9671003083404964,0.9642730723710877,0.0028272359694087035,0.9728895562228896,0.9728895562228896,0.0,0.9952197670936584,0.9957951307296753,-0.0005753636360168457,0.8719185590744019,0.8704215884208679,0.0014969706535339355,0.802169919013977,0.8067137375473976,-0.004543818533420563
2463,go,test,check,config,infrastructure,0.8003203203845001,0.8003203203845001,0.0,0.9,0.9,0.0,0.8965417212449834,0.8912264580089422,0.005315263236041257,0.864795918367347,0.864795918367347,0.0,0.9939556121826172,0.9840118288993835,0.009943783283233643,0.9869879484176636,0.5745537877082825,0.4124341607093811,0.9840738824568689,0.2902585566043854,0.6938153258524835
2473,go,error,exception,warning,diagnostic,0.9050990896061494,0.9050990896061494,0.0,0.9534883720930233,0.9534883720930233,0.0,0.9253349115236162,0.9178483476305356,0.007486563893080667,0.9523214285714285,0.9523214285714285,0.0,0.9926188588142395,0.9926366209983826,-1.7762184143066406e-05,0.9073962569236755,0.7329772114753723,0.17441904544830322,0.9064615971292369,0.7074479032307863,0.19901369389845058
2473,go,test,check,config,infrastructure,0.9220450449751955,0.9220450449751955,0.0,0.9534883720930233,0.9534883720930233,0.0,0.9369263891231547,0.9327480950461825,0.004178294076972233,0.9519047619047619,0.9523214285714285,-0.0004166666666666208,0.9904491305351257,0.9901824593544006,0.00026667118072509766,0.9039773344993591,0.044774409383535385,0.8592029251158237,0.8875080179423094,-0.7121347226202488,1.5996427405625582
2492,go,test,check,config,infrastructure,0.9597669664321671,0.9597669664321671,0.0,0.9818181818181818,0.9818181818181818,0.0,0.9701916684318559,0.9685598860918315,0.001631782340024368,0.9803607843137254,0.9803607843137254,0.0,0.9953428506851196,0.9939706921577454,0.0013721585273742676,0.8841496706008911,0.4580809772014618,0.4260686933994293,0.8699908135458827,0.28419336676597595,0.5857974467799067
2492,go,log,trace,output,infrastructure,0.9597669664321671,0.9597669664321671,0.0,0.9818181818181818,0.9818181818181818,0.0,0.9731076820155381,0.9722234445490252,0.0008842374665128938,0.9803607843137254,0.9803607843137254,0.0,0.9974726438522339,0.997317910194397,0.00015473365783691406,0.8917532563209534,0.8033991456031799,0.08835411071777344,0.8666105419397354,0.6795025765895844,0.18710796535015106
2492,go,logs,traces,outputs,infrastructure,0.9097447296143484,0.9097447296143484,0.0,0.9636363636363636,0.9636363636363636,0.0,0.9463132529626157,0.9460916937577717,0.00022155920484401292,0.9606740655445852,0.9606740655445852,0.0,0.995903491973877,0.9956523776054382,0.0002511143684387207,0.8585957288742065,0.8916761875152588,-0.033080458641052246,0.8004632480442524,0.8640689589083195,-0.06360571086406708
2503,go,test,check,config,infrastructure,0.8966567355675293,0.8966567355675293,0.0,0.9574468085106385,0.9574468085106385,0.0,0.9390484251775849,0.9357735037252353,0.003274921452349644,0.9553933056907639,0.9553933056907639,0.0,0.9888830184936523,0.9902971982955933,-0.001414179801940918,0.8940510153770447,0.11566872894763947,0.7783822864294052,0.8895058217458427,-0.3245568722486496,1.2140626939944923
2507,go,log,trace,output,infrastructure,0.9095930632220219,0.9095930632220219,0.0,0.9615384615384616,0.9615384615384616,0.0,0.9497371940446758,0.9495108595147742,0.0002263345299016173,0.9597222222222221,0.9597222222222221,0.0,0.994124710559845,0.9953126907348633,-0.0011879801750183105,0.44030848145484924,0.7785311937332153,-0.3382227122783661,0.4116298668086529,0.774005651473999,-0.36237578466534615
2518,go,errors,exceptions,warnings,diagnostic,0.9061874434879649,0.9061874434879649,0.0,0.96,0.96,0.0,0.9428473131542231,0.9378587664894915,0.004988546664731586,0.9597222222222221,0.9597222222222221,0.0,0.995929479598999,0.9969037771224976,-0.0009742975234985352,0.9424118995666504,0.6544321179389954,0.28797978162765503,0.9283294230699539,0.6379474252462387,0.2903819978237152
2568,go,test,check,config,infrastructure,0.8656030552541704,0.8656030552541704,0.0,0.9500000000000001,0.9500000000000001,0.0,0.9354187308030678,0.9319865139395899,0.0034322168634779437,0.9494459833795015,0.9494459833795015,0.0,0.994971513748169,0.9849367737770081,0.010034739971160889,0.9477639198303223,0.8352222442626953,0.11254167556762695,0.942414668854326,0.8161986283957958,0.1262160404585302
2568,go,tests,checks,configs,infrastructure,0.8656030552541704,0.8656030552541704,0.0,0.9500000000000001,0.9500000000000001,0.0,0.9354187308030678,0.9319865139395899,0.0034322168634779437,0.9494459833795015,0.9494459833795015,0.0,0.9937828779220581,0.9821064472198486,0.011676430702209473,0.6990283131599426,0.007614410016685724,0.6914139031432569,0.6933191404677927,-0.4651439725421369,1.1584631130099297
2572,go,tests,checks,configs,infrastructure,0.6580370064762461,0.6580370064762461,0.0,0.8888888888888888,0.8888888888888888,0.0,0.8722463262924424,0.8658231689724096,0.006423157320032735,0.8819444444444444,0.8819444444444444,0.0,0.9844666719436646,0.9728299975395203,0.011636674404144287,0.9837943911552429,0.06691121309995651,0.9168831780552864,0.9792979266494513,-0.388157494366169,1.3674554210156202
2617,go,log,trace,output,infrastructure,0.9316103763537944,0.9316103763537944,0.0,0.967741935483871,0.967741935483871,0.0,0.9634424031570922,0.9622537152658309,0.001188687891261253,0.9640897511267882,0.9640897511267882,0.0,0.996482789516449,0.9973154067993164,-0.0008326172828674316,0.914703905582428,0.6459031105041504,0.2688007950782776,0.8983362223953009,0.39405375719070435,0.5042824652045965
2629,go,test,check,config,infrastructure,0.5253819788848316,0.5253819788848316,0.0,0.75,0.75,0.0,0.6842556856931317,0.6672471880558727,0.01700849763725898,0.7361111111111112,0.7361111111111112,0.0,0.9717217683792114,0.9709890484809875,0.000732719898223877,0.8290382027626038,0.03197947517037392,0.7970587275922298,0.7396044880151749,-0.3274335227906704,1.0670380108058453
2692,go,error,exception,warning,diagnostic,0.8408964152537145,0.8408964152537145,0.0,0.8571428571428571,0.8571428571428571,0.0,0.8557705481637378,0.8350798311460997,0.020690717017638027,0.8551587301587302,0.8551587301587302,0.0,0.9869050979614258,0.9778757095336914,0.009029388427734375,0.958189070224762,0.31489798426628113,0.6432910859584808,0.9516920810565352,0.2896783910691738,0.6620136899873614
2712,go,error,exception,warning,diagnostic,0.8873133342926627,0.8873133342926627,0.0,0.9512195121951219,0.9512195121951219,0.0,0.9335260986922854,0.9276773834420188,0.005848715250266645,0.9510030307403665,0.9510030307403665,0.0,0.9913434386253357,0.9932832717895508,-0.0019398331642150879,0.5231009125709534,0.14092452824115753,0.38217638432979584,0.07583075761795044,-0.6944818943738937,0.7703126519918442
2712,go,bug,issue,feature,diagnostic,0.9780085452567774,0.9780085452567774,0.0,0.975609756097561,0.975609756097561,0.0,0.9848738879874788,0.9830354836497611,0.0018384043377176473,0.9756021341463414,0.9756021341463414,0.0,0.996368944644928,0.9963558912277222,1.3053417205810547e-05,0.7193528413772583,0.0020692471880465746,0.7172835941892117,0.4630373418331146,-0.9809923048596829,1.4440296466927975
2747,go,tests,checks,configs,infrastructure,0.8787419089273847,0.8787419089273847,0.0,0.9500000000000001,0.9500000000000001,0.0,0.9412294482159943,0.9380904192213976,0.0031390289945967265,0.9494459833795015,0.9494459833795015,0.0,0.994886040687561,0.9919310808181763,0.0029549598693847656,0.9234356880187988,0.1459842175245285,0.7774514704942703,0.9119170550256968,-0.4278441220521927,1.3397611770778894
2754,go,comment,note,command,infrastructure,0.8739351325046809,0.8739351325046809,0.0,0.9411764705882353,0.9411764705882353,0.0,0.9179196082263701,0.9460465562713251,-0.02812694804495497,0.9319727891156462,0.9319727891156462,0.0,0.9932831525802612,0.9842102527618408,0.00907289981842041,0.9396569728851318,0.4092465043067932,0.5304104685783386,0.9271544609218836,0.20567825436592102,0.7214762065559626
2797,go,log,trace,output,infrastructure,0.5946035575013611,0.5946035575013611,0.0,0.875,0.875,0.0,0.8229669749558637,0.8227006413982759,0.00026633355758776123,0.864795918367347,0.864795918367347,0.0,0.9814916253089905,0.9814014434814453,9.018182754516602e-05,0.928837776184082,0.2719835937023163,0.6568541824817657,0.8930761739611626,-0.25367090106010437,1.146747075021267
2803,go,tests,checks,configs,infrastructure,0.919322715224919,0.919322715224919,0.0,0.9666666666666667,0.9666666666666667,0.0,0.9520211082158299,0.9494347388618006,0.0025863693540292276,0.9653413089373681,0.9653413089373681,0.0,0.9927940368652344,0.9914595484733582,0.0013344883918762207,0.9532605409622192,0.2910313010215759,0.6622292399406433,0.9507795958779752,-0.11783075332641602,1.0686103492043912
2913,go,function,method,variable,close_entity,0.9452861848260069,0.9452861848260069,0.0,0.9782608695652174,0.9782608695652174,0.0,0.9585639886483649,0.9562454205598985,0.0023185680884664217,0.9777318640955005,0.9777318640955005,0.0,0.9972443580627441,0.9948520660400391,0.002392292022705078,0.980963945388794,0.9726899862289429,0.008273959159851074,0.9785098768770695,0.970075412420556,0.008434464456513524
2971,go,log,trace,output,infrastructure,0.8347563508866297,0.8347563508866297,0.0,0.9130434782608695,0.9130434782608695,0.0,0.9023046756504853,0.902023666013758,0.00028100963672728074,0.9117125110913931,0.9117125110913931,0.0,0.9911690950393677,0.9927249550819397,-0.0015558600425720215,0.059177499264478683,0.016062181442975998,0.043115317821502686,-0.8333729691803455,-0.905390877276659,0.07201790809631348
2971,go,logs,traces,outputs,infrastructure,0.9331509974194675,0.9331509974194675,0.0,0.9565217391304348,0.9565217391304348,0.0,0.9509899944694618,0.9507678869898808,0.00022210747958095745,0.9561624146604384,0.9561624146604384,0.0,0.9930583834648132,0.9952841401100159,-0.0022257566452026367,0.13105274736881256,0.029785053804516792,0.10126769356429577,0.11028190515935421,-0.5008797477930784,0.6111616529524326
2993,go,logs,traces,outputs,infrastructure,0.929923845210929,0.929923845210929,0.0,0.9696969696969697,0.9696969696969697,0.0,0.9594187551160512,0.9592269819256465,0.0001917731904047537,0.9713297083539298,0.9713297083539298,0.0,0.9882789850234985,0.9922806024551392,-0.004001617431640625,0.8828010559082031,0.9438668489456177,-0.06106579303741455,0.8715638443827629,0.9426580737344921,-0.07109422935172915
3010,go,test,check,config,infrastructure,0.7085876411943929,0.7085876411943929,0.0,0.8666666666666667,0.8666666666666667,0.0,0.8285587916877529,0.8188618197367394,0.009696971951013489,0.8436109345200256,0.8436109345200256,0.0,0.9890722632408142,0.9835734963417053,0.005498766899108887,0.3427180051803589,0.009677138179540634,0.33304086700081825,-0.2544490694999695,-0.9628819562494755,0.708432886749506
3018,go,function,method,variable,close_entity,0.9157103753711765,0.9157103753711765,0.0,0.9655172413793104,0.9655172413793104,0.0,0.9155813118030843,0.9110374497773869,0.004543862025697454,0.9653413089373681,0.9653413089373681,0.0,0.9976333379745483,0.994195282459259,0.0034380555152893066,0.8049548268318176,0.43332523107528687,0.37162959575653076,0.7970036938786507,0.42459534481167793,0.37240834906697273
3018,go,log,trace,output,infrastructure,0.9157103753711765,0.9157103753711765,0.0,0.9655172413793104,0.9655172413793104,0.0,0.9493052358008786,0.9490774607428787,0.0002277750579998683,0.9653413089373681,0.9653413089373681,0.0,0.9940385818481445,0.9897893667221069,0.004249215126037598,0.8415206074714661,0.7762921452522278,0.06522846221923828,0.8339679762721062,0.7177091836929321,0.11625879257917404
3065,go,log,trace,output,infrastructure,0.8578928092681438,0.8578928092681438,0.0,0.9411764705882353,0.9411764705882353,0.0,0.9340121408965455,0.9253734455891922,0.008638695307353284,0.9363888888888889,0.9363888888888889,0.0,0.9934347867965698,0.9906052947044373,0.0028294920921325684,0.38712817430496216,0.9197691082954407,-0.5326409339904785,-0.134036123752594,0.9084719065576792,-1.0425080303102732
3095,go,test,check,config,infrastructure,0.3928146509005128,0.3928146509005128,0.0,0.8000000000000002,0.8000000000000002,0.0,0.6118779261080464,0.5952728859876539,0.016605040120392434,0.7789062500000001,0.7789062500000001,0.0,0.9683619737625122,0.9708672761917114,-0.0025053024291992188,0.9877570867538452,0.4945949912071228,0.4931620955467224,0.9855939603876323,0.27565787732601166,0.7099360830616206
3116,go,errors,exceptions,warnings,diagnostic,0.9715003449158377,0.9715003449158377,0.0,0.9830508474576272,0.9830508474576272,0.0,0.9790088047622906,0.9772187968049245,0.0017900079573660577,0.9791289422061265,0.9791289422061265,0.0,0.9984619617462158,0.9990317225456238,-0.000569760799407959,0.6718183159828186,0.5270752906799316,0.14474302530288696,0.37016674876213074,0.0902269184589386,0.27993983030319214
3131,go,tests,checks,configs,infrastructure,0.8656030552541704,0.8656030552541704,0.0,0.9473684210526315,0.9473684210526315,0.0,0.9153238574410227,0.9109013103254844,0.0044225471155383556,0.9402573529411764,0.9402573529411764,0.0,0.9852864742279053,0.9859921336174011,-0.0007056593894958496,0.9118371605873108,0.3124087154865265,0.5994284451007843,0.9074465865269303,0.15515491366386414,0.7522916728630662
3204,go,input,entry,output,directional,0.9336510695862633,0.9336510695862633,0.0,0.9714285714285714,0.9714285714285714,0.0,0.9562905834355384,0.9713526556625917,-0.015062072227053247,0.9695785984848485,0.9695785984848485,0.0,0.9975459575653076,0.9979729652404785,-0.00042700767517089844,0.8513621091842651,0.01091434620320797,0.8404477629810572,0.7311898618936539,-0.9692624602466822,1.700452322140336
3258,go,bug,issue,feature,diagnostic,0.5503212081491042,0.5503212081491042,0.0,0.6666666666666666,0.6666666666666666,0.0,0.7198217025494581,0.6963598172914274,0.023461885258030724,0.625,0.625,0.0,0.9802855849266052,0.9739373922348022,0.0063481926918029785,0.9844114184379578,0.03156357258558273,0.952847845852375,0.9840717144252267,-0.8660997226834297,1.8501714371086564
3370,go,error,exception,warning,diagnostic,0.4889230224349009,0.4889230224349009,0.0,0.8333333333333334,0.8333333333333334,0.0,0.7228039671267649,0.7022572703838996,0.020546696742865245,0.8066666666666668,0.8066666666666668,0.0,0.9801352024078369,0.9806747436523438,-0.0005395412445068359,0.9906105399131775,0.7982386946678162,0.19237184524536133,0.9889181696344167,0.7911112220026553,0.19780694763176143
3423,go,test,check,config,infrastructure,0.7611606003349888,0.7611606003349888,0.0,0.8888888888888888,0.8888888888888888,0.0,0.8371821227797756,0.8292524859643079,0.007929636815467656,0.8412698412698414,0.8412698412698414,0.0,0.9943250417709351,0.9853601455688477,0.008964896202087402,0.9914430975914001,0.4497092366218567,0.5417338609695435,0.9903282665181905,0.34064777195453644,0.6496804945636541
3454,go,test,check,config,infrastructure,0.4111336169005196,0.4111336169005196,0.0,0.8571428571428571,0.8571428571428571,0.0,0.8286265315571998,0.8203457925686786,0.008280738988521219,0.8412698412698414,0.8412698412698414,0.0,0.9860552549362183,0.9740184545516968,0.012036800384521484,0.9928802847862244,0.24883611500263214,0.7440441697835922,0.9907507686875761,0.06291767954826355,0.9278330891393125
3489,go,test,check,config,infrastructure,0.8153551038173119,0.8153551038173119,0.0,0.9333333333333333,0.9333333333333333,0.0,0.9012364553153411,0.8961413624735673,0.005095092841773785,0.9319727891156462,0.9319727891156462,0.0,0.9889336228370667,0.9880742430686951,0.000859379768371582,0.9218609929084778,0.5629727840423584,0.3588882088661194,0.9107998423278332,0.38096006214618683,0.5298397801816463
3493,go,test,check,config,infrastructure,0.8408964152537145,0.8408964152537145,0.0,0.875,0.875,0.0,0.9028820229741953,0.8948136331180624,0.008068389856132896,0.8737244897959183,0.8737244897959183,0.0,0.9866666197776794,0.9774423837661743,0.009224236011505127,0.9513130187988281,0.08578618615865707,0.865526832640171,0.9503968783537857,0.07480892539024353,0.8755879529635422
3516,go,test,check,config,infrastructure,0.8282477531331043,0.8282477531331043,0.0,0.9411764705882353,0.9411764705882353,0.0,0.9327593791625,0.9291940035062538,0.0035653756562461503,0.9402573529411764,0.9402573529411764,0.0,0.992279589176178,0.9884992241859436,0.003780364990234375,0.9449496269226074,0.7216035723686218,0.2233460545539856,0.9395786877721548,0.662903904914856,0.27667478285729885
3516,go,tests,checks,configs,infrastructure,0.8282477531331043,0.8282477531331043,0.0,0.9411764705882353,0.9411764705882353,0.0,0.9327593791625,0.9291940035062538,0.0035653756562461503,0.9402573529411764,0.9402573529411764,0.0,0.9931957125663757,0.9879798889160156,0.005215823650360107,0.9359126091003418,0.262370765209198,0.6735418438911438,0.9281940246000886,0.2586997472681105,0.6694942773319781
3588,go,tests,checks,configs,infrastructure,0.6687403049764218,0.6687403049764218,0.0,0.8000000000000002,0.8000000000000002,0.0,0.8545076927453862,0.8448818250304266,0.009625867714959546,0.7937500000000002,0.7937500000000002,0.0,0.9850726127624512,0.9595082402229309,0.025564372539520264,0.972518265247345,0.03436841443181038,0.9381498508155346,0.9674292420968413,-0.5662871412932873,1.5337163833901286
3594,go,test,check,config,infrastructure,0.82651681837938,0.82651681837938,0.0,0.9166666666666666,0.9166666666666666,0.0,0.8770587966950614,0.8708509104696062,0.006207886225455206,0.9139118457300276,0.9139118457300276,0.0,0.9864728450775146,0.9787648916244507,0.007707953453063965,0.9883435964584351,0.3459024727344513,0.6424411237239838,0.9858496317174286,0.05221560597419739,0.9336340257432312
3594,go,log,trace,output,infrastructure,0.82651681837938,0.82651681837938,0.0,0.9166666666666666,0.9166666666666666,0.0,0.8894224487068161,0.8890800902125052,0.0003423584943108571,0.9139118457300276,0.9139118457300276,0.0,0.9799286127090454,0.987594485282898,-0.007665872573852539,0.031180191785097122,0.019809173420071602,0.01137101836502552,-0.5774317495524883,-0.7587940227240324,0.18136227317154408
3599,go,test,check,config,infrastructure,0.8408964152537145,0.8408964152537145,0.0,0.875,0.875,0.0,0.9094339445703226,0.9018627287405522,0.0075712158297703835,0.8737244897959183,0.8737244897959183,0.0,0.9766993522644043,0.9745832085609436,0.0021161437034606934,0.9849372506141663,0.34892699122428894,0.6360102593898773,0.9810566857922822,0.321840675547719,0.6592160102445632
3620,go,functions,methods,variables,close_entity,0.7825422900366438,0.7825422900366438,0.0,0.8888888888888888,0.8888888888888888,0.0,0.7974752184928755,0.7872170034114992,0.010258215081376254,0.8819444444444444,0.8819444444444444,0.0,0.9936347603797913,0.9890343546867371,0.004600405693054199,0.9783207178115845,0.0016534343594685197,0.976667283452116,0.9675652021542192,-0.9524312004214153,1.9199964025756344
3629,go,functions,methods,variables,close_entity,0.6606328636027612,0.6606328636027612,0.0,0.875,0.875,0.0,0.7405682162040914,0.7288248194377845,0.011743396766306868,0.864795918367347,0.864795918367347,0.0,0.9881154894828796,0.9794188737869263,0.00869661569595337,0.99097740650177,0.08048518002033234,0.9104922264814377,0.9885925650596619,-0.7847331017255783,1.7733256667852402
3629,go,test,check,config,infrastructure,0.7506238537503396,0.7506238537503396,0.0,0.875,0.875,0.0,0.8423149269228477,0.8339596506235091,0.008355276299338632,0.864795918367347,0.864795918367347,0.0,0.983193039894104,0.9755319356918335,0.007661104202270508,0.9965906143188477,0.009847329929471016,0.9867432843893766,0.9961415658763144,-0.957623852416873,1.9537654182931874
3687,go,function,method,variable,close_entity,0.7071067811865478,0.7071067811865478,0.0,0.8888888888888888,0.8888888888888888,0.0,0.7096553948736707,0.6969467916159092,0.012708603257761464,0.8819444444444444,0.8819444444444444,0.0,0.9924235343933105,0.9833179116249084,0.0091056227684021,0.9661128520965576,0.07026223093271255,0.8958506211638451,0.943967416882515,-0.7900840863585472,1.7340515032410622
3749,go,error,exception,warning,diagnostic,0.9157103753711765,0.9157103753711765,0.0,0.9655172413793104,0.9655172413793104,0.0,0.956719647874269,0.9529753772800027,0.003744270594266297,0.9640897511267882,0.9640897511267882,0.0,0.9967365264892578,0.996938943862915,-0.00020241737365722656,0.9442695379257202,0.41402462124824524,0.530244916677475,0.9424624684033915,0.3802480436861515,0.56221442471724
3796,go,parameter,argument,constant,close_entity,0.8971148504974099,0.8971148504974099,0.0,0.9583333333333334,0.9583333333333334,0.0,0.9101147334061043,0.9028933436188408,0.007221389787263499,0.9561624146604384,0.9561624146604384,0.0,0.997059166431427,0.9923236966133118,0.004735469818115234,0.9358920454978943,0.3536478281021118,0.5822442173957825,0.9010840058326721,-0.2609901428222656,1.1620741486549377
3796,go,error,exception,warning,diagnostic,0.8843865924896839,0.8843865924896839,0.0,0.9583333333333334,0.9583333333333334,0.0,0.9373223625223246,0.9318322581656158,0.005490104356708825,0.9561624146604384,0.9561624146604384,0.0,0.990531861782074,0.9907788038253784,-0.00024694204330444336,0.9137740135192871,0.864149272441864,0.049624741077423096,0.9109954414889216,0.8618506155908108,0.04914482589811087
3796,go,errors,exceptions,warnings,diagnostic,0.9554427922043663,0.9554427922043663,0.0,0.9583333333333334,0.9583333333333334,0.0,0.95209893222988,0.9466614212269058,0.0054375110029741824,0.9564768235716853,0.9564768235716853,0.0,0.9959922432899475,0.9960464835166931,-5.424022674560547e-05,0.49165934324264526,0.16126547753810883,0.33039386570453644,0.48609425546601415,0.15585247380658984,0.3302417816594243
3802,go,test,check,config,infrastructure,0.8811605932412907,0.8811605932412907,0.0,0.9459459459459459,0.9459459459459459,0.0,0.923306322522008,0.9192327510541163,0.004073571467891668,0.9441200499807767,0.9441200499807767,0.0,0.9932659864425659,0.9894882440567017,0.003777742385864258,0.8473567962646484,0.6752049326896667,0.1721518635749817,0.7357343509793282,0.4767610728740692,0.25897327810525894
3807,go,error,exception,warning,diagnostic,0.855526185871245,0.855526185871245,0.0,0.9333333333333333,0.9333333333333333,0.0,0.894780126389485,0.8853129254962275,0.009467200893257477,0.9268808114961962,0.9268808114961962,0.0,0.9925948977470398,0.9943581223487854,-0.0017632246017456055,0.9770591855049133,0.9578655362129211,0.019193649291992188,0.976544150733389,0.9571565345395356,0.01938761619385332
3811,go,tests,checks,configs,infrastructure,0.7016879391277372,0.7016879391277372,0.0,0.9090909090909091,0.9090909090909091,0.0,0.8948759634135981,0.889483055484246,0.005392907929352098,0.9054545454545455,0.9054545454545455,0.0,0.9918252229690552,0.9789949655532837,0.012830257415771484,0.974075973033905,0.6692560315132141,0.3048199415206909,0.9704664468299598,0.5011068731546402,0.46935957367531955
3829,go,tests,checks,configs,infrastructure,0.8293181259810136,0.8293181259810136,0.0,0.9310344827586207,0.9310344827586207,0.0,0.8965995590151876,0.891215089023058,0.0053844699921296035,0.9303959131545338,0.9303959131545338,0.0,0.9899397492408752,0.9848852157592773,0.0050545334815979,0.9747127294540405,0.5223729014396667,0.4523398280143738,0.9733511289814487,0.2776428908109665,0.6957082381704822
3831,go,method,function,attribute,close_entity,0.8787419089273847,0.8787419089273847,0.0,0.9500000000000001,0.9500000000000001,0.0,0.9171800964694767,0.9169965149447991,0.0001835815246776784,0.9494459833795015,0.9494459833795015,0.0,0.9946512579917908,0.9892048239707947,0.005446434020996094,0.6789518594741821,0.7199856638908386,-0.041033804416656494,0.6660105213522911,0.7074657324701548,-0.041455211117863655
3831,go,methods,functions,attributes,close_entity,0.9533589351059681,0.9533589351059681,0.0,0.9500000000000001,0.9500000000000001,0.0,0.9334576818691377,0.9316640816742664,0.001793600194871292,0.9499307479224378,0.9499307479224378,0.0,0.9931327700614929,0.989360511302948,0.003772258758544922,0.6236606240272522,0.3586913049221039,0.2649693191051483,0.61202981043607,0.33475662395358086,0.2772731864824891
3834,go,test,check,config,infrastructure,0.6675075987129311,0.6675075987129311,0.0,0.8888888888888888,0.8888888888888888,0.0,0.8615272347624837,0.8545050224470044,0.0070222123154792815,0.8788235294117647,0.8788235294117647,0.0,0.9863288402557373,0.9781902432441711,0.008138597011566162,0.9742507934570312,0.8355440497398376,0.1387067437171936,0.9664718732237816,0.7353362888097763,0.23113558441400528
3841,go,tests,checks,configs,infrastructure,0.6580370064762461,0.6580370064762461,0.0,0.875,0.875,0.0,0.8371821227797756,0.8292524859643079,0.007929636815467656,0.864795918367347,0.864795918367347,0.0,0.9836053848266602,0.9699644446372986,0.013640940189361572,0.959925651550293,0.02134121209383011,0.9385844394564629,0.9545115288347006,-0.8189949914813042,1.7735065203160048
3851,go,imports,includes,exports,directional,0.8801117367933934,0.8801117367933934,0.0,0.9,0.9,0.0,0.8548397036994433,0.8896835864079198,-0.03484388270847649,0.8993827160493828,0.8993827160493828,0.0,0.9846066236495972,0.9930073618888855,-0.00840073823928833,0.7872065305709839,0.006956197787076235,0.7802503327839077,0.6686640456318855,-0.8835810641758144,1.5522451098077
3852,go,test,check,config,infrastructure,0.6606328636027612,0.6606328636027612,0.0,0.875,0.875,0.0,0.8485234000555535,0.8410691241146132,0.00745427594094028,0.864795918367347,0.864795918367347,0.0,0.980017900466919,0.970268189907074,0.00974971055984497,0.9789632558822632,0.8465772867202759,0.1323859691619873,0.9755101650953293,0.7580843642354012,0.21742580085992813
3871,go,test,check,config,infrastructure,0.537284965911771,0.537284965911771,0.0,0.8333333333333334,0.8333333333333334,0.0,0.7829890993380567,0.7729438311715756,0.010045268166481103,0.8066666666666668,0.8066666666666668,0.0,0.9638527035713196,0.9476838707923889,0.016168832778930664,0.9901127815246582,0.13419513404369354,0.8559176474809647,0.9888932914473116,-0.6471058875322342,1.6359991789795458
3904,go,methods,functions,attributes,close_entity,0.8003203203845001,0.8003203203845001,0.0,0.9166666666666666,0.9166666666666666,0.0,0.862759920111101,0.860026750670982,0.002733169440119032,0.9054545454545455,0.9054545454545455,0.0,0.9966256618499756,0.99125075340271,0.005374908447265625,0.9770020246505737,0.28567981719970703,0.6913222074508667,0.9728711522184312,0.11379106342792511,0.8590800887905061
3914,go,test,check,config,infrastructure,0.7071067811865478,0.7071067811865478,0.0,0.9,0.9,0.0,0.867041339532936,0.8603876720918875,0.006653667441048561,0.8950617283950617,0.8950617283950617,0.0,0.9850419759750366,0.9786518812179565,0.006390094757080078,0.9816867113113403,0.018033763393759727,0.9636529479175806,0.979823108878918,-0.7257026229053736,1.7055257317842916
3922,go,bug,issue,feature,diagnostic,0.8633400213704508,0.8633400213704508,0.0,0.8571428571428571,0.8571428571428571,0.0,0.9068019853854458,0.89651155059636,0.010290434789085756,0.8551587301587302,0.8551587301587302,0.0,0.9850161075592041,0.987468957901001,-0.002452850341796875,0.9836289286613464,0.12581057846546173,0.8578183501958847,0.9824371623108163,-0.47950510680675507,1.4619422691175714
3922,go,test,check,config,infrastructure,0.5969491792019644,0.5969491792019644,0.0,0.8571428571428571,0.8571428571428571,0.0,0.8084947842447385,0.7994132344582582,0.009081549786480347,0.8412698412698414,0.8412698412698414,0.0,0.9722033143043518,0.9684549570083618,0.0037483572959899902,0.9890794157981873,0.26770779490470886,0.7213716208934784,0.986272405134514,0.01773849129676819,0.9685339138377458
3951,go,tests,checks,configs,infrastructure,0.7071067811865478,0.7071067811865478,0.0,0.8888888888888888,0.8888888888888888,0.0,0.824001841624828,0.8155339950388687,0.008467846585959338,0.864795918367347,0.864795918367347,0.0,0.9888719320297241,0.9770737290382385,0.011798202991485596,0.9933590292930603,0.18050561845302582,0.8128534108400345,0.9920317158102989,-0.4592651277780533,1.4512968435883522
3966,go,tests,checks,configs,infrastructure,0.5000000000000001,0.5000000000000001,0.0,0.875,0.875,0.0,0.855244419302389,0.8480772103702153,0.007167208932173708,0.864795918367347,0.864795918367347,0.0,0.9830313920974731,0.9704259634017944,0.012605428695678711,0.9846883416175842,0.11572969704866409,0.8689586445689201,0.9808478595223278,-0.6317908689379692,1.612638728460297
3986,go,tests,checks,configs,infrastructure,0.9391044157537529,0.9391044157537529,0.0,0.9166666666666666,0.9166666666666666,0.0,0.9208487130305181,0.9152841329185679,0.005564580111950157,0.8993827160493828,0.8993827160493828,0.0,0.9941470623016357,0.9835169911384583,0.01063007116317749,0.9456816911697388,0.1356564164161682,0.8100252747535706,0.9426787248812616,-0.15008753538131714,1.0927662602625787
3998,go,tests,checks,configs,infrastructure,0.5000000000000001,0.5000000000000001,0.0,0.875,0.875,0.0,0.8746987951332302,0.8683850838700748,0.006313711263155386,0.864795918367347,0.864795918367347,0.0,0.9883211255073547,0.9746660590171814,0.01365506649017334,0.9669052362442017,0.41086530685424805,0.5560399293899536,0.9643285886850208,0.3566262684762478,0.607702320208773
4000,go,error,exception,warning,diagnostic,0.9475833735368085,0.9475833735368085,0.0,0.9782608695652174,0.9782608695652174,0.0,0.966793991970303,0.9639398677639641,0.002854124206338904,0.9777318640955005,0.9777318640955005,0.0,0.9937834143638611,0.9933702349662781,0.0004131793975830078,0.9584152698516846,0.9270825386047363,0.03133273124694824,0.956525691668503,0.9253544259117916,0.031171265756711364
4018,go,tests,checks,configs,infrastructure,0.537284965911771,0.537284965911771,0.0,0.8333333333333334,0.8333333333333334,0.0,0.7755113984542052,0.7651943190697988,0.010317079384406402,0.8066666666666668,0.8066666666666668,0.0,0.9824185371398926,0.9689497351646423,0.013468801975250244,0.9951319694519043,0.11933504790067673,0.8757969215512276,0.9946199903497472,-0.4558299854397774,1.4504499757895246
4027,go,test,check,config,infrastructure,0.537284965911771,0.537284965911771,0.0,0.8333333333333334,0.8333333333333334,0.0,0.7755113984542052,0.7651943190697988,0.010317079384406402,0.8066666666666668,0.8066666666666668,0.0,0.9836059212684631,0.9571813941001892,0.026424527168273926,0.9916477203369141,0.2760182023048401,0.715629518032074,0.989408056717366,-0.2523631453514099,1.241771202068776
4039,go,tests,checks,configs,infrastructure,0.3799178428257963,0.3799178428257963,0.0,0.8333333333333334,0.8333333333333334,0.0,0.7496175604893281,0.7383966701746817,0.011220890314646459,0.8066666666666668,0.8066666666666668,0.0,0.9641832113265991,0.9531375765800476,0.011045634746551514,0.9759819507598877,0.6416305303573608,0.33435142040252686,0.9670643145218492,0.37924185395240784,0.5878224605694413
4041,go,test,check,config,infrastructure,0.8153551038173119,0.8153551038173119,0.0,0.9166666666666666,0.9166666666666666,0.0,0.8696958417185683,0.8631594317261466,0.006536409992421666,0.9139118457300276,0.9139118457300276,0.0,0.9776442646980286,0.9806200265884399,-0.002975761890411377,0.9377562999725342,0.06852670758962631,0.8692295923829079,0.9347762630786747,-0.07478921860456467,1.0095654816832393
4079,go,error,exception,warning,diagnostic,0.8003203203845001,0.8003203203845001,0.0,0.9333333333333333,0.9333333333333333,0.0,0.8881785602542732,0.8780758523435028,0.010102707910770392,0.9319727891156462,0.9319727891156462,0.0,0.9891220331192017,0.9832537174224854,0.005868315696716309,0.9736696481704712,0.921258807182312,0.05241084098815918,0.9707703092135489,0.9119353573769331,0.0588349518366158
4089,go,tests,checks,configs,infrastructure,0.8091067115702206,0.8091067115702206,0.0,0.8571428571428571,0.8571428571428571,0.0,0.8627333230850518,0.8535816456251528,0.009151677459898977,0.8551587301587302,0.8551587301587302,0.0,0.983501136302948,0.9703580141067505,0.01314312219619751,0.9806750416755676,0.028355829417705536,0.9523192122578621,0.9783265765290707,-0.6668472364544868,1.6451738129835576
4094,go,tests,checks,configs,infrastructure,0.5000000000000001,0.5000000000000001,0.0,0.875,0.875,0.0,0.8286265315571998,0.8203457925686786,0.008280738988521219,0.864795918367347,0.864795918367347,0.0,0.9841929078102112,0.9689611196517944,0.015231788158416748,0.9711361527442932,0.9333996176719666,0.03773653507232666,0.9647354963235557,0.9111909046769142,0.05354459164664149
4119,go,test,check,config,infrastructure,0.6580370064762461,0.6580370064762461,0.0,0.9090909090909091,0.9090909090909091,0.0,0.8770587966950614,0.8708509104696062,0.006207886225455206,0.8950617283950617,0.8950617283950617,0.0,0.989503800868988,0.9709272980690002,0.018576502799987793,0.992222011089325,0.7910993099212646,0.2011227011680603,0.9915652602212504,0.7812987919896841,0.21026646823156625
4153,go,test,check,config,infrastructure,0.4272870063962342,0.4272870063962342,0.0,0.8333333333333334,0.8333333333333334,0.0,0.7829890993380567,0.7729438311715756,0.010045268166481103,0.7500000000000001,0.7500000000000001,0.0,0.9836914539337158,0.9733792543411255,0.010312199592590332,0.9936467409133911,0.06383641064167023,0.9298103302717209,0.9933596630580723,-0.6054677814245224,1.5988274444825947
4203,go,tests,checks,configs,infrastructure,0.5946035575013604,0.5946035575013604,0.0,0.75,0.75,0.0,0.7352978361229782,0.719717700674524,0.015580135448454158,0.7361111111111112,0.7361111111111112,0.0,0.9665014743804932,0.9473415613174438,0.019159913063049316,0.980974018573761,0.14526620507240295,0.835707813501358,0.9759861156344414,-0.569235771894455,1.5452218875288963
4226,go,tests,checks,configs,infrastructure,0.9193227152249175,0.9193227152249175,0.0,0.9230769230769231,0.9230769230769231,0.0,0.924533332981536,0.9192102784272893,0.005323054554246642,0.9163223140495868,0.9163223140495868,0.0,0.9951896071434021,0.9867693781852722,0.008420228958129883,0.8786944150924683,0.030247682705521584,0.8484467323869467,0.8614930342882872,-0.13242506049573421,0.9939180947840214
4236,go,tests,checks,configs,infrastructure,0.8633400213704508,0.8633400213704508,0.0,0.875,0.875,0.0,0.8826316035380034,0.874661264031933,0.0079703395060704,0.8737244897959183,0.8737244897959183,0.0,0.976335883140564,0.970550000667572,0.005785882472991943,0.9669334292411804,0.01766921766102314,0.9492642115801573,0.9646039886865765,-0.47031511180102825,1.4349191004876047
4240,go,test,check,config,infrastructure,0.8931539818068699,0.8931539818068699,0.0,0.9090909090909091,0.9090909090909091,0.0,0.92605637775842,0.9197767787553548,0.006279599003065184,0.9086363636363638,0.9086363636363638,0.0,0.9845231175422668,0.9736860990524292,0.010837018489837646,0.990104615688324,0.1295725405216217,0.8605320751667023,0.9881853889673948,-0.609259694814682,1.5974450837820768
4262,go,function,method,variable,close_entity,0.7598356856515927,0.7598356856515927,0.0,0.8333333333333334,0.8333333333333334,0.0,0.7648084797118877,0.7501833588122276,0.01462512089966006,0.8300000000000002,0.8300000000000002,0.0,0.9902442693710327,0.9777328372001648,0.01251143217086792,0.9279572367668152,0.34089213609695435,0.5870651006698608,0.9184177881106734,0.20890198647975922,0.7095158016309142
4292,go,logs,traces,outputs,infrastructure,0.9184678024441791,0.9184678024441791,0.0,0.9666666666666667,0.9666666666666667,0.0,0.9573657643795488,0.9571662991869051,0.00019946519264368856,0.966508125247721,0.966508125247721,0.0,0.9941479563713074,0.9944326877593994,-0.000284731388092041,0.592373251914978,0.5770964622497559,0.015276789665222168,0.25625503063201904,0.1937936544418335,0.06246137619018555
4324,go,error,exception,warning,diagnostic,0.5000000000000001,0.5000000000000001,0.0,0.8571428571428571,0.8571428571428571,0.0,0.7115512468305347,0.6825690890607531,0.028982157769781636,0.8066666666666668,0.8066666666666668,0.0,0.982093334197998,0.9754372835159302,0.006656050682067871,0.9335839152336121,0.35073092579841614,0.5828529894351959,0.8953036777675152,0.21033036708831787,0.6849733106791973
4332,go,method,function,attribute,close_entity,0.9475833735368085,0.9475833735368085,0.0,0.9777777777777777,0.9777777777777777,0.0,0.959676800170778,0.958776141076051,0.0009006590947270299,0.9755487804878049,0.9755487804878049,0.0,0.9957515001296997,0.9957115054130554,3.999471664428711e-05,0.879103422164917,0.7134289145469666,0.16567450761795044,0.8511279225349426,0.5404262989759445,0.3107016235589981
4337,go,function,method,variable,close_entity,0.9257518071011761,0.9257518071011761,0.0,0.9705882352941176,0.9705882352941176,0.0,0.9437730456937069,0.940668134769794,0.0031049109239128514,0.970480203100524,0.970480203100524,0.0,0.9984310865402222,0.9953765869140625,0.003054499626159668,0.9675261974334717,0.8130082488059998,0.15451794862747192,0.9588553756475449,0.80170370452106,0.15715167112648487
4337,go,error,exception,warning,diagnostic,0.7976501109363603,0.7976501109363603,0.0,0.9117647058823528,0.9117647058823528,0.0,0.8786971744809844,0.8676206006996003,0.011076573781384047,0.9107853339046336,0.9107853339046336,0.0,0.9867962002754211,0.9870156645774841,-0.00021946430206298828,0.9501320123672485,0.2212439477443695,0.728888064622879,0.9249262139201164,-0.4090332090854645,1.333959423005581
4347,go,tests,checks,configs,infrastructure,0.9022090549437042,0.9022090549437042,0.0,0.9591836734693877,0.9591836734693877,0.0,0.9357515626410721,0.9323077832365502,0.003443779404521896,0.9582004174543164,0.9582004174543164,0.0,0.9958298206329346,0.9897184371948242,0.0061113834381103516,0.9055830836296082,0.18084052205085754,0.7247425615787506,0.9009792655706406,0.1028197780251503,0.7981594875454903
4359,go,error,exception,warning,diagnostic,0.8492326635760686,0.8492326635760686,0.0,0.9473684210526315,0.9473684210526315,0.0,0.9127965168873373,0.9050385321551757,0.007757984732161605,0.9467186484730344,0.9467186484730344,0.0,0.9884958267211914,0.9879236817359924,0.0005721449851989746,0.9412205219268799,0.976622462272644,-0.03540194034576416,0.8969812802970409,0.9761222692904994,-0.07914098899345845
4403,go,log,trace,output,infrastructure,0.6580370064762461,0.6580370064762461,0.0,0.9,0.9,0.0,0.8804512798396082,0.880106523750589,0.00034475608901929355,0.8950617283950617,0.8950617283950617,0.0,0.9869667887687683,0.9838293790817261,0.0031374096870422363,0.4845235049724579,0.49031853675842285,-0.005795031785964966,0.06889346241950989,0.08976465463638306,-0.02087119221687317
4477,go,log,trace,output,infrastructure,0.82651681837938,0.82651681837938,0.0,0.9090909090909091,0.9090909090909091,0.0,0.870887119634983,0.8705276819248521,0.0003594377101309165,0.8950617283950617,0.8950617283950617,0.0,0.9871866703033447,0.9867609739303589,0.00042569637298583984,0.018550695851445198,0.06892310082912445,-0.05037240497767925,-0.7202758174389601,-0.3663112670183182,-0.3539645504206419
4881,go,error,exception,warning,diagnostic,0.8980003331500593,0.8980003331500593,0.0,0.9534883720930233,0.9534883720930233,0.0,0.9288870205240808,0.9226108318274782,0.006276188696602625,0.9533016061867936,0.9526237151197376,0.0006778910670559579,0.9932857751846313,0.9907063841819763,0.0025793910026550293,0.849711000919342,0.6112079620361328,0.23850303888320923,0.7777016386389732,0.2930348217487335,0.4846668168902397
4881,go,warning,alert,error,diagnostic,0.8921877278718925,0.8921877278718925,0.0,0.9534883720930233,0.9534883720930233,0.0,0.9099068267361967,0.9099068267361967,0.0,0.9533016061867936,0.9511157533583277,0.0021858528284659506,0.9970650672912598,0.9948740601539612,0.002191007137298584,0.7472580075263977,0.581386148929596,0.16587185859680176,0.6189485490322113,0.33860696852207184,0.28034158051013947
4881,go,logs,traces,outputs,infrastructure,0.9629257778548396,0.9629257778548396,0.0,0.9767441860465116,0.9767441860465116,0.0,0.9754589667974052,0.9753065933335613,0.00015237346384389117,0.9767375942625112,0.9767375942625112,0.0,0.992724597454071,0.9953984618186951,-0.0026738643646240234,0.20278099179267883,0.6473758220672607,-0.4445948302745819,0.13731089979410172,0.6260368637740612,-0.4887259639799595
4892,go,method,function,attribute,close_entity,0.8492326635760686,0.8492326635760686,0.0,0.9444444444444444,0.9444444444444444,0.0,0.9083138005503603,0.9081269987461815,0.00018680180417873782,0.943675509419454,0.943675509419454,0.0,0.9958807826042175,0.9895224571228027,0.006358325481414795,0.9516299962997437,0.3510494530200958,0.6005805432796478,0.937803371809423,-0.06855827569961548,1.0063616475090384
4984,go,function,method,variable,close_entity,0.8633400213704508,0.8633400213704508,0.0,0.8888888888888888,0.8888888888888888,0.0,0.8382465399753053,0.827399731001182,0.010846808974123268,0.8880208333333333,0.8880208333333333,0.0,0.9887806177139282,0.9737924933433533,0.014988124370574951,0.9703070521354675,0.3795040249824524,0.5908030271530151,0.9643874475732446,0.0581817626953125,0.9062056848779321
4997,go,error,exception,warning,diagnostic,0.6580370064762461,0.6580370064762461,0.0,0.9,0.9,0.0,0.8595301561472727,0.846612000559713,0.01291815558755971,0.8950617283950617,0.8950617283950617,0.0,0.9806609153747559,0.9891811609268188,-0.008520245552062988,0.9953677654266357,0.9669628739356995,0.02840489149093628,0.9949828147364315,0.9667365495843114,0.02824626515212003
5010,go,tests,checks,configs,infrastructure,0.7825422900366438,0.7825422900366438,0.0,0.9,0.9,0.0,0.8519602509638152,0.8446522700991944,0.007307980864620811,0.8950617283950617,0.8950617283950617,0.0,0.9853914380073547,0.9748519659042358,0.010539472103118896,0.9943992495536804,0.09366291761398315,0.9007363319396973,0.9933047337690368,-0.4008982479572296,1.3942029817262664
44,java,method,function,attribute,close_entity,0.8423626743789745,0.8423626743789745,0.0,0.9230769230769231,0.9230769230769231,0.0,0.8710295640951392,0.86843448707945,0.0025950770156891734,0.920940170940171,0.920940170940171,0.0,0.9944533705711365,0.9883503317832947,0.006103038787841797,0.8197264075279236,0.020405862480401993,0.7993205450475216,0.8020456992089748,-0.5024590753018856,1.3045047745108604
253,java,method,function,attribute,close_entity,0.5946035575013611,0.5946035575013611,0.0,0.8333333333333334,0.8333333333333334,0.0,0.8266217832755516,0.82332509475402,0.0032966885215315322,0.864795918367347,0.864795918367347,0.0,0.9963007569313049,0.9909425973892212,0.00535815954208374,0.8930525779724121,0.15073902904987335,0.7423135489225388,0.845340222120285,-0.3489566892385483,1.1942969113588333
523,java,method,function,attribute,close_entity,0.3799178428257963,0.3799178428257963,0.0,0.8333333333333334,0.8333333333333334,0.0,0.8026257999148136,0.798990831364194,0.0036349685506196217,0.8066666666666668,0.8066666666666668,0.0,0.9942197203636169,0.9880711436271667,0.006148576736450195,0.9685714244842529,0.5254122614860535,0.44315916299819946,0.9625061140395701,0.39315707981586456,0.5693490342237055
731,java,method,function,attribute,close_entity,0.6606328636027612,0.6606328636027612,0.0,0.8888888888888888,0.8888888888888888,0.0,0.8230364621966589,0.8196874097255292,0.00334905247112971,0.8819444444444444,0.8819444444444444,0.0,0.9935246706008911,0.9884899854660034,0.005034685134887695,0.9346437454223633,0.05566693842411041,0.8789768069982529,0.913186451420188,-0.7594011873006821,1.67258763872087
1508,java,import,include,export,directional,0.5969491792019644,0.5969491792019644,0.0,0.8333333333333334,0.8333333333333334,0.0,0.8404619195073786,0.9058585844143391,-0.0653966649069605,0.8819444444444444,0.8819444444444444,0.0,0.9830776453018188,0.993140459060669,-0.010062813758850098,0.43143320083618164,0.001910035265609622,0.429523165570572,-0.06796771287918091,-0.9823163703549653,0.9143486574757844
2143,java,import,include,export,directional,0.5000000000000001,0.5000000000000001,0.0,0.875,0.875,0.0,0.8498077877162507,0.9114232923185939,-0.06161550460234322,0.864795918367347,0.864795918367347,0.0,0.9642413854598999,0.9895085692405701,-0.025267183780670166,0.8321244120597839,0.001418557483702898,0.830705854576081,0.7504354938864708,-0.9841781589202583,1.734613652806729
2218,java,class,type,module,close_entity,0.6580370064762461,0.6580370064762461,0.0,0.8888888888888888,0.8888888888888888,0.0,0.8120029645771641,0.8077783332279991,0.0042246313491650644,0.8950617283950617,0.8950617283950617,0.0,0.9869396090507507,0.9900070428848267,-0.0030674338340759277,0.9879486560821533,0.8135228753089905,0.17442578077316284,0.9842396383173764,0.6798731982707977,0.30436644004657865
2218,java,log,trace,output,infrastructure,0.7071067811865478,0.7071067811865478,0.0,0.8888888888888888,0.8888888888888888,0.0,0.8500212653750279,0.8496976445039782,0.00032362087104964576,0.8950617283950617,0.8950617283950617,0.0,0.9884250164031982,0.9818589687347412,0.006566047668457031,0.8758590817451477,0.722154438495636,0.15370464324951172,0.7956187054514885,0.48736272752285004,0.30825597792863846
2535,java,method,function,attribute,close_entity,0.8633400213704508,0.8633400213704508,0.0,0.8888888888888888,0.8888888888888888,0.0,0.8611772440521022,0.8572691075625647,0.003908136489537473,0.8880208333333333,0.8880208333333333,0.0,0.9898053407669067,0.9838007092475891,0.006004631519317627,0.8741803765296936,0.33845385909080505,0.5357265174388885,0.8664905377663672,0.2894369810819626,0.5770535566844046
2698,java,tests,checks,configs,infrastructure,0.7016879391277372,0.7016879391277372,0.0,0.8571428571428571,0.8571428571428571,0.0,0.867041339532936,0.8603876720918875,0.006653667441048561,0.9054545454545455,0.9054545454545455,0.0,0.9854152202606201,0.980429470539093,0.0049857497215271,0.9424880146980286,0.027585022151470184,0.9149029925465584,0.9389214098919183,-0.19754699617624283,1.1364684060681611
2796,java,methods,functions,attributes,close_entity,0.8242367502646057,0.8242367502646057,0.0,0.9166666666666666,0.9166666666666666,0.0,0.8985373294249598,0.8964261053553719,0.002111224069587858,0.9319727891156462,0.9319727891156462,0.0,0.9961124062538147,0.9920414090156555,0.00407099723815918,0.8109244704246521,0.0028967622201889753,0.8080277082044631,0.780744094401598,-0.30779533949680626,1.0885394338984042
2829,java,test,check,config,infrastructure,0.6580370064762461,0.6580370064762461,0.0,0.875,0.875,0.0,0.8191201418100401,0.8104568260053518,0.008663315804688265,0.8950617283950617,0.8950617283950617,0.0,0.9822874665260315,0.9729816317558289,0.009305834770202637,0.6763366460800171,0.01645806059241295,0.6598785854876041,0.4208187758922577,-0.860220942646265,1.2810397185385227
3290,java,import,include,export,directional,0.537284965911771,0.537284965911771,0.0,0.8333333333333334,0.8333333333333334,0.0,0.7666591034123162,0.874867123046677,-0.10820801963436077,0.8066666666666668,0.8066666666666668,0.0,0.9692956209182739,0.9904970526695251,-0.02120143175125122,0.9019666314125061,0.005822671111673117,0.896143960300833,0.845346461981535,-0.9725491278804839,1.8178955898620188
3601,java,test,check,config,infrastructure,0.855526185871245,0.855526185871245,0.0,0.9090909090909091,0.9090909090909091,0.0,0.8999207513207038,0.8943365150002924,0.005584236320411384,0.9268808114961962,0.9268808114961962,0.0,0.9862063527107239,0.9802638292312622,0.00594252347946167,0.9949474334716797,0.19874924421310425,0.7961981892585754,0.9940384491928853,-0.37384599447250366,1.367884443665389
3883,java,log,trace,output,infrastructure,0.8091067115702206,0.8091067115702206,0.0,0.8571428571428571,0.8571428571428571,0.0,0.9167256324266131,0.9122583624894098,0.004467269937203255,0.8551587301587302,0.8551587301587302,0.0,0.9791271090507507,0.9740664958953857,0.00506061315536499,0.943855345249176,0.7078705430030823,0.23598480224609375,0.9389738976024091,0.516552671790123,0.42242122581228614
4431,java,input,entry,output,directional,0.9025139799587889,0.9025139799587889,0.0,0.96,0.96,0.0,0.9426468986311393,0.9624178325018575,-0.019770933870718266,0.9640897511267882,0.9640897511267882,0.0,0.9933176040649414,0.9935506582260132,-0.00023305416107177734,0.8245537281036377,0.00019941315986216068,0.8243543149437755,0.8125666296109557,-0.9887313486542553,1.801297978265211
4431,java,inputs,entries,outputs,directional,0.8020219183488042,0.8020219183488042,0.0,0.92,0.92,0.0,0.8850782205583763,0.9249557013474036,-0.03987748078902731,0.9278581994928149,0.9278581994928149,0.0,0.9876933097839355,0.9918498992919922,-0.004156589508056641,0.10169363766908646,0.002932522678747773,0.09876111499033868,-0.7321162149310112,-0.920527066802606,0.1884108518715948
4471,java,methods,functions,attributes,close_entity,0.7506238537503396,0.7506238537503396,0.0,0.8571428571428571,0.8571428571428571,0.0,0.8070765694131673,0.8035021810587258,0.00357438835444146,0.8819444444444444,0.8819444444444444,0.0,0.987545371055603,0.9815580248832703,0.005987346172332764,0.9966220855712891,0.7759556174278259,0.22066646814346313,0.996010199713055,0.6600169837474823,0.33599321596557274
4664,java,tests,checks,configs,infrastructure,0.4889230224349009,0.4889230224349009,0.0,0.8333333333333334,0.8333333333333334,0.0,0.8191201418100401,0.8104568260053518,0.008663315804688265,0.8412698412698414,0.8412698412698414,0.0,0.9877129793167114,0.975688099861145,0.012024879455566406,0.9768140912055969,0.06646668910980225,0.9103474020957947,0.971797680016607,-0.6910192966461182,1.6628169766627252
4825,java,test,check,config,infrastructure,0.6580370064762461,0.6580370064762461,0.0,0.9,0.9,0.0,0.8876391846069639,0.8819118377300987,0.005727346876865158,0.8950617283950617,0.8950617283950617,0.0,0.9899997711181641,0.9743579626083374,0.01564180850982666,0.9778587222099304,0.09571859985589981,0.8821401223540306,0.971166281029582,0.058470986783504486,0.9126952942460775
4944,java,functions,methods,variables,close_entity,0.6580370064762461,0.6580370064762461,0.0,0.8888888888888888,0.8888888888888888,0.0,0.7992958089415193,0.789638081091684,0.009657727849835318,0.8950617283950617,0.8950617283950617,0.0,0.9930464029312134,0.9850395321846008,0.008006870746612549,0.9914537668228149,0.025216540321707726,0.9662372265011072,0.989828310906887,-0.8119088802486658,1.8017371911555529
5257,java,test,check,config,infrastructure,0.4889230224349009,0.4889230224349009,0.0,0.8571428571428571,0.8571428571428571,0.0,0.8997196411522933,0.8945531976539097,0.005166443498383577,0.8412698412698414,0.8412698412698414,0.0,0.9918736219406128,0.9832499027252197,0.008623719215393066,0.992218017578125,0.7187844514846802,0.2734335660934448,0.9908493189141154,0.6711890026926994,0.319660316221416
5346,java,class,type,module,close_entity,0.8153551038173119,0.8153551038173119,0.0,0.9090909090909091,0.9090909090909091,0.0,0.8715973336601681,0.8683252310335828,0.0032721026265852826,0.9363888888888889,0.9363888888888889,0.0,0.9913331270217896,0.993766188621521,-0.0024330615997314453,0.009169197641313076,0.0006734574562869966,0.00849574018502608,-0.8330087894573808,-0.9199839984648861,0.08697520900750533
6117,java,imports,includes,exports,directional,0.7598356856515927,0.7598356856515927,0.0,0.75,0.75,0.0,0.7539062034614369,0.8105260989681278,-0.05661989550669089,0.8300000000000002,0.8300000000000002,0.0,0.9758419990539551,0.9893176555633545,-0.013475656509399414,0.4398277699947357,0.00657855486497283,0.4332492151297629,0.10425868630409241,-0.9726086952723563,1.0768673815764487
6182,java,method,function,attribute,close_entity,0.6606328636027612,0.6606328636027612,0.0,0.8888888888888888,0.8888888888888888,0.0,0.8300645693703701,0.8268187650118493,0.003245804358520843,0.8819444444444444,0.8819444444444444,0.0,0.9927868843078613,0.9858323335647583,0.006954550743103027,0.9830769896507263,0.9275659918785095,0.0555109977722168,0.9806064323056489,0.8983304034918547,0.08227602881379426
6334,java,test,check,config,infrastructure,0.8787419089273847,0.8787419089273847,0.0,0.9500000000000001,0.9500000000000001,0.0,0.9366710353219837,0.9333017459807151,0.0033692893412685665,0.9561624146604384,0.9561624146604384,0.0,0.9895641803741455,0.9891927242279053,0.0003714561462402344,0.9502753615379333,0.09570340812206268,0.8545719534158707,0.9476941025350243,-0.34125109016895294,1.2889451927039772
6558,java,methods,functions,attributes,close_entity,0.9036020036098446,0.9036020036098446,0.0,0.9,0.9,0.0,0.8995347855429549,0.8969306195665044,0.002604165976450412,0.9163223140495868,0.9163223140495868,0.0,0.995017409324646,0.9898126125335693,0.00520479679107666,0.7891190648078918,0.2396610677242279,0.5494579970836639,0.7759820679202676,0.16621216386556625,0.6097699040547013
6563,java,logs,traces,outputs,infrastructure,0.8408964152537145,0.8408964152537145,0.0,0.875,0.875,0.0,0.9074503068635761,0.9069391830078799,0.0005111238556961828,0.8737244897959183,0.8737244897959183,0.0,0.9763402342796326,0.9780325889587402,-0.001692354679107666,0.5580481886863708,0.45828312635421753,0.09976506233215332,0.37108665704727173,0.271756112575531,0.09933054447174072
6927,java,function,method,variable,close_entity,0.82651681837938,0.82651681837938,0.0,0.8571428571428571,0.8571428571428571,0.0,0.8841323479340165,0.8768316455507033,0.007300702383313262,0.9139118457300276,0.9139118457300276,0.0,0.9952982664108276,0.9887501001358032,0.006548166275024414,0.6653683185577393,0.03534867987036705,0.6300196386873722,0.6472212169319391,-0.09193314984440804,0.7391543667763472
7015,java,class,type,module,close_entity,0.7348889200874659,0.7348889200874659,0.0,0.8888888888888888,0.8888888888888888,0.0,0.8167309026333084,0.8125686999465485,0.0041622026867599304,0.9139118457300276,0.9139118457300276,0.0,0.9812054634094238,0.9878594875335693,-0.006654024124145508,0.7925564050674438,0.5669507384300232,0.22560566663742065,0.6489567309617996,0.23271021246910095,0.41624651849269867
7120,java,test,check,config,infrastructure,0.7825422900366438,0.7825422900366438,0.0,0.8571428571428571,0.8571428571428571,0.0,0.9077569903212712,0.9044477842288701,0.0033092060924011513,0.8950617283950617,0.8950617283950617,0.0,0.9884580373764038,0.9860820770263672,0.002375960350036621,0.8696351051330566,0.0929737389087677,0.7766613662242889,0.8161315359175205,-0.582438737154007,1.3985702730715275
7460,java,tests,checks,configs,infrastructure,0.7071067811865478,0.7071067811865478,0.0,0.8888888888888888,0.8888888888888888,0.0,0.8642763170997741,0.8575011756703432,0.00677514142943092,0.8950617283950617,0.8950617283950617,0.0,0.9817842841148376,0.9795976281166077,0.0021866559982299805,0.9684739708900452,0.004568682052195072,0.9639052888378501,0.9637797032482922,-0.8225913783535361,1.7863710816018283
7768,java,test,check,config,infrastructure,0.3781790427652475,0.3781790427652475,0.0,0.8000000000000002,0.8000000000000002,0.0,0.6913135087796377,0.6776778009557057,0.013635707823931975,0.8030303030303031,0.8030303030303031,0.0,0.9756938815116882,0.9635137319564819,0.012180149555206299,0.7830114364624023,0.0029712901450693607,0.780040146317333,0.662961058318615,-0.9659503712318838,1.6289114295504987
8020,java,warning,alert,error,diagnostic,0.7016879391277372,0.7016879391277372,0.0,0.9090909090909091,0.9090909090909091,0.0,0.8395117285169504,0.8366182088562142,0.0028935196607362546,0.9054545454545455,0.9054545454545455,0.0,0.9909441471099854,0.989230751991272,0.001713395118713379,0.6611097455024719,0.5762432217597961,0.08486652374267578,0.3598876893520355,0.27279871702194214,0.08708897233009338
8573,java,test,check,config,infrastructure,0.3799178428257963,0.3799178428257963,0.0,0.8333333333333334,0.8333333333333334,0.0,0.7755113984542052,0.7651943190697988,0.010317079384406402,0.8066666666666668,0.8066666666666668,0.0,0.9820733666419983,0.9650810956954956,0.016992270946502686,0.9872521162033081,0.2797482907772064,0.7075038254261017,0.9840666286181659,-0.031036436557769775,1.0151030651759356
8755,java,error,exception,warning,diagnostic,0.8371170098777919,0.8371170098777919,0.0,0.9285714285714286,0.9285714285714286,0.0,0.9020107990727397,0.8932339890616702,0.008776810011069558,0.9363888888888889,0.9363888888888889,0.0,0.9908006191253662,0.9904391765594482,0.00036144256591796875,0.98936927318573,0.8097865581512451,0.17958271503448486,0.9878512780414894,0.7782905995845795,0.20956067845690995
8755,java,inputs,entries,outputs,directional,0.8153551038173119,0.8153551038173119,0.0,0.9285714285714286,0.9285714285714286,0.0,0.9001233546849593,0.9347626875118027,-0.034639332826843394,0.9363888888888889,0.9363888888888889,0.0,0.9882076382637024,0.9926252365112305,-0.004417598247528076,0.9048675298690796,0.019657818600535393,0.8852097112685442,0.8814847078174353,-0.8869780022650957,1.768462710082531
8796,java,functions,methods,variables,close_entity,0.7419446627365011,0.7419446627365011,0.0,0.9,0.9,0.0,0.8363271781581137,0.8281553462434181,0.008171831914695615,0.9054545454545455,0.9054545454545455,0.0,0.994628369808197,0.9883284568786621,0.006299912929534912,0.9778423309326172,0.07073470205068588,0.9071076288819313,0.9753999155946076,-0.7651197090744972,1.7405196246691048
8833,java,tests,checks,configs,infrastructure,0.9036020036098446,0.9036020036098446,0.0,0.9375,0.9375,0.0,0.9224949116530439,0.9176882263602877,0.004806685292756185,0.9494459833795015,0.9494459833795015,0.0,0.987800657749176,0.9860466122627258,0.0017540454864501953,0.6482884883880615,0.0022580160293728113,0.6460304723586887,0.6403339812532067,-0.6073002682533115,1.2476342495065182
9274,java,method,function,attribute,close_entity,0.8895260356363631,0.8895260356363631,0.0,0.9523809523809523,0.9523809523809523,0.0,0.9264285329685272,0.9248464140272746,0.0015821189412525971,0.9597222222222221,0.9597222222222221,0.0,0.9934138059616089,0.9892546534538269,0.004159152507781982,0.7811018824577332,0.2070811539888382,0.574020728468895,0.7037399634718895,-0.2011508196592331,0.9048907831311226
9389,java,tests,checks,configs,infrastructure,0.8003203203845001,0.8003203203845001,0.0,0.8888888888888888,0.8888888888888888,0.0,0.9055233953623759,0.9006310761297428,0.004892319232633113,0.9319727891156462,0.9319727891156462,0.0,0.9841028451919556,0.9801924228668213,0.003910422325134277,0.9133122563362122,0.023570239543914795,0.8897420167922974,0.9050764618441463,-0.4652906358242035,1.3703670976683497
9513,java,method,function,attribute,close_entity,0.7071067811865478,0.7071067811865478,0.0,0.8888888888888888,0.8888888888888888,0.0,0.8070765694131673,0.8107336922836551,-0.0036571228704878056,0.8950617283950617,0.8950617283950617,0.0,0.9915673732757568,0.9879453182220459,0.0036220550537109375,0.9788918495178223,0.2896909713745117,0.6892008781433105,0.9705092730000615,-0.3046157956123352,1.2751250686123967
9522,java,tests,checks,configs,infrastructure,0.8492326635760686,0.8492326635760686,0.0,0.9411764705882353,0.9411764705882353,0.0,0.9298715394529948,0.9261622904279997,0.0037092490249951426,0.9467186484730344,0.9467186484730344,0.0,0.9919021129608154,0.9820358157157898,0.009866297245025635,0.9867256879806519,0.5707361698150635,0.4159895181655884,0.9850916680879891,0.2856099307537079,0.6994817373342812
10342,java,method,function,attribute,close_entity,0.7506238537503396,0.7506238537503396,0.0,0.8333333333333334,0.8333333333333334,0.0,0.8664548302493619,0.8631276364972617,0.0033271937521002215,0.8819444444444444,0.8819444444444444,0.0,0.9943549036979675,0.9876461029052734,0.006708800792694092,0.9577518105506897,0.5782824754714966,0.3794693350791931,0.9458354664966464,0.5038667917251587,0.4419686747714877
10355,java,argument,parameter,keyword,close_entity,0.5000000000000001,0.5000000000000001,0.0,0.875,0.875,0.0,0.7678612916526211,0.7560730352142887,0.011788256438332367,0.864795918367347,0.864795918367347,0.0,0.9913144111633301,0.977588415145874,0.013725996017456055,0.9871529936790466,0.15049909055233002,0.8366539031267166,0.9834586714860052,-0.3067951947450638,1.290253866231069
10373,java,methods,functions,attributes,close_entity,0.7348889200874659,0.7348889200874659,0.0,0.9,0.9,0.0,0.9202642525056989,0.9185618551194756,0.0017023973862232422,0.9139118457300276,0.9139118457300276,0.0,0.9963865280151367,0.9922513961791992,0.0041351318359375,0.9871366024017334,0.046940967440605164,0.9401956349611282,0.9860457218019292,-0.10973718762397766,1.0957829094259068
11189,java,tests,checks,configs,infrastructure,0.7071067811865478,0.7071067811865478,0.0,0.8571428571428571,0.8571428571428571,0.0,0.8557622701063288,0.8473350228768214,0.008427247229507384,0.864795918367347,0.864795918367347,0.0,0.9841210842132568,0.969860315322876,0.01426076889038086,0.9838618636131287,0.002148401690647006,0.9817134619224817,0.9815109760966152,-0.9456376314628869,1.9271486075595021
11310,java,methods,functions,attributes,close_entity,0.8091067115702206,0.8091067115702206,0.0,0.9230769230769231,0.9230769230769231,0.0,0.8748013935117273,0.8722704319969753,0.0025309615147519615,0.9268808114961962,0.9268808114961962,0.0,0.9915921092033386,0.9877599477767944,0.0038321614265441895,0.9674743413925171,0.5384350419044495,0.4290392994880676,0.9636039794422686,0.33356620371341705,0.6300377757288516
11310,java,parameters,arguments,constants,close_entity,0.855526185871245,0.855526185871245,0.0,0.9230769230769231,0.9230769230769231,0.0,0.8654167970380634,0.8535791005799201,0.011837696458143254,0.9268808114961962,0.9268808114961962,0.0,0.9936423897743225,0.9852423667907715,0.008400022983551025,0.8844663500785828,0.0009491994278505445,0.8835171506507322,0.8790890723466873,-0.7880843923194334,1.6671734646661207
11548,java,methods,functions,attributes,close_entity,0.7825422900366438,0.7825422900366438,0.0,0.8888888888888888,0.8888888888888888,0.0,0.8300645693703701,0.8268187650118493,0.003245804358520843,0.8950617283950617,0.8950617283950617,0.0,0.9944648146629333,0.9886608719825745,0.005803942680358887,0.9076688289642334,0.031927648931741714,0.8757411800324917,0.8520605005323887,-0.7375340424478054,1.589594542980194
12259,java,tests,checks,configs,infrastructure,0.82651681837938,0.82651681837938,0.0,0.8888888888888888,0.8888888888888888,0.0,0.8752953847274121,0.8678789838691182,0.00741640085829387,0.9139118457300276,0.9139118457300276,0.0,0.9835464954376221,0.9729545712471008,0.01059192419052124,0.9772244691848755,0.005066411569714546,0.9721580576151609,0.9759259690763429,-0.4839811157435179,1.4599070848198608
12616,java,method,function,attribute,close_entity,0.855526185871245,0.855526185871245,0.0,0.9285714285714286,0.9285714285714286,0.0,0.8690570699178213,0.8664287455480866,0.0026283243697347025,0.9268808114961962,0.9268808114961962,0.0,0.9925921559333801,0.984840989112854,0.007751166820526123,0.8394113779067993,0.012967757880687714,0.8264436200261116,0.8204541001468897,-0.028064586222171783,0.8485186863690615
12655,java,test,check,config,infrastructure,0.9533589351059681,0.9533589351059681,0.0,0.9523809523809523,0.9523809523809523,0.0,0.9486601877442579,0.9442071021252127,0.004453085619045116,0.9564768235716853,0.9564768235716853,0.0,0.9940249919891357,0.9936313033103943,0.0003936886787414551,0.9755749702453613,0.07953688502311707,0.8960380852222443,0.9733198501635343,-0.690339058637619,1.6636589088011533
12904,java,imports,includes,exports,directional,0.7348889200874659,0.7348889200874659,0.0,0.8888888888888888,0.8888888888888888,0.0,0.8526841739891171,0.9131347008317043,-0.06045052684258723,0.9139118457300276,0.9139118457300276,0.0,0.9780828952789307,0.9947521686553955,-0.016669273376464844,0.6182989478111267,0.0030133977998048067,0.6152855500113219,0.29434794187545776,-0.9380410059820861,1.2323889478575438
12961,java,error,exception,warning,diagnostic,0.7825422900366438,0.7825422900366438,0.0,0.875,0.875,0.0,0.8159924588042535,0.7986148862068273,0.017377572597426227,0.8950617283950617,0.8950617283950617,0.0,0.9883707761764526,0.9850314259529114,0.0033393502235412598,0.9775248765945435,0.8306179046630859,0.14690697193145752,0.9753052890300751,0.8164534326642752,0.1588518563657999
13031,java,comment,note,command,infrastructure,0.7825422900366432,0.7825422900366432,0.0,0.9166666666666666,0.9166666666666666,0.0,0.8485368499989856,0.9009236469514522,-0.05238679695246662,0.9268808114961962,0.9268808114961962,0.0,0.9863909482955933,0.9708534479141235,0.015537500381469727,0.9818570017814636,0.2777295708656311,0.7041274309158325,0.9762749033980072,-0.017830342054367065,0.9941052454523742
13802,java,class,type,module,close_entity,0.5731224484094259,0.5731224484094259,0.0,0.8181818181818182,0.8181818181818182,0.0,0.8070423588135083,0.8028519934819588,0.004190365331549484,0.8504464285714286,0.8504464285714286,0.0,0.9795526266098022,0.9844216108322144,-0.004868984222412109,0.5831377506256104,0.10236357152462006,0.4807741791009903,0.26952341198921204,-0.6087539345026016,0.8782773464918137
13839,java,log,trace,output,infrastructure,0.9306048591020994,0.9306048591020994,0.0,0.9285714285714286,0.9285714285714286,0.0,0.942226584343431,0.9417412992817679,0.000485285061663121,0.9373611111111111,0.9373611111111111,0.0,0.9873838424682617,0.9893509149551392,-0.0019670724868774414,0.3349127173423767,0.40448009967803955,-0.06956738233566284,0.05511671304702759,0.04517605900764465,0.009940654039382935
13862,java,parameters,arguments,constants,close_entity,0.7506238537503396,0.7506238537503396,0.0,0.8571428571428571,0.8571428571428571,0.0,0.7510221207782806,0.73181842964502,0.019203691133260592,0.8819444444444444,0.8819444444444444,0.0,0.9922159910202026,0.9831129312515259,0.009103059768676758,0.8847857117652893,0.02544199302792549,0.8593437187373638,0.830671887844801,-0.9186920039355755,1.7493638917803764
13862,java,log,trace,output,infrastructure,0.7506238537503396,0.7506238537503396,0.0,0.8571428571428571,0.8571428571428571,0.0,0.8698739656660373,0.8694781268104563,0.00039583885558092113,0.8819444444444444,0.8819444444444444,0.0,0.9842702150344849,0.984011709690094,0.00025850534439086914,0.17797677218914032,0.05372466519474983,0.12425210699439049,-0.5676574259996414,-0.8039994649589062,0.23634203895926476
14244,java,bug,issue,feature,diagnostic,0.9130714940405418,0.9130714940405418,0.0,0.9473684210526315,0.9473684210526315,0.0,0.9514817068332778,0.9476095278062252,0.0038721790270526135,0.9640897511267882,0.9640897511267882,0.0,0.9965847134590149,0.9926095008850098,0.003975212574005127,0.4332645535469055,0.07936958223581314,0.3538949713110924,0.43021292076446116,0.07567073963582516,0.354542181128636
14439,java,log,trace,output,infrastructure,0.9554427922043663,0.9554427922043663,0.0,0.9545454545454546,0.9545454545454546,0.0,0.9681864667876195,0.966378034089651,0.0018084326979685983,0.9582939508506617,0.9582939508506617,0.0,0.9860124588012695,0.9887874126434326,-0.002774953842163086,0.004349507857114077,0.03465896099805832,-0.030309453140944242,-0.9832309107296169,-0.9030578210949898,-0.0801730896346271
14443,java,method,function,attribute,close_entity,0.7691605673134587,0.7691605673134587,0.0,0.9090909090909091,0.9090909090909091,0.0,0.8154012366182445,0.8188735601047054,-0.003472323486460871,0.9139118457300276,0.9139118457300276,0.0,0.9951809048652649,0.9903119802474976,0.004868924617767334,0.9942223429679871,0.955597460269928,0.03862488269805908,0.9930916405282915,0.9450638312846422,0.048027809243649244
15564,java,method,function,attribute,close_entity,0.5000000000000001,0.5000000000000001,0.0,0.8571428571428571,0.8571428571428571,0.0,0.8192995573653217,0.819256824512624,4.27328526976245e-05,0.864795918367347,0.864795918367347,0.0,0.9947580099105835,0.9853628873825073,0.009395122528076172,0.9812429547309875,0.6949121356010437,0.28633081912994385,0.9776536952704191,0.5886447951197624,0.3890089001506567
15564,java,warning,alert,error,diagnostic,0.8408964152537145,0.8408964152537145,0.0,0.8571428571428571,0.8571428571428571,0.0,0.8664087295014279,0.8630485118385616,0.003360217662866316,0.8737244897959183,0.8737244897959183,0.0,0.9914838075637817,0.9929391145706177,-0.0014553070068359375,0.9880557060241699,0.7101837992668152,0.27787190675735474,0.9873127274331637,0.6985827479511499,0.28872997948201373
15696,java,method,function,attribute,close_entity,0.7825422900366438,0.7825422900366438,0.0,0.8888888888888888,0.8888888888888888,0.0,0.836555265306882,0.8334069971123033,0.003148268194578696,0.8950617283950617,0.8950617283950617,0.0,0.9948594570159912,0.9884847402572632,0.006374716758728027,0.2880081534385681,0.006476611830294132,0.281531541608274,-0.2827836275100708,-0.9117971351370215,0.6290135076269507
17314,java,test,check,config,infrastructure,0.8492326635760686,0.8492326635760686,0.0,0.9375,0.9375,0.0,0.9153238574410227,0.9109013103254844,0.0044225471155383556,0.9402573529411764,0.9402573529411764,0.0,0.9918824434280396,0.982596755027771,0.009285688400268555,0.9191094636917114,0.41573256254196167,0.5033769011497498,0.9090248746797442,0.3087758496403694,0.6002490250393748
17420,java,test,check,config,infrastructure,0.6606328636027612,0.6606328636027612,0.0,0.8888888888888888,0.8888888888888888,0.0,0.9298715394529948,0.9261622904279997,0.0037092490249951426,0.8819444444444444,0.8819444444444444,0.0,0.9870079755783081,0.985859751701355,0.001148223876953125,0.9684149622917175,0.05481142923235893,0.9136035330593586,0.9604675211012363,-0.5548297055065632,1.5152972266077995
17487,java,warning,alert,error,diagnostic,0.5000000000000001,0.5000000000000001,0.0,0.8000000000000002,0.8000000000000002,0.0,0.7537457406284428,0.7494279427148772,0.004317797913565569,0.864795918367347,0.864795918367347,0.0,0.9907726049423218,0.9859573841094971,0.004815220832824707,0.9926238059997559,0.8906030654907227,0.1020207405090332,0.9916201202431694,0.8708233553916216,0.12079676485154778
17966,java,method,function,attribute,close_entity,0.8787419089273847,0.8787419089273847,0.0,0.9444444444444444,0.9444444444444444,0.0,0.9063076822202798,0.9061205928669583,0.00018708935332145682,0.9561624146604384,0.9561624146604384,0.0,0.9967609643936157,0.9922751188278198,0.0044858455657958984,0.97919762134552,0.859201192855835,0.11999642848968506,0.9788428883475717,0.8513915808871388,0.12745130746043287
18046,java,method,function,attribute,close_entity,0.7071067811865478,0.7071067811865478,0.0,0.875,0.875,0.0,0.7825566980014422,0.7826672198598976,-0.00011052185845539242,0.864795918367347,0.864795918367347,0.0,0.9928377270698547,0.9842343926429749,0.008603334426879883,0.9798830151557922,0.42281556129455566,0.5570674538612366,0.9744528862647712,0.30784860253334045,0.6666042837314308
18180,java,test,check,config,infrastructure,0.8656030552541704,0.8656030552541704,0.0,0.9473684210526315,0.9473684210526315,0.0,0.9204791232311436,0.916307160481741,0.004171962749402569,0.9519047619047619,0.9519047619047619,0.0,0.9931962490081787,0.9845532774925232,0.008642971515655518,0.9823229908943176,0.1786954402923584,0.8036275506019592,0.979319283971563,-0.4854079484939575,1.4647272324655205
18205,java,class,type,module,close_entity,0.8895260356363631,0.8895260356363631,0.0,0.9500000000000001,0.9500000000000001,0.0,0.9375411604142398,0.9357416243819847,0.0017995360322551335,0.9519047619047619,0.9519047619047619,0.0,0.9958750605583191,0.9966738224029541,-0.0007987618446350098,0.8000084161758423,0.2864108681678772,0.5135975480079651,0.6561594605445862,-0.35700273513793945,1.0131621956825256
18459,java,class,type,module,close_entity,0.4111336169005196,0.4111336169005196,0.0,0.8000000000000002,0.8000000000000002,0.0,0.8295860606070741,0.8256050595908545,0.003981001016219565,0.8412698412698414,0.8412698412698414,0.0,0.9888201355934143,0.9885245561599731,0.0002955794334411621,0.0009505102643743157,0.0009047544444911182,4.5755819883197546e-05,-0.9941337158670649,-0.9919657551799901,-0.0021679606870748103
18838,java,log,trace,output,infrastructure,0.82651681837938,0.82651681837938,0.0,0.9090909090909091,0.9090909090909091,0.0,0.9068871043748339,0.9065605496816854,0.00032655469314846197,0.9139118457300276,0.9139118457300276,0.0,0.9892848134040833,0.9918662309646606,-0.0025814175605773926,0.10063771158456802,0.13532209396362305,-0.03468438237905502,-0.7464009150862694,-0.6442519426345825,-0.10214897245168686
19035,java,tests,checks,configs,infrastructure,0.8153551038173119,0.8153551038173119,0.0,0.9333333333333333,0.9333333333333333,0.0,0.9291103889382533,0.9253633449077021,0.00374704403055115,0.9363888888888889,0.9363888888888889,0.0,0.993604838848114,0.987596333026886,0.006008505821228027,0.9432464838027954,0.0035365272779017687,0.9397099565248936,0.9406142993830144,-0.11122130113653839,1.0518356005195528
19469,java,methods,functions,attributes,close_entity,0.8931539818068699,0.8931539818068699,0.0,0.9090909090909091,0.9090909090909091,0.0,0.8980495297201051,0.8954114739098884,0.0026380558102166995,0.9086363636363638,0.9086363636363638,0.0,0.9933305978775024,0.986639142036438,0.006691455841064453,0.7796403765678406,0.019634192809462547,0.760006183758378,0.6896340698003769,-0.39890887774527073,1.0885429475456476
19622,java,bug,issue,feature,diagnostic,0.8153551038173119,0.8153551038173119,0.0,0.9333333333333333,0.9333333333333333,0.0,0.9398345332006315,0.937635318719223,0.0021992144814084735,0.9363888888888889,0.9363888888888889,0.0,0.997248649597168,0.9932579398155212,0.0039907097816467285,0.9365450739860535,0.19804279506206512,0.7385022789239883,0.9344295507762581,-0.26872776448726654,1.2031573152635247
19684,java,tests,checks,configs,infrastructure,0.6580370064762461,0.6580370064762461,0.0,0.9,0.9,0.0,0.8770587966950614,0.8708509104696062,0.006207886225455206,0.8950617283950617,0.8950617283950617,0.0,0.9834582209587097,0.9639543890953064,0.01950383186340332,0.9930412769317627,0.17057877779006958,0.8224624991416931,0.9917017256375402,-0.4858752489089966,1.4775769745465368
19764,java,warning,alert,error,diagnostic,0.8003203203845001,0.8003203203845001,0.0,0.9285714285714286,0.9285714285714286,0.0,0.8423993004999984,0.8395551583836509,0.0028441421163475367,0.9319727891156462,0.9319727891156462,0.0,0.9896669387817383,0.973355770111084,0.016311168670654297,0.9821369051933289,0.026641666889190674,0.9554952383041382,0.9811291152145714,-0.17960725724697113,1.1607363724615425
20120,java,classes,types,modules,close_entity,0.5946035575013611,0.5946035575013611,0.0,0.875,0.875,0.0,0.8409086265539287,0.836991967882831,0.003916658671097695,0.864795918367347,0.864795918367347,0.0,0.9842486381530762,0.983644962310791,0.0006036758422851562,0.3303054869174957,0.025159336626529694,0.30514615029096603,0.07287222146987915,-0.8172562941908836,0.8901285156607628
20218,java,method,function,attribute,close_entity,0.82651681837938,0.82651681837938,0.0,0.9166666666666666,0.9166666666666666,0.0,0.8301379602048458,0.82682650082327,0.003311459381575732,0.9139118457300276,0.9139118457300276,0.0,0.9922248125076294,0.9853885769844055,0.006836235523223877,0.7890636324882507,0.015822676941752434,0.7732409555464983,0.6404119282960892,-0.8019451219588518,1.442357050254941
20600,java,function,method,variable,close_entity,0.7071067811865478,0.7071067811865478,0.0,0.8888888888888888,0.8888888888888888,0.0,0.7899156623973093,0.7797254209199168,0.010190241477392448,0.8950617283950617,0.8950617283950617,0.0,0.9927685260772705,0.9804071187973022,0.012361407279968262,0.198283389210701,0.004474240820854902,0.1938091483898461,-0.5665973275899887,-0.9828584012575448,0.41626107366755605
20793,java,log,trace,output,infrastructure,0.7506238537503396,0.7506238537503396,0.0,0.8888888888888888,0.8888888888888888,0.0,0.9038502212695793,0.9035198668203879,0.00033035444919138346,0.8819444444444444,0.8819444444444444,0.0,0.989859938621521,0.9895796179771423,0.0002803206443786621,0.03302057087421417,0.08836829662322998,-0.05534772574901581,-0.8451620191335678,-0.6107230186462402,-0.23443900048732758
21087,java,methods,functions,attributes,close_entity,0.7419446627365011,0.7419446627365011,0.0,0.8571428571428571,0.8571428571428571,0.0,0.8879127145230494,0.8856101386045871,0.0023025759184622796,0.9054545454545455,0.9054545454545455,0.0,0.9968247413635254,0.9924279451370239,0.004396796226501465,0.8338420987129211,0.03463752940297127,0.7992045693099499,0.8082130756229162,-0.2103000245988369,1.0185131002217531
21087,java,tests,checks,configs,infrastructure,0.7016879391277372,0.7016879391277372,0.0,0.8571428571428571,0.8571428571428571,0.0,0.9142115046919821,0.9097352033272178,0.00447630136476429,0.9054545454545455,0.9054545454545455,0.0,0.9903365969657898,0.9852302074432373,0.00510638952255249,0.9031626582145691,0.049320973455905914,0.8538416847586632,0.894415982067585,-0.431546650826931,1.325962632894516
21724,java,methods,functions,attributes,close_entity,0.8003203203845001,0.8003203203845001,0.0,0.9166666666666666,0.9166666666666666,0.0,0.8729434811087354,0.8703808493007719,0.002562631807963567,0.9319727891156462,0.9319727891156462,0.0,0.9960921406745911,0.9889456033706665,0.0071465373039245605,0.9651961922645569,0.004413447342813015,0.9607827449217439,0.9634956307709217,-0.0003452706150710583,0.9638409013859928
21893,java,methods,functions,attributes,close_entity,0.8801117367933934,0.8801117367933934,0.0,0.9,0.9,0.0,0.8862801932687447,0.8833783333590125,0.0029018599097322406,0.8993827160493828,0.8993827160493828,0.0,0.9896131753921509,0.9810764193534851,0.008536756038665771,0.7378512620925903,0.04510153457522392,0.6927497275173664,0.6275462657213211,-0.14135103300213814,0.7688972987234592
21904,java,method,function,attribute,close_entity,0.82651681837938,0.82651681837938,0.0,0.9,0.9,0.0,0.8995347855429549,0.8969306195665044,0.002604165976450412,0.9139118457300276,0.9139118457300276,0.0,0.9958178400993347,0.987243115901947,0.008574724197387695,0.8894824981689453,0.17221127450466156,0.7172712236642838,0.8763783806934953,-0.025418564677238464,0.9017969453707337
22476,java,classes,types,modules,close_entity,0.7839204411491599,0.7839204411491599,0.0,0.8823529411764706,0.8823529411764706,0.0,0.8723539670367418,0.8689264463814633,0.0034275206552785153,0.9075568181818183,0.9075568181818183,0.0,0.9917323589324951,0.9924539923667908,-0.0007216334342956543,0.9414548873901367,0.9068112373352051,0.03464365005493164,0.9345830203965306,0.8983858041465282,0.036197216250002384
22567,java,error,exception,warning,diagnostic,0.855526185871245,0.855526185871245,0.0,0.9230769230769231,0.9230769230769231,0.0,0.9148784815376121,0.9073156462466885,0.0075628352909236085,0.9268808114961962,0.9268808114961962,0.0,0.9895535707473755,0.990004301071167,-0.0004507303237915039,0.9955126643180847,0.9902377724647522,0.0052748918533325195,0.9951151051209308,0.9900905459944624,0.005024559126468375
22592,java,test,check,config,infrastructure,0.7506238537503396,0.7506238537503396,0.0,0.875,0.875,0.0,0.8490688891871189,0.841441953221802,0.007626935965316828,0.8819444444444444,0.8819444444444444,0.0,0.9858477711677551,0.9787981510162354,0.007049620151519775,0.9936783909797668,0.34969362616539,0.6439847648143768,0.9917760683456436,-0.22876408696174622,1.2205401553073898
22849,java,error,exception,warning,diagnostic,0.7825422900366432,0.7825422900366432,0.0,0.9285714285714286,0.9285714285714286,0.0,0.8826565322805512,0.8720184323915935,0.010638099888957697,0.9268808114961962,0.9268808114961962,0.0,0.9853895306587219,0.9875189065933228,-0.00212937593460083,0.9742423892021179,0.7984284162521362,0.1758139729499817,0.972581077949144,0.7975758769316599,0.17500520101748407
22868,java,comments,notes,commands,infrastructure,0.9391044157537529,0.9391044157537529,0.0,0.9285714285714286,0.9285714285714286,0.0,0.916491735790028,0.9271296150607905,-0.01063787927076254,0.9443483275663207,0.9443483275663207,0.0,0.9942223429679871,0.987967848777771,0.0062544941902160645,0.9959618449211121,0.9666242599487305,0.029337584972381592,0.9957397091493476,0.9608587753027678,0.034880933846579865
23154,java,log,trace,output,infrastructure,0.8633400213704508,0.8633400213704508,0.0,0.875,0.875,0.0,0.9101082413093166,0.905323034276437,0.004785207032879546,0.8880208333333333,0.8880208333333333,0.0,0.9721807241439819,0.9693488478660583,0.002831876277923584,0.41554373502731323,0.9475676417350769,-0.5320239067077637,-0.10913193225860596,0.9068401753902435,-1.0159721076488495
23181,java,test,check,config,infrastructure,0.7071067811865478,0.7071067811865478,0.0,0.8000000000000002,0.8000000000000002,0.0,0.8007147186660943,0.7881904121454731,0.012524306520621198,0.864795918367347,0.864795918367347,0.0,0.9845393896102905,0.9790897965431213,0.0054495930671691895,0.94195157289505,0.008470401167869568,0.9334811717271805,0.9234692919999361,-0.8802001029253006,1.8036693949252367
23308,java,tests,checks,configs,infrastructure,0.8091067115702206,0.8091067115702206,0.0,0.8571428571428571,0.8571428571428571,0.0,0.8700769789764826,0.861355635493255,0.008721343483227617,0.8551587301587302,0.8551587301587302,0.0,0.9763253927230835,0.975130558013916,0.0011948347091674805,0.613603949546814,0.009923567995429039,0.6036803815513849,0.5492674335837364,-0.7456693146377802,1.2949367482215166
23527,java,error,exception,warning,diagnostic,0.8003203203845001,0.8003203203845001,0.0,0.9333333333333333,0.9333333333333333,0.0,0.8826565322805512,0.8746893728151054,0.007967159465445794,0.9319727891156462,0.9319727891156462,0.0,0.990614652633667,0.986640453338623,0.003974199295043945,0.956853449344635,0.37203145027160645,0.5848219990730286,0.9486584104597569,0.3704938954906538,0.578164514969103
23574,java,class,type,module,close_entity,0.8153551038173119,0.8153551038173119,0.0,0.9285714285714286,0.9285714285714286,0.0,0.909727850669072,0.9072536720844611,0.0024741785846109643,0.9363888888888889,0.9363888888888889,0.0,0.9866556525230408,0.9893916845321655,-0.002736032009124756,0.7465904951095581,0.4145452678203583,0.33204522728919983,0.6646620631217957,0.13109484314918518,0.5335672199726105
23725,java,tests,checks,configs,infrastructure,0.8070557274927979,0.8070557274927979,0.0,0.9,0.9,0.0,0.8815215724308101,0.8755151584020058,0.006006414028804308,0.9054545454545455,0.9054545454545455,0.0,0.9838780760765076,0.977304220199585,0.006573855876922607,0.9919845461845398,0.05653732270002365,0.9354472234845161,0.9912283940357156,-0.7568089440464973,1.748037338082213
24048,java,methods,functions,attributes,close_entity,0.8423626743789745,0.8423626743789745,0.0,0.9090909090909091,0.9090909090909091,0.0,0.8639104674746502,0.8608304629883297,0.003080004486320509,0.920940170940171,0.920940170940171,0.0,0.9951888918876648,0.9890471696853638,0.006141722202301025,0.9224541187286377,0.015216419473290443,0.9072376992553473,0.9058690313249826,-0.6607993748039007,1.5666684061288834
24220,java,classes,types,modules,close_entity,0.7016879391277372,0.7016879391277372,0.0,0.9,0.9,0.0,0.8809595395403683,0.877781690880126,0.0031778486602422884,0.9054545454545455,0.9054545454545455,0.0,0.9845747947692871,0.9888687133789062,-0.004293918609619141,0.5243093371391296,0.006497321650385857,0.5178120154887438,0.3027801513671875,-0.8558853287249804,1.1586654800921679
24507,java,methods,functions,attributes,close_entity,0.8070557274927979,0.8070557274927979,0.0,0.8888888888888888,0.8888888888888888,0.0,0.8686393759418227,0.8656490933231552,0.002990282618667517,0.9054545454545455,0.9054545454545455,0.0,0.9959653615951538,0.9912527799606323,0.004712581634521484,0.9281558990478516,0.813030481338501,0.11512541770935059,0.9206782015971839,0.7875546887516975,0.1331235128454864
24992,java,error,exception,warning,diagnostic,0.5000000000000001,0.5000000000000001,0.0,0.875,0.875,0.0,0.8159924588042535,0.7986148862068273,0.017377572597426227,0.864795918367347,0.864795918367347,0.0,0.9881349205970764,0.9885298609733582,-0.0003949403762817383,0.9847875237464905,0.8141371011734009,0.1706504225730896,0.9843884725414682,0.8138032770366408,0.17058519550482742
24992,java,log,trace,output,infrastructure,0.7071067811865478,0.7071067811865478,0.0,0.875,0.875,0.0,0.8597163275764953,0.8593250240370034,0.0003913035394919051,0.864795918367347,0.864795918367347,0.0,0.9858728051185608,0.9897077083587646,-0.0038349032402038574,0.8960180878639221,0.9806134700775146,-0.08459538221359253,0.8402410298585892,0.9736598799936473,-0.13341885013505816
25233,java,test,check,config,infrastructure,0.8979542144404238,0.8979542144404238,0.0,0.9375,0.9375,0.0,0.9390514844880908,0.9367852502488933,0.0022662342391975843,0.9467186484730344,0.9467186484730344,0.0,0.9887378811836243,0.9882909059524536,0.0004469752311706543,0.9378448128700256,0.10278801620006561,0.83505679666996,0.9224637290462852,-0.6190517693758011,1.5415154984220862
25474,java,method,function,attribute,close_entity,0.7071067811865478,0.7071067811865478,0.0,0.8888888888888888,0.8888888888888888,0.0,0.8026257999148136,0.798990831364194,0.0036349685506196217,0.8950617283950617,0.8950617283950617,0.0,0.983718752861023,0.9824754595756531,0.001243293285369873,0.9915944933891296,0.9385107159614563,0.05308377742767334,0.9903534388868138,0.9256098661571741,0.06474357272963971
26273,java,function,method,variable,close_entity,0.6606328636027612,0.6606328636027612,0.0,0.875,0.875,0.0,0.7992958089415193,0.789638081091684,0.009657727849835318,0.8819444444444444,0.8819444444444444,0.0,0.9937968850135803,0.9867297410964966,0.00706714391708374,0.4521356225013733,0.0038036603946238756,0.4483319621067494,0.25727638602256775,-0.8592712979298085,1.1165476839523762
26273,java,error,exception,warning,diagnostic,0.6606328636027612,0.6606328636027612,0.0,0.875,0.875,0.0,0.8567055617375398,0.8435047276967939,0.013200834040745901,0.8819444444444444,0.8819444444444444,0.0,0.986250638961792,0.9896591305732727,-0.003408491611480713,0.9891989827156067,0.9430964589118958,0.04610252380371094,0.9880474858218804,0.9381098812445998,0.04993760457728058
26843,java,function,method,variable,close_entity,0.3799178428257963,0.3799178428257963,0.0,0.8333333333333334,0.8333333333333334,0.0,0.6031448070916656,0.5878056484578223,0.015339158633843275,0.8066666666666668,0.8066666666666668,0.0,0.9876755475997925,0.9695770740509033,0.01809847354888916,0.9955118298530579,0.9645334482192993,0.030978381633758545,0.9949963240069337,0.9554935814812779,0.039502742525655776
27030,java,method,function,attribute,close_entity,0.7348889200874659,0.7348889200874659,0.0,0.9,0.9,0.0,0.8558260452123987,0.8529797132203951,0.00284633199200357,0.9139118457300276,0.9139118457300276,0.0,0.9903995394706726,0.9814425110816956,0.00895702838897705,0.7281384468078613,0.062282394617795944,0.6658560521900654,0.6174431219696999,-0.2641674466431141,0.881610568612814
27259,java,parameters,arguments,constants,close_entity,0.537284965911771,0.537284965911771,0.0,0.8333333333333334,0.8333333333333334,0.0,0.7570008001582147,0.7382297321966376,0.018771067961577126,0.8066666666666668,0.8066666666666668,0.0,0.9854735136032104,0.9749487638473511,0.010524749755859375,0.9176758527755737,0.20408757030963898,0.7135882824659348,0.8750798888504505,-0.47151462733745575,1.3465945161879063
27384,java,class,type,module,close_entity,0.6606328636027612,0.6606328636027612,0.0,0.875,0.875,0.0,0.7551122355259772,0.7503144458678768,0.004797789658100404,0.8819444444444444,0.8819444444444444,0.0,0.98140549659729,0.9873514771461487,-0.005945980548858643,0.7105671763420105,0.2424619346857071,0.4681052416563034,0.45717695355415344,-0.47533147037029266,0.9325084239244461
28075,java,method,function,attribute,close_entity,0.9193227152249175,0.9193227152249175,0.0,0.9166666666666666,0.9166666666666666,0.0,0.9229416768849411,0.9206074522396426,0.0023342246452985327,0.9283601014370245,0.9283601014370245,0.0,0.9947810173034668,0.987782895565033,0.006998121738433838,0.5761033296585083,0.22666241228580475,0.34944091737270355,0.5227879136800766,0.16024930030107498,0.3625386133790016
28075,java,warning,alert,error,diagnostic,0.855526185871245,0.855526185871245,0.0,0.9166666666666666,0.9166666666666666,0.0,0.8870840787125878,0.8850162538553057,0.0020678248572820745,0.9268808114961962,0.9268808114961962,0.0,0.9943463802337646,0.9929846525192261,0.0013617277145385742,0.9900033473968506,0.9865946769714355,0.003408670425415039,0.9862197095062584,0.984195910859853,0.0020237986464053392
28158,java,parameters,arguments,constants,close_entity,0.7825422900366432,0.7825422900366432,0.0,0.9285714285714286,0.9285714285714286,0.0,0.854902218077615,0.8408762825109105,0.014025935566704506,0.9268808114961962,0.9268808114961962,0.0,0.9937798976898193,0.9893449544906616,0.004434943199157715,0.9561459422111511,0.014140341430902481,0.9420056007802486,0.9479246344417334,-0.7269713543355465,1.6748959887772799
28201,java,methods,functions,attributes,close_entity,0.7825422900366438,0.7825422900366438,0.0,0.8888888888888888,0.8888888888888888,0.0,0.8154012366182445,0.8119428021807018,0.003458434437542679,0.8950617283950617,0.8950617283950617,0.0,0.9886980056762695,0.9835164546966553,0.005181550979614258,0.9651416540145874,0.2338934987783432,0.7312481552362442,0.9540983475744724,-0.3934507519006729,1.3475490994751453
28646,java,test,check,config,infrastructure,0.8915993127600096,0.8915993127600096,0.0,0.9166666666666666,0.9166666666666666,0.0,0.920826245642442,0.9179426606143337,0.00288358502810826,0.943675509419454,0.943675509419454,0.0,0.9893773198127747,0.9901067018508911,-0.0007293820381164551,0.9630696177482605,0.11626040190458298,0.8468092158436775,0.9557723705656826,-0.28906554728746414,1.2448379178531468
28790,java,error,exception,warning,diagnostic,0.5253819788848316,0.5253819788848316,0.0,0.8000000000000002,0.8000000000000002,0.0,0.7179444794793943,0.6833107693002755,0.03463371017911887,0.7937500000000002,0.7937500000000002,0.0,0.9749751091003418,0.9773815870285034,-0.002406477928161621,0.5325122475624084,0.01173417828977108,0.5207780692726374,0.25893816351890564,-0.7970910761505365,1.0560292396694422
28832,java,test,check,config,infrastructure,0.7348889200874659,0.7348889200874659,0.0,0.875,0.875,0.0,0.8956753220531456,0.8929156757439596,0.0027596463091860146,0.9139118457300276,0.9139118457300276,0.0,0.9843577146530151,0.9807682633399963,0.003589451313018799,0.6794989705085754,0.10796566307544708,0.5715333074331284,0.5652173981070518,-0.517087921500206,1.0823053196072578
28937,java,function,method,variable,close_entity,0.6580370064762461,0.6580370064762461,0.0,0.8888888888888888,0.8888888888888888,0.0,0.7992958089415193,0.789638081091684,0.009657727849835318,0.8950617283950617,0.8950617283950617,0.0,0.9933900833129883,0.9891253113746643,0.004264771938323975,0.6979622840881348,0.0206905547529459,0.6772717293351889,0.5094962418079376,-0.815795486792922,1.3252917286008596
28937,java,error,exception,warning,diagnostic,0.7825422900366438,0.7825422900366438,0.0,0.8888888888888888,0.8888888888888888,0.0,0.8567055617375398,0.8435047276967939,0.013200834040745901,0.8950617283950617,0.8950617283950617,0.0,0.9855507016181946,0.9898669719696045,-0.004316270351409912,0.9955449104309082,0.9764280915260315,0.01911681890487671,0.9951575217128266,0.9757506466703489,0.019406875042477623
28947,java,error,exception,warning,diagnostic,0.8153551038173119,0.8153551038173119,0.0,0.9333333333333333,0.9333333333333333,0.0,0.8595301561472727,0.8497926627377642,0.009737493409508469,0.9363888888888889,0.9363888888888889,0.0,0.9924665689468384,0.9939390420913696,-0.00147247314453125,0.9919724464416504,0.9757742285728455,0.01619821786880493,0.9885148180183023,0.9754169438965619,0.01309787412174046
29615,java,test,check,config,infrastructure,0.5000000000000001,0.5000000000000001,0.0,0.875,0.875,0.0,0.8913780586080539,0.8858229142279829,0.0055551443800709865,0.864795918367347,0.864795918367347,0.0,0.9898412823677063,0.9718760251998901,0.017965257167816162,0.9936158657073975,0.033002324402332306,0.9606135413050652,0.9913597640115768,-0.6809341832995415,1.6722939473111182
30080,java,tests,checks,configs,infrastructure,0.8070557274927979,0.8070557274927979,0.0,0.9,0.9,0.0,0.9258930066558242,0.9219867826443953,0.003906224011428927,0.9054545454545455,0.9054545454545455,0.0,0.984934389591217,0.9742215871810913,0.010712802410125732,0.9864482283592224,0.013668463565409184,0.9727797647938132,0.9830686862114817,-0.9475796958431602,1.9306483820546418
30091,java,method,function,attribute,close_entity,0.8153551038173119,0.8153551038173119,0.0,0.9090909090909091,0.9090909090909091,0.0,0.8690570699178213,0.8664287455480866,0.0026283243697347025,0.9363888888888889,0.9363888888888889,0.0,0.995162844657898,0.9888074398040771,0.006355404853820801,0.8777682185173035,0.508653998374939,0.3691142201423645,0.8403734676539898,0.4965722430497408,0.343801224604249
31146,java,error,exception,warning,diagnostic,0.8207202632332538,0.8207202632332538,0.0,0.9,0.9,0.0,0.8609587789998983,0.8481322828410025,0.01282649615889575,0.9221754807692308,0.9221754807692308,0.0,0.9849663376808167,0.9827777743339539,0.002188563346862793,0.9426889419555664,0.04681294411420822,0.8958759978413582,0.9394300836138427,-0.6016797497868538,1.5411098334006965
31316,java,parameters,arguments,constants,close_entity,0.5000000000000001,0.5000000000000001,0.0,0.875,0.875,0.0,0.791962172322454,0.7757479811315612,0.016214191190892846,0.864795918367347,0.864795918367347,0.0,0.986816942691803,0.9827145338058472,0.0041024088859558105,0.9601143002510071,0.6807602047920227,0.2793540954589844,0.9447623798623681,0.47066712379455566,0.47409525606781244
31339,java,errors,exceptions,warnings,diagnostic,0.9193227152249175,0.9193227152249175,0.0,0.9230769230769231,0.9230769230769231,0.0,0.9334267205135065,0.9257714020737835,0.007655318439723002,0.9283601014370245,0.9283601014370245,0.0,0.9923266768455505,0.9942308068275452,-0.001904129981994629,0.9563302993774414,0.5136720538139343,0.4426582455635071,0.9516022484749556,0.4959068465977907,0.45569540187716484
31379,java,error,exception,warning,diagnostic,0.7419446627365011,0.7419446627365011,0.0,0.9,0.9,0.0,0.8765603560090198,0.8681329975717244,0.008427358437295474,0.9054545454545455,0.9054545454545455,0.0,0.9877445101737976,0.9923709034919739,-0.0046263933181762695,0.9946302175521851,0.9524332284927368,0.04219698905944824,0.9939091362175532,0.9509951014770195,0.04291403474053368
31414,java,test,check,config,infrastructure,0.7506238537503396,0.7506238537503396,0.0,0.8571428571428571,0.8571428571428571,0.0,0.8452779687525976,0.8401313210095642,0.005146647743033417,0.8819444444444444,0.8819444444444444,0.0,0.9727033376693726,0.9750092029571533,-0.0023058652877807617,0.31170225143432617,0.05587796866893768,0.2558242827653885,-0.18537187576293945,-0.796246662735939,0.6108747869729996
31414,java,tests,checks,configs,infrastructure,0.5969491792019644,0.5969491792019644,0.0,0.8571428571428571,0.8571428571428571,0.0,0.7965400491249945,0.7869997368301973,0.009540312294797237,0.8819444444444444,0.8819444444444444,0.0,0.978999137878418,0.9552940726280212,0.02370506525039673,0.971892237663269,0.46795910596847534,0.5039331316947937,0.9624059172347188,0.16235598921775818,0.8000499280169606
31511,java,methods,functions,attributes,close_entity,0.8578928092681438,0.8578928092681438,0.0,0.9444444444444444,0.9444444444444444,0.0,0.907321599474716,0.9053728309485136,0.0019487685262024046,0.9494459833795015,0.9494459833795015,0.0,0.9967788457870483,0.9861642122268677,0.010614633560180664,0.9552107453346252,0.009620528668165207,0.94559021666646,0.951393208000809,-0.09342337772250175,1.0448165857233107
31762,java,warning,alert,error,diagnostic,0.8003203203845001,0.8003203203845001,0.0,0.9090909090909091,0.9090909090909091,0.0,0.8684343927779449,0.8660397563241378,0.0023946364538071085,0.8819444444444444,0.8819444444444444,0.0,0.9935680031776428,0.9929419159889221,0.0006260871887207031,0.9939747452735901,0.9183248281478882,0.0756499171257019,0.9927647442091256,0.8769061304628849,0.11585861374624074
31892,java,test,check,config,infrastructure,0.7071067811865478,0.7071067811865478,0.0,0.9,0.9,0.0,0.8191201418100401,0.8104568260053518,0.008663315804688265,0.8950617283950617,0.8950617283950617,0.0,0.9761515855789185,0.9612748622894287,0.014876723289489746,0.9966877102851868,0.5150797963142395,0.48160791397094727,0.9962502959242556,0.34631723165512085,0.6499330642691348
32028,java,test,check,config,infrastructure,0.7071067811865478,0.7071067811865478,0.0,0.8888888888888888,0.8888888888888888,0.0,0.8948759634135981,0.889483055484246,0.005392907929352098,0.8950617283950617,0.8950617283950617,0.0,0.9885306358337402,0.9813271760940552,0.007203459739685059,0.9859112501144409,0.2035752832889557,0.7823359668254852,0.9845270477235317,0.199712103465572,0.7848149442579597
32446,java,input,entry,output,directional,0.8282477531331043,0.8282477531331043,0.0,0.9375,0.9375,0.0,0.9114638322368155,0.9420100218054437,-0.0305461895686282,0.9402573529411764,0.9402573529411764,0.0,0.9899764657020569,0.9914212226867676,-0.0014447569847106934,0.9479494094848633,0.000770684564486146,0.9471787249203771,0.9254272282123566,-0.98465621820651,1.9100834464188665
32450,java,method,function,attribute,close_entity,0.7348889200874659,0.7348889200874659,0.0,0.8888888888888888,0.8888888888888888,0.0,0.8300645693703701,0.8299873341057712,7.723526459890717e-05,0.9139118457300276,0.9139118457300276,0.0,0.9942399263381958,0.989058256149292,0.005181670188903809,0.9918410778045654,0.8938164114952087,0.09802466630935669,0.9905232046730816,0.8896797359921038,0.10084346868097782
32687,java,tests,checks,configs,infrastructure,0.6606328636027612,0.6606328636027612,0.0,0.8571428571428571,0.8571428571428571,0.0,0.8191201418100401,0.8104568260053518,0.008663315804688265,0.8819444444444444,0.8819444444444444,0.0,0.974449634552002,0.9704747796058655,0.003974854946136475,0.981665313243866,0.25602349638938904,0.7256418168544769,0.9785192429553717,-0.007963567972183228,0.986482810927555
32945,java,functions,methods,variables,close_entity,0.9036020036098446,0.9036020036098446,0.0,0.9375,0.9375,0.0,0.9201996551544576,0.9153935102716936,0.004806144882763985,0.9494459833795015,0.9494459833795015,0.0,0.9949390888214111,0.9909729957580566,0.003966093063354492,0.14480960369110107,0.006666649132966995,0.13814295455813408,0.09614470228552818,-0.2167440764605999,0.3128887787461281
32945,java,class,type,module,close_entity,0.8578928092681438,0.8578928092681438,0.0,0.9375,0.9375,0.0,0.9335611559489894,0.9316602928581016,0.0019008630908877722,0.9494459833795015,0.9494459833795015,0.0,0.9910405278205872,0.9937715530395508,-0.002731025218963623,0.9413115382194519,0.34632575511932373,0.5949857831001282,0.9201399944722652,-0.21780109405517578,1.137941088527441
33563,java,method,function,attribute,close_entity,0.8091067115702206,0.8091067115702206,0.0,0.8571428571428571,0.8571428571428571,0.0,0.8084864926194597,0.8034446520285443,0.005041840590915392,0.8551587301587302,0.8551587301587302,0.0,0.9720638990402222,0.9755953550338745,-0.0035314559936523438,0.9585754871368408,0.3947452902793884,0.5638301968574524,0.9501058207824826,0.178592249751091,0.7715135710313916
33563,java,test,check,config,infrastructure,0.4889230224349009,0.4889230224349009,0.0,0.8571428571428571,0.8571428571428571,0.0,0.7899834842151191,0.7801968559414592,0.009786628273659947,0.8412698412698414,0.8412698412698414,0.0,0.9755528569221497,0.9476818442344666,0.027871012687683105,0.9956099390983582,0.11582884192466736,0.8797810971736908,0.9952280665747821,-0.5289776623249054,1.5242057288996875
35029,java,function,method,variable,close_entity,0.6580370064762461,0.6580370064762461,0.0,0.9,0.9,0.0,0.8180135293135486,0.8090902861467244,0.008923243166824246,0.8950617283950617,0.8950617283950617,0.0,0.9884536266326904,0.9832615852355957,0.0051920413970947266,0.9927921295166016,0.2862969636917114,0.7064951658248901,0.9914756633806974,-0.3189105987548828,1.3103862621355802
35166,java,methods,functions,attributes,close_entity,0.7348889200874659,0.7348889200874659,0.0,0.9090909090909091,0.9090909090909091,0.0,0.889360955506158,0.8870841316462524,0.0022768238599055746,0.9139118457300276,0.9139118457300276,0.0,0.995065450668335,0.990637481212616,0.004427969455718994,0.97506183385849,0.3395051658153534,0.6355566680431366,0.9720648627262563,-0.022182703018188477,0.9942475657444447
35573,java,methods,functions,attributes,close_entity,0.7348889200874659,0.7348889200874659,0.0,0.9090909090909091,0.9090909090909091,0.0,0.8848993781750499,0.8825435551863587,0.002355822988691192,0.9139118457300276,0.9139118457300276,0.0,0.9888321161270142,0.9898394346237183,-0.0010073184967041016,0.9790161848068237,0.6743787527084351,0.30463743209838867,0.9771167380968109,0.5425958782434464,0.4345208598533645
36056,java,method,function,attribute,close_entity,0.9457416090031756,0.9457416090031756,0.0,0.9473684210526315,0.9473684210526315,0.0,0.9447167834462192,0.9430004246593587,0.0017163587868604946,0.9499307479224378,0.9499307479224378,0.0,0.992389440536499,0.9828260540962219,0.0095633864402771,0.048657964915037155,0.003849332220852375,0.04480863269418478,0.013803709298372269,-0.006391938775777817,0.020195648074150085
36431,java,error,exception,warning,diagnostic,0.7825422900366432,0.7825422900366432,0.0,0.9166666666666666,0.9166666666666666,0.0,0.9071168116351636,0.8988239589259116,0.008292852709251952,0.9268808114961962,0.9268808114961962,0.0,0.9900230169296265,0.9878186583518982,0.0022043585777282715,0.982774555683136,0.6714953184127808,0.3112792372703552,0.9815815284382552,0.6679010600782931,0.3136804683599621
36674,java,tests,checks,configs,infrastructure,0.8666415730847506,0.8666415730847506,0.0,0.9230769230769231,0.9230769230769231,0.0,0.9118276559638662,0.907115937739962,0.004711718223904149,0.9319727891156462,0.9319727891156462,0.0,0.9893255233764648,0.983022928237915,0.006302595138549805,0.9540337324142456,0.08253657072782516,0.8714971616864204,0.9437614809721708,-0.7506389692425728,1.6944004502147436
37442,java,class,type,module,close_entity,0.744781978987965,0.744781978987965,0.0,0.8666666666666667,0.8666666666666667,0.0,0.8266928000453376,0.8219085014020777,0.00478429864325991,0.8737244897959183,0.8737244897959183,0.0,0.9800803661346436,0.9777476787567139,0.0023326873779296875,0.09923796355724335,0.010684680193662643,0.0885532833635807,-0.6896221190690994,-0.9203538782894611,0.2307317592203617
38003,java,class,type,module,close_entity,0.7624658586234858,0.7624658586234858,0.0,0.8666666666666667,0.8666666666666667,0.0,0.8360887059517218,0.8314670453962155,0.0046216605555062795,0.8813071895424837,0.8813071895424837,0.0,0.9851871132850647,0.9844571948051453,0.0007299184799194336,0.08302173018455505,0.04743227735161781,0.03558945283293724,-0.6973364651203156,-0.8432222865521908,0.14588582143187523
38706,java,tests,checks,configs,infrastructure,0.5969491792019644,0.5969491792019644,0.0,0.875,0.875,0.0,0.8815215724308101,0.8755151584020058,0.006006414028804308,0.8819444444444444,0.8819444444444444,0.0,0.9860130548477173,0.9780298471450806,0.007983207702636719,0.9758715033531189,0.6893903017044067,0.28648120164871216,0.9612671127542853,0.5858055949211121,0.3754615178331733
39959,java,log,trace,output,infrastructure,0.6060032073808247,0.6060032073808247,0.0,0.8461538461538461,0.8461538461538461,0.0,0.7834791177466564,0.7806234797688668,0.002855637977789538,0.8504464285714286,0.8504464285714286,0.0,0.9707521200180054,0.9775382280349731,-0.0067861080169677734,0.0077094570733606815,0.031213607639074326,-0.023504150565713644,-0.9525600536726415,-0.8804815150797367,-0.0720785385929048
40300,java,parameters,arguments,constants,close_entity,0.7283559259623764,0.7283559259623764,0.0,0.875,0.875,0.0,0.730233674705593,0.7064680497797966,0.02376562492579637,0.8922782735385176,0.8922782735385176,0.0,0.9862382411956787,0.9868227243423462,-0.0005844831466674805,0.6698129177093506,0.08159971982240677,0.5882131978869438,0.44242678582668304,-0.5321435853838921,0.9745703712105751
40460,java,class,type,module,close_entity,0.8578928092681438,0.8578928092681438,0.0,0.9375,0.9375,0.0,0.9062483342083535,0.9036952527321175,0.0025530814762360077,0.9494459833795015,0.9494459833795015,0.0,0.9930038452148438,0.9938902854919434,-0.0008864402770996094,0.3869173228740692,0.08528614044189453,0.3016311824321747,0.07941117882728577,-0.6923320293426514,0.7717432081699371
40460,java,tests,checks,configs,infrastructure,0.7590994812356263,0.7590994812356263,0.0,0.875,0.875,0.0,0.8332423616040571,0.8249683073341919,0.008274054269865161,0.8979166666666667,0.8979166666666667,0.0,0.9842339754104614,0.9785454869270325,0.005688488483428955,0.9629314541816711,0.01932629942893982,0.9436051547527313,0.9565850254148245,-0.8030954301357269,1.7596804555505514
40524,java,function,method,variable,close_entity,0.7348889200874659,0.7348889200874659,0.0,0.9090909090909091,0.9090909090909091,0.0,0.7812969331250263,0.7709647836749411,0.010332149450085204,0.9139118457300276,0.9139118457300276,0.0,0.9847933053970337,0.9786385297775269,0.006154775619506836,0.4474555253982544,0.006531366612762213,0.4409241587854922,0.2301201969385147,-0.5824515135027468,0.8125717104412615
40616,java,test,check,config,infrastructure,0.5969491792019644,0.5969491792019644,0.0,0.8888888888888888,0.8888888888888888,0.0,0.8191201418100401,0.8104568260053518,0.008663315804688265,0.8819444444444444,0.8819444444444444,0.0,0.9888864159584045,0.9702762365341187,0.01861017942428589,0.9943239688873291,0.48282402753829956,0.5114999413490295,0.9931351951090619,0.19768601655960083,0.7954491785494611
40722,java,log,trace,output,infrastructure,0.82651681837938,0.82651681837938,0.0,0.9090909090909091,0.9090909090909091,0.0,0.8779760765006217,0.8776313464438614,0.00034473005676027846,0.9139118457300276,0.9139118457300276,0.0,0.9876563549041748,0.9855390787124634,0.0021172761917114258,0.802419126033783,0.8536862730979919,-0.051267147064208984,0.7106974571943283,0.7882567197084427,-0.07755926251411438
40897,java,functions,methods,variables,close_entity,0.7825422900366438,0.7825422900366438,0.0,0.8888888888888888,0.8888888888888888,0.0,0.8484223252873193,0.839888426341585,0.008533898945734308,0.8950617283950617,0.8950617283950617,0.0,0.9942970871925354,0.9865669012069702,0.0077301859855651855,0.9628291130065918,0.0020432465244084597,0.9607858664821833,0.9488741168752313,-0.9054910547565669,1.8543651716317981
40900,java,errors,exceptions,warnings,diagnostic,0.6434588841607617,0.6434588841607617,0.0,0.8333333333333334,0.8333333333333334,0.0,0.8140167062170023,0.79343756782669,0.020579138390312335,0.8412698412698414,0.8412698412698414,0.0,0.9770978093147278,0.9819507598876953,-0.004852950572967529,0.9019634127616882,0.056808166205883026,0.8451552465558052,0.8823525309562683,-0.3773316517472267,1.259684182703495
41218,java,methods,functions,attributes,close_entity,0.7598356856515927,0.7598356856515927,0.0,0.8333333333333334,0.8333333333333334,0.0,0.7818931537163681,0.7770202590545766,0.004872894661791527,0.8300000000000002,0.8300000000000002,0.0,0.9811972379684448,0.9713848829269409,0.009812355041503906,0.9309707880020142,0.08884326368570328,0.8421275243163109,0.9168009189888835,-0.36077626794576645,1.27757718693465
77,js,test,check,config,infrastructure,0.7348889200874659,0.7348889200874659,0.0,0.875,0.875,0.0,0.8449229507866814,0.837316535254893,0.007606415531788424,0.9139118457300276,0.9139118457300276,0.0,0.9891350269317627,0.9793117046356201,0.009823322296142578,0.8809192180633545,0.026271656155586243,0.8546475619077682,0.8783558674622327,-0.4239244908094406,1.3022803582716733
502,js,test,check,config,infrastructure,0.8663975517813622,0.8663975517813622,0.0,0.9375,0.9375,0.0,0.9055233953623759,0.9006310761297428,0.004892319232633113,0.9467186484730344,0.9467186484730344,0.0,0.9918351173400879,0.9822637438774109,0.009571373462677002,0.9442757964134216,0.01299615204334259,0.931279644370079,0.9363458678126335,0.011851652176119387,0.9244942156365141
613,js,function,method,variable,close_entity,0.7691605673134587,0.7691605673134587,0.0,0.9090909090909091,0.9090909090909091,0.0,0.8180135293135486,0.8090902861467244,0.008923243166824246,0.9139118457300276,0.9139118457300276,0.0,0.9929032325744629,0.986926794052124,0.005976438522338867,0.9540941119194031,0.0936611145734787,0.8604329973459244,0.9319178629666567,-0.7382997423410416,1.6702176053076982
815,js,functions,methods,variables,close_entity,0.3781790427652475,0.3781790427652475,0.0,0.8000000000000002,0.8000000000000002,0.0,0.5952612578645953,0.5792761621833676,0.015985095681227635,0.8030303030303031,0.8030303030303031,0.0,0.9830224514007568,0.9774873852729797,0.0055350661277771,0.049580637365579605,0.01717250980436802,0.032408127561211586,-0.7657258473336697,-0.8946802671998739,0.12895441986620426
951,js,function,method,variable,close_entity,0.7825422900366432,0.7825422900366432,0.0,0.9090909090909091,0.9090909090909091,0.0,0.84661608060023,0.8388806646698136,0.007735415930416378,0.9268808114961962,0.9268808114961962,0.0,0.9955374002456665,0.9893303513526917,0.0062070488929748535,0.8473955988883972,0.20597612857818604,0.6414194703102112,0.7796322330832481,-0.24155712127685547,1.0211893543601036
1923,js,error,exception,warning,diagnostic,0.8070557274927979,0.8070557274927979,0.0,0.9,0.9,0.0,0.8292284485286301,0.8132298051835904,0.015998643345039643,0.9054545454545455,0.9054545454545455,0.0,0.9845924377441406,0.9763870239257812,0.008205413818359375,0.451037734746933,0.0696900337934494,0.3813477009534836,-0.04934313893318176,-0.673640564084053,0.6242974251508713
1923,js,errors,exceptions,warnings,diagnostic,0.7016879391277372,0.7016879391277372,0.0,0.9,0.9,0.0,0.8292284485286301,0.8132298051835904,0.015998643345039643,0.9054545454545455,0.9054545454545455,0.0,0.9864235520362854,0.979179859161377,0.007243692874908447,0.4085247814655304,0.18910139799118042,0.21942338347434998,0.2612374573945999,-0.35095977783203125,0.6121972352266312
3433,js,import,include,export,directional,0.9193227152249175,0.9193227152249175,0.0,0.9090909090909091,0.9090909090909091,0.0,0.9048432371021923,0.9195714707093391,-0.014728233607146812,0.9163223140495868,0.9163223140495868,0.0,0.9741208553314209,0.9922159910202026,-0.01809513568878174,0.7637012004852295,0.10516948997974396,0.6585317105054855,0.7626071702688932,-0.6839464753866196,1.4465536456555128
4368,js,methods,functions,attributes,close_entity,0.8895260356363631,0.8895260356363631,0.0,0.9523809523809523,0.9523809523809523,0.0,0.9129722470223686,0.9111300144457003,0.001842232576668268,0.9597222222222221,0.9597222222222221,0.0,0.9972618818283081,0.992504894733429,0.00475698709487915,0.9154525995254517,0.12950333952903748,0.7859492599964142,0.9132624787744135,-0.040516987442970276,0.9537794662173837
4510,js,methods,functions,attributes,close_entity,0.8801117367933934,0.8801117367933934,0.0,0.875,0.875,0.0,0.8689928361747223,0.8657187590421442,0.0032740771325781015,0.8993827160493828,0.8993827160493828,0.0,0.9946622848510742,0.9900997281074524,0.004562556743621826,0.7607184052467346,0.021152447909116745,0.7395659573376179,0.7175021357834339,-0.5226781852543354,1.2401803210377693
4918,js,method,function,attribute,close_entity,0.6704226838163331,0.6704226838163331,0.0,0.8181818181818182,0.8181818181818182,0.0,0.7960392323873137,0.7893250294960006,0.006714202891313081,0.8300000000000002,0.8300000000000002,0.0,0.9909353852272034,0.9789787530899048,0.011956632137298584,0.9553388953208923,0.5048743486404419,0.45046454668045044,0.9503689063712955,0.49332502391189337,0.4570438824594021
5757,js,tests,checks,configs,infrastructure,0.8070557274927979,0.8070557274927979,0.0,0.8333333333333334,0.8333333333333334,0.0,0.8176539138047069,0.8073698988371332,0.010284014967573696,0.9054545454545455,0.9054545454545455,0.0,0.9834415912628174,0.9787032604217529,0.004738330841064453,0.9771667122840881,0.05653991550207138,0.9206267967820168,0.9740352700464427,-0.5335602536797523,1.507595523726195
6081,js,test,check,config,infrastructure,0.7016879391277372,0.7016879391277372,0.0,0.875,0.875,0.0,0.8613937176316244,0.8544926591715393,0.006901058460085152,0.9054545454545455,0.9054545454545455,0.0,0.9911073446273804,0.9797331094741821,0.011374235153198242,0.9869306087493896,0.5784958004951477,0.40843480825424194,0.9844506261870265,0.48698728531599045,0.49746334087103605
6174,js,input,entry,output,directional,0.8003203203845001,0.8003203203845001,0.0,0.9333333333333333,0.9333333333333333,0.0,0.8762964007397075,0.9190163072681458,-0.04271990652843827,0.9319727891156462,0.9319727891156462,0.0,0.9893487691879272,0.9897687435150146,-0.00041997432708740234,0.994382381439209,0.0007864385843276978,0.9935959428548813,0.9933983677765355,-0.9940361827611923,1.9874345505377278
6517,js,log,trace,output,infrastructure,0.8633400213704508,0.8633400213704508,0.0,0.8571428571428571,0.8571428571428571,0.0,0.9317840292541529,0.9312292184161997,0.000554810837953279,0.8880208333333333,0.8880208333333333,0.0,0.9825875759124756,0.9844896197319031,-0.0019020438194274902,0.3288896679878235,0.6996018886566162,-0.3707122206687927,0.0017421543598175049,0.6262271478772163,-0.6244849935173988
6876,js,input,entry,output,directional,0.6580370064762461,0.6580370064762461,0.0,0.8888888888888888,0.8888888888888888,0.0,0.8158315640825271,0.8795359411127915,-0.06370437703026444,0.8950617283950617,0.8950617283950617,0.0,0.9908398389816284,0.987891674041748,0.002948164939880371,0.9876086711883545,0.986775815486908,0.0008328557014465332,0.9843684672378004,0.9834575213026255,0.0009109459351748228
7960,js,error,exception,warning,diagnostic,0.8423626743789745,0.8423626743789745,0.0,0.9230769230769231,0.9230769230769231,0.0,0.8765603560090198,0.8653271611099691,0.011233194899050725,0.920940170940171,0.920940170940171,0.0,0.9851295948028564,0.9918960332870483,-0.0067664384841918945,0.9959344863891602,0.9875401258468628,0.008394360542297363,0.9952723344904371,0.9873458613001276,0.00792647319030948
8779,js,error,exception,warning,diagnostic,0.9193227152249175,0.9193227152249175,0.0,0.9230769230769231,0.9230769230769231,0.0,0.939174148224982,0.9309436044992474,0.008230543725734618,0.9283601014370245,0.922865595942519,0.005494505494505475,0.9916715621948242,0.9845138192176819,0.007157742977142334,0.9825333952903748,0.9761934280395508,0.006339967250823975,0.9820403213379905,0.9753224809537642,0.006717840384226292
8779,js,warning,alert,error,diagnostic,0.7825422900366432,0.7825422900366432,0.0,0.9230769230769231,0.9230769230769231,0.0,0.8825434937178487,0.8803957271418831,0.002147766575965604,0.9268808114961962,0.9268808114961962,0.0,0.9947727918624878,0.9896499514579773,0.005122840404510498,0.9874311685562134,0.8972207903862,0.09021037817001343,0.9867035392089747,0.8803208284080029,0.10638271080097184
10097,js,argument,parameter,keyword,close_entity,0.9184678024441791,0.9184678024441791,0.0,0.9642857142857143,0.9642857142857143,0.0,0.9192798790234042,0.9154659679998651,0.0038139110235391183,0.9695785984848485,0.9695785984848485,0.0,0.9975601434707642,0.9920563101768494,0.005503833293914795,0.9505945444107056,0.7275741100311279,0.22302043437957764,0.9493004938121885,0.7211330952122808,0.22816739859990776
10487,js,class,type,module,close_entity,0.9157103753711765,0.9157103753711765,0.0,0.9411764705882353,0.9411764705882353,0.0,0.9187715176545478,0.9165081349122101,0.0022633827423377273,0.9686199271592091,0.9686199271592091,0.0,0.9946446418762207,0.9925068616867065,0.00213778018951416,0.804206907749176,0.8485146164894104,-0.044307708740234375,0.6614147275686264,0.7936922311782837,-0.1322775036096573
12904,js,method,function,attribute,close_entity,0.8423626743789745,0.8423626743789745,0.0,0.9,0.9,0.0,0.8521295674118573,0.8485099119763064,0.0036196554355508725,0.920940170940171,0.920940170940171,0.0,0.9938105940818787,0.9745209217071533,0.019289672374725342,0.09521219879388809,0.00444694422185421,0.09076525457203388,-0.5268332585692406,-0.6561413798481226,0.12930812127888203
12942,js,test,check,config,infrastructure,0.7348889200874659,0.7348889200874659,0.0,0.9,0.9,0.0,0.858385869806183,0.8513542087881099,0.0070316610180731765,0.9139118457300276,0.9139118457300276,0.0,0.9883770942687988,0.9841881990432739,0.004188895225524902,0.9450435042381287,0.006025014445185661,0.939018489792943,0.9418004918843508,-0.8393940348178148,1.7811945267021656
12942,js,comment,note,command,infrastructure,0.9036020036098446,0.9036020036098446,0.0,0.9,0.9,0.0,0.8707044044872095,0.8873976856929149,-0.016693281205705346,0.9163223140495868,0.9163223140495868,0.0,0.9847152829170227,0.9677902460098267,0.016925036907196045,0.9850181937217712,0.5816774368286133,0.40334075689315796,0.9798971954733133,0.2832586467266083,0.696638548746705
12947,js,error,exception,warning,diagnostic,0.3928146509005128,0.3928146509005128,0.0,0.7142857142857143,0.7142857142857143,0.0,0.6300752923216946,0.5908256582958029,0.039249634025891655,0.7789062500000001,0.7789062500000001,0.0,0.9787304997444153,0.9794520139694214,-0.0007215142250061035,0.3307870626449585,0.05716417357325554,0.27362288907170296,-0.27927565574645996,-0.5384875126183033,0.25921185687184334
13215,js,functions,methods,variables,close_entity,0.7825422900366432,0.7825422900366432,0.0,0.9090909090909091,0.9090909090909091,0.0,0.8774308527174519,0.8710640603456826,0.006366792371769292,0.9268808114961962,0.9268808114961962,0.0,0.9961831569671631,0.9895746111869812,0.006608545780181885,0.6398674845695496,0.032112330198287964,0.6077551543712616,0.5103529840707779,-0.5991378724575043,1.1094908565282822
13215,js,argument,parameter,keyword,close_entity,0.6298129992394241,0.6298129992394241,0.0,0.8181818181818182,0.8181818181818182,0.0,0.76254060212479,0.7498656292355063,0.012674972889283764,0.8504464285714286,0.8504464285714286,0.0,0.9902026057243347,0.977501392364502,0.012701213359832764,0.9415447115898132,0.00409306213259697,0.9374516494572163,0.9386937669478357,-0.9261302836239338,1.8648240505717695
13323,js,method,function,attribute,close_entity,0.5969491792019644,0.5969491792019644,0.0,0.8571428571428571,0.8571428571428571,0.0,0.8113307976419641,0.807815235496171,0.003515562145793183,0.8819444444444444,0.8819444444444444,0.0,0.9942338466644287,0.9890649318695068,0.005168914794921875,0.9829860329627991,0.6018674373626709,0.3811185956001282,0.97997309663333,0.5927028860896826,0.3872702105436474
13465,js,method,function,attribute,close_entity,0.7265407815865125,0.7265407815865125,0.0,0.8666666666666667,0.8666666666666667,0.0,0.7826534841125207,0.7787302749753102,0.003923209137210448,0.8979166666666667,0.8979166666666667,0.0,0.9927701950073242,0.9843915700912476,0.00837862491607666,0.10249313712120056,0.01539536751806736,0.0870977696031332,-0.3520522117614746,-0.6662030573934317,0.31415084563195705
13602,js,tests,checks,configs,infrastructure,0.7506238537503396,0.7506238537503396,0.0,0.8571428571428571,0.8571428571428571,0.0,0.7899834842151191,0.7801968559414592,0.009786628273659947,0.8819444444444444,0.8819444444444444,0.0,0.986752986907959,0.9754188656806946,0.011334121227264404,0.9928328990936279,0.02144848369061947,0.9713844154030085,0.9913514860672876,-0.890152046456933,1.8815035325242206
13737,js,error,exception,warning,diagnostic,0.7910665071754353,0.7910665071754353,0.0,0.9090909090909091,0.9090909090909091,0.0,0.8250335486873503,0.8086000830783232,0.016433465609027142,0.920940170940171,0.920940170940171,0.0,0.9790032505989075,0.9767478704452515,0.002255380153656006,0.9778721928596497,0.3172757029533386,0.660596489906311,0.9766537870746106,0.2009485960006714,0.7757051910739392
13743,js,function,method,variable,close_entity,0.7016879391277372,0.7016879391277372,0.0,0.9,0.9,0.0,0.8245574389730571,0.8158989652613216,0.00865847371173556,0.9054545454545455,0.9054545454545455,0.0,0.9943290948867798,0.9872978925704956,0.00703120231628418,0.5830284357070923,0.002950179623439908,0.5800782560836524,0.20719200372695923,-0.8434306501876563,1.0506226539146155
14622,js,tests,checks,configs,infrastructure,0.7348889200874659,0.7348889200874659,0.0,0.9090909090909091,0.9090909090909091,0.0,0.8286265315571998,0.8203457925686786,0.008280738988521219,0.9139118457300276,0.9139118457300276,0.0,0.9829491376876831,0.978210985660553,0.004738152027130127,0.9769458174705505,0.02512381784617901,0.9518219996243715,0.9743639649823308,-0.8519567418843508,1.8263207068666816
14929,js,function,method,variable,close_entity,0.7016879391277372,0.7016879391277372,0.0,0.875,0.875,0.0,0.8033414864975312,0.7938396468892347,0.009501839608296536,0.9054545454545455,0.9054545454545455,0.0,0.9951139688491821,0.9918243885040283,0.0032895803451538086,0.8752299547195435,0.002185747493058443,0.873044207226485,0.8025838956236839,-0.9395212079398334,1.7421051035635173
15090,js,function,method,variable,close_entity,0.8656030552541704,0.8656030552541704,0.0,0.9375,0.9375,0.0,0.8898739570046951,0.8840860673546858,0.005787889650009315,0.9519047619047619,0.9519047619047619,0.0,0.9965043067932129,0.9930351376533508,0.0034691691398620605,0.9463112354278564,0.02551930956542492,0.9207919258624315,0.9384485287591815,-0.9133549947291613,1.8518035234883428
15095,js,function,method,variable,close_entity,0.7506238537503396,0.7506238537503396,0.0,0.8571428571428571,0.8571428571428571,0.0,0.823480810224208,0.8129926444970387,0.010488165727169374,0.8819444444444444,0.8819444444444444,0.0,0.993877112865448,0.9854401350021362,0.008436977863311768,0.7786358594894409,0.006680304184556007,0.7719555553048849,0.6795780658721924,-0.9048969205468893,1.5844749864190817
15095,js,import,include,export,directional,0.5969491792019644,0.5969491792019644,0.0,0.8571428571428571,0.8571428571428571,0.0,0.8335563529137953,0.9017428993154181,-0.0681865464016228,0.8819444444444444,0.8819444444444444,0.0,0.9618604183197021,0.9871698021888733,-0.025309383869171143,0.9219807982444763,0.032671961933374405,0.8893088363111019,0.8680851757526398,-0.9210945032536983,1.7891796790063381
16214,js,error,exception,warning,diagnostic,0.7506238537503396,0.7506238537503396,0.0,0.8888888888888888,0.8888888888888888,0.0,0.8441704001318834,0.8297040040289939,0.014466396102889467,0.8819444444444444,0.8819444444444444,0.0,0.9841009974479675,0.983124315738678,0.0009766817092895508,0.9958581328392029,0.9039895534515381,0.0918685793876648,0.9951362986466847,0.8790577296167612,0.11607856902992353
16453,js,function,method,variable,close_entity,0.8656030552541704,0.8656030552541704,0.0,0.9166666666666666,0.9166666666666666,0.0,0.8577897170155441,0.8505398904506197,0.007249826564924344,0.9519047619047619,0.9519047619047619,0.0,0.9955973625183105,0.9882728457450867,0.007324516773223877,0.9832649827003479,0.2644994556903839,0.718765527009964,0.9776993650011718,0.13925674557685852,0.8384426194243133
16590,js,method,function,attribute,close_entity,0.7825422900366432,0.7825422900366432,0.0,0.9166666666666666,0.9166666666666666,0.0,0.8817194649787242,0.879307941979367,0.0024115229993572074,0.9268808114961962,0.9268808114961962,0.0,0.9960809350013733,0.990782618522644,0.005298316478729248,0.9525301456451416,0.4356817901134491,0.5168483555316925,0.9511108672013506,0.42736275028437376,0.5237481169169769
17525,js,classes,types,modules,close_entity,0.7348889200874659,0.7348889200874659,0.0,0.9090909090909091,0.9090909090909091,0.0,0.8208015350488158,0.8165767947509596,0.004224740297856244,0.9139118457300276,0.9139118457300276,0.0,0.991588830947876,0.9903823137283325,0.001206517219543457,0.9346097111701965,0.3575492203235626,0.5770604908466339,0.9116717670112848,0.030768513679504395,0.8809032533317804
17596,js,error,exception,warning,diagnostic,0.9036020036098446,0.9036020036098446,0.0,0.9,0.9,0.0,0.9076199217155333,0.8948374772833196,0.012782444432213658,0.9163223140495868,0.9163223140495868,0.0,0.9865322113037109,0.9893694519996643,-0.002837240695953369,0.5817176103591919,0.09957227855920792,0.482145331799984,0.5405345447361469,0.04546793922781944,0.4950666055083275
17678,js,log,trace,output,infrastructure,0.8492326635760686,0.8492326635760686,0.0,0.9285714285714286,0.9285714285714286,0.0,0.9124192389089216,0.9121007384008906,0.000318500508031061,0.9467186484730344,0.9467186484730344,0.0,0.9864164590835571,0.9897010922431946,-0.003284633159637451,0.754499077796936,0.896320104598999,-0.141821026802063,0.6720536351203918,0.8788959458470345,-0.2068423107266426
18587,js,test,check,config,infrastructure,0.6591844162499148,0.6591844162499148,0.0,0.8181818181818182,0.8181818181818182,0.0,0.7848630645707892,0.7741829582447225,0.010680106326066752,0.7789062500000001,0.7789062500000001,0.0,0.9833326935768127,0.977032482624054,0.006300210952758789,0.733712911605835,0.036091264337301254,0.6976216472685337,0.524639442563057,-0.7872170843183994,1.3118565268814564
19668,js,method,function,attribute,close_entity,0.7016879391277372,0.7016879391277372,0.0,0.9090909090909091,0.9090909090909091,0.0,0.7709068070536237,0.7710774020026798,-0.00017059494905613537,0.9054545454545455,0.9054545454545455,0.0,0.9928697347640991,0.9807282090187073,0.012141525745391846,0.9665876030921936,0.9369522929191589,0.029635310173034668,0.959401358384639,0.9177436027675867,0.04165775561705232
19953,js,class,type,module,close_entity,0.6580370064762461,0.6580370064762461,0.0,0.875,0.875,0.0,0.8407538774745196,0.8369438874068217,0.003809990067697888,0.8950617283950617,0.8950617283950617,0.0,0.9875272512435913,0.9906004667282104,-0.0030732154846191406,0.9564104080200195,0.8639009594917297,0.0925094485282898,0.9392050504684448,0.7960111945867538,0.14319385588169098
20114,js,warning,alert,error,diagnostic,0.8423626743789745,0.8423626743789745,0.0,0.8333333333333334,0.8333333333333334,0.0,0.7215899031279719,0.7164774074907976,0.005112495637174308,0.920940170940171,0.920940170940171,0.0,0.9922248125076294,0.9918957948684692,0.00032901763916015625,0.995788037776947,0.9894305467605591,0.0063574910163879395,0.9950485068839043,0.9879689707886428,0.007079536095261574
21122,js,tests,checks,configs,infrastructure,0.7611606003349888,0.7611606003349888,0.0,0.9,0.9,0.0,0.8746987951332302,0.8683850838700748,0.006313711263155386,0.920940170940171,0.920940170940171,0.0,0.9862828254699707,0.9786502718925476,0.007632553577423096,0.9841889142990112,0.20041751861572266,0.7837713956832886,0.9799066889099777,-0.42643117904663086,1.4063378679566085
21591,js,test,check,config,infrastructure,0.7611606003349888,0.7611606003349888,0.0,0.9090909090909091,0.9090909090909091,0.0,0.8913780586080539,0.8858229142279829,0.0055551443800709865,0.920940170940171,0.920940170940171,0.0,0.9809823036193848,0.9857316613197327,-0.0047493577003479,0.9418432712554932,0.047812290489673615,0.8940309807658195,0.9177265148609877,-0.6491699740290642,1.5668964888900518
21741,js,error,exception,warning,diagnostic,0.7506238537503396,0.7506238537503396,0.0,0.875,0.875,0.0,0.8915797991267431,0.8842779331688372,0.00730186595790594,0.8819444444444444,0.8819444444444444,0.0,0.9911631941795349,0.9896935224533081,0.0014696717262268066,0.9290180802345276,0.2558719217777252,0.6731461584568024,0.9226464638486505,0.19982095062732697,0.7228255132213235
22048,js,argument,parameter,keyword,close_entity,0.8282477531331043,0.8282477531331043,0.0,0.9230769230769231,0.9230769230769231,0.0,0.8535311411914818,0.8463900685947546,0.007141072596727138,0.9402573529411764,0.9402573529411764,0.0,0.9907885789871216,0.9877312183380127,0.0030573606491088867,0.9621228575706482,0.9597356915473938,0.0023871660232543945,0.9614678346551955,0.9590140078216791,0.0024538268335163593
22052,js,method,function,attribute,close_entity,0.7611606003349888,0.7611606003349888,0.0,0.9090909090909091,0.9090909090909091,0.0,0.8481536507095861,0.8451848925462754,0.0029687581633107696,0.920940170940171,0.920940170940171,0.0,0.9940398931503296,0.984950065612793,0.009089827537536621,0.9207185506820679,0.6078229546546936,0.31289559602737427,0.9169227248057723,0.5995845580473542,0.3173381667584181
22922,js,error,exception,warning,diagnostic,0.5969491792019644,0.5969491792019644,0.0,0.8571428571428571,0.8571428571428571,0.0,0.8292284485286301,0.8132298051835904,0.015998643345039643,0.8819444444444444,0.8819444444444444,0.0,0.9835031032562256,0.9803476929664612,0.0031554102897644043,0.9130456447601318,0.9159510135650635,-0.0029053688049316406,0.8883587680757046,0.9106541518121958,-0.022295383736491203
22960,js,tests,checks,configs,infrastructure,0.8915993127600096,0.8915993127600096,0.0,0.9333333333333333,0.9333333333333333,0.0,0.9235660448166549,0.9188213470438299,0.004744697772825046,0.943675509419454,0.943675509419454,0.0,0.9879782795906067,0.9782186150550842,0.009759664535522461,0.9454264044761658,0.006109246052801609,0.9393171584233642,0.9428206710144877,-0.7918007289990783,1.734621400013566
23419,js,method,function,attribute,close_entity,0.8843946454355333,0.8843946454355333,0.0,0.9333333333333333,0.9333333333333333,0.0,0.9194753827109199,0.9173392034048072,0.002136179306112651,0.9402573529411764,0.9402573529411764,0.0,0.9873567819595337,0.9822288751602173,0.005127906799316406,0.9361059069633484,0.00324838375672698,0.9328575232066214,0.932657107943669,-0.002337222918868065,0.934994330862537
23968,js,error,exception,warning,diagnostic,0.5969491792019644,0.5969491792019644,0.0,0.8888888888888888,0.8888888888888888,0.0,0.8743849467589371,0.8629383664343427,0.011446580324594335,0.8819444444444444,0.8819444444444444,0.0,0.9831466674804688,0.9867660999298096,-0.0036194324493408203,0.9915619492530823,0.9757096171379089,0.01585233211517334,0.9898848015582189,0.9717304115183651,0.01815439003985375
25643,js,warning,alert,error,diagnostic,0.8492326635760686,0.8492326635760686,0.0,0.9333333333333333,0.9333333333333333,0.0,0.876433352272725,0.8718099209329615,0.004623431339763506,0.9467186484730344,0.9467186484730344,0.0,0.992029070854187,0.9935094118118286,-0.0014803409576416016,0.9812342524528503,0.7073276042938232,0.2739066481590271,0.9794858422828838,0.698461327701807,0.2810245145810768
26950,js,warning,alert,error,diagnostic,0.7641254083103469,0.7641254083103469,0.0,0.8947368421052632,0.8947368421052632,0.0,0.8159134209795333,0.8125189872531441,0.0033944337263892566,0.915504476584022,0.915504476584022,0.0,0.9891775250434875,0.9910936951637268,-0.0019161701202392578,0.9388934969902039,0.8639571070671082,0.0749363899230957,0.929550513625145,0.8535013115033507,0.07604920212179422
26950,js,log,trace,output,infrastructure,0.8843865924896839,0.8843865924896839,0.0,0.9473684210526315,0.9473684210526315,0.0,0.9387827890543651,0.9385226117773068,0.0002601772770582933,0.9580182734719597,0.9580182734719597,0.0,0.9922441244125366,0.9929654598236084,-0.0007213354110717773,0.6338405013084412,0.5848225355148315,0.04901796579360962,0.42361144721508026,0.23338308930397034,0.19022835791110992
27293,js,log,trace,output,infrastructure,0.9121679090703875,0.9121679090703875,0.0,0.9090909090909091,0.9090909090909091,0.0,0.9545825756551727,0.9520392260088273,0.002543349646345394,0.8880208333333333,0.8880208333333333,0.0,0.9830798506736755,0.9840238094329834,-0.0009439587593078613,0.053805142641067505,0.7600385546684265,-0.706233412027359,-0.8474486172199249,0.6926447823643684,-1.5400933995842934
29768,js,function,method,variable,close_entity,0.8656030552541704,0.8656030552541704,0.0,0.9285714285714286,0.9285714285714286,0.0,0.8804331300866385,0.8742046307263778,0.006228499360260709,0.9519047619047619,0.9519047619047619,0.0,0.9962006211280823,0.9937503933906555,0.002450227737426758,0.8476252555847168,0.6358426809310913,0.2117825746536255,0.8443651823326945,0.5991240218281746,0.24524116050451994
29768,js,method,function,attribute,close_entity,0.8656030552541704,0.8656030552541704,0.0,0.9285714285714286,0.9285714285714286,0.0,0.8960746616853642,0.8939185835510596,0.0021560781343046287,0.9485714285714285,0.9519047619047619,-0.0033333333333334103,0.99520343542099,0.9908820986747742,0.00432133674621582,0.7892373204231262,0.36424800753593445,0.4249893128871918,0.7846193262375891,0.300367072224617,0.4842522540129721
30005,js,test,check,config,infrastructure,0.5253819788848316,0.5253819788848316,0.0,0.75,0.75,0.0,0.8125547434793936,0.8011177352625252,0.011437008216868438,0.7937500000000002,0.7937500000000002,0.0,0.973762035369873,0.9747040867805481,-0.0009420514106750488,0.9050159454345703,0.006372709758579731,0.8986432356759906,0.8995373607613146,-0.8140013618394732,1.7135387226007879
30240,js,method,function,attribute,close_entity,0.9025139799587889,0.9025139799587889,0.0,0.9375,0.9375,0.0,0.9056969196769034,0.90359321295715,0.002103706719753351,0.9640897511267882,0.9640897511267882,0.0,0.9961603879928589,0.9911628365516663,0.004997551441192627,0.744122326374054,0.014568625949323177,0.7295537004247308,0.729039472527802,-0.592411876656115,1.321451349183917
30838,js,function,method,variable,close_entity,0.7016879391277372,0.7016879391277372,0.0,0.9090909090909091,0.9090909090909091,0.0,0.8145548582194843,0.8054933483022643,0.00906150991721999,0.9054545454545455,0.9054545454545455,0.0,0.9898298382759094,0.9812228679656982,0.008606970310211182,0.9318580031394958,0.03373914584517479,0.8981188572943211,0.9059479236602783,-0.7808922566473484,1.6868401803076267
31446,js,parameter,argument,constant,close_entity,0.8656030552541704,0.8656030552541704,0.0,0.9285714285714286,0.9285714285714286,0.0,0.8857967374718766,0.8766790423261629,0.0091176951457137,0.9519047619047619,0.9519047619047619,0.0,0.996922492980957,0.9864054918289185,0.010517001152038574,0.9773939847946167,0.42243513464927673,0.55495885014534,0.9748937303666025,0.3574437201023102,0.6174500102642924
31446,js,test,check,config,infrastructure,0.8656030552541704,0.8656030552541704,0.0,0.9285714285714286,0.9285714285714286,0.0,0.9267244330488509,0.9228592540862082,0.0038651789626427124,0.9519047619047619,0.9519047619047619,0.0,0.9896833300590515,0.9794470071792603,0.01023632287979126,0.9644258618354797,0.10623442381620407,0.8581914380192757,0.9610251062549651,-0.5502622202038765,1.5112873264588416
33779,js,errors,exceptions,warnings,diagnostic,0.7825422900366438,0.7825422900366438,0.0,0.8888888888888888,0.8888888888888888,0.0,0.8441704001318834,0.8297040040289939,0.014466396102889467,0.8950617283950617,0.8950617283950617,0.0,0.9857372641563416,0.9900636076927185,-0.004326343536376953,0.7688745260238647,0.6792819499969482,0.0895925760269165,0.5654287338256836,0.6517005115747452,-0.08627177774906158
34445,js,method,function,attribute,close_entity,0.8985396083419644,0.8985396083419644,0.0,0.9545454545454546,0.9545454545454546,0.0,0.9163714048151893,0.9177961494219881,-0.0014247446067987557,0.9627438088976551,0.9627438088976551,0.0,0.9974157214164734,0.9949314594268799,0.002484261989593506,0.9385864734649658,0.7768842577934265,0.1617022156715393,0.9289900260046124,0.6969497054815292,0.2320403205230832
34994,js,function,method,variable,close_entity,0.7076534431960266,0.7076534431960266,0.0,0.8666666666666667,0.8666666666666667,0.0,0.8052309157773476,0.7956834762756979,0.009547439501649713,0.8979166666666667,0.8979166666666667,0.0,0.9915435314178467,0.986164927482605,0.005378603935241699,0.9490660429000854,0.013824512250721455,0.935241530649364,0.940920333378017,-0.9462426407262683,1.8871629741042852
35256,js,method,function,attribute,close_entity,0.6606328636027612,0.6606328636027612,0.0,0.8888888888888888,0.8888888888888888,0.0,0.8333731624239686,0.8301768145946721,0.003196347829296564,0.8819444444444444,0.8819444444444444,0.0,0.987994909286499,0.9763603806495667,0.011634528636932373,0.9926071166992188,0.97504723072052,0.01755988597869873,0.9914019401185215,0.9702533083036542,0.021148631814867258
35288,js,input,entry,output,directional,0.7825422900366432,0.7825422900366432,0.0,0.875,0.875,0.0,0.8504619991690787,0.9021394857624239,-0.051677486593345145,0.9268808114961962,0.9268808114961962,0.0,0.9883202314376831,0.9900281429290771,-0.001707911491394043,0.08391471207141876,0.022865282371640205,0.06104942969977856,-0.6526046842336655,-0.908228350803256,0.25562366656959057
563,js,import,include,export,directional,0.7825422900366432,0.7825422900366432,0.0,0.8888888888888888,0.8888888888888888,0.0,0.8606876559665065,0.917893569547509,-0.057205913581002465,0.9268808114961962,0.9268808114961962,0.0,0.9833329319953918,0.9892761707305908,-0.005943238735198975,0.537798285484314,0.0023298515006899834,0.535468433983624,0.20697805285453796,-0.9257828341796994,1.1327608870342374
1778,js,class,type,module,close_entity,0.5969491792019644,0.5969491792019644,0.0,0.8888888888888888,0.8888888888888888,0.0,0.8969826244139568,0.8942253935072838,0.002757230906673014,0.8819444444444444,0.8819444444444444,0.0,0.9911397695541382,0.9921473860740662,-0.0010076165199279785,0.7834367752075195,0.6924363374710083,0.09100043773651123,0.774054566398263,0.6570284217596054,0.11702614463865757
4644,js,comments,notes,commands,infrastructure,0.5969491792019644,0.5969491792019644,0.0,0.875,0.875,0.0,0.8295219235743394,0.8907686683511374,-0.061246744776798034,0.8819444444444444,0.8819444444444444,0.0,0.988747239112854,0.9775949716567993,0.011152267456054688,0.983126699924469,0.15061424672603607,0.8325124531984329,0.9818175098625943,-0.42551352083683014,1.4073310306994244
5433,js,import,include,export,directional,0.7691605673134587,0.7691605673134587,0.0,0.875,0.875,0.0,0.8219975551354171,0.8948463436021696,-0.07284878846675258,0.8950617283950617,0.8950617283950617,0.0,0.9817359447479248,0.9909917116165161,-0.009255766868591309,0.7190542817115784,0.015079759061336517,0.7039745226502419,0.6353362128138542,-0.847323514521122,1.4826597273349762
6316,js,logs,traces,outputs,infrastructure,0.4889230224349009,0.4889230224349009,0.0,0.8333333333333334,0.8333333333333334,0.0,0.8229669749558637,0.8227006413982759,0.00026633355758776123,0.8412698412698414,0.8412698412698414,0.0,0.980617344379425,0.9830719232559204,-0.0024545788764953613,0.847274661064148,0.9155066609382629,-0.06823199987411499,0.7730866894125938,0.8613335750997066,-0.08824688568711281
6593,js,error,exception,warning,diagnostic,0.6434588841607617,0.6434588841607617,0.0,0.8571428571428571,0.8571428571428571,0.0,0.7886852576720645,0.7737060873490275,0.014979170323037083,0.8412698412698414,0.8412698412698414,0.0,0.9610081911087036,0.9601958990097046,0.0008122920989990234,0.9861195087432861,0.89109867811203,0.0950208306312561,0.981824757065624,0.888901524245739,0.09292323281988502
7951,js,methods,functions,attributes,close_entity,0.8394327083733333,0.8394327083733333,0.0,0.9166666666666666,0.9166666666666666,0.0,0.8582139505481792,0.8554063195619074,0.002807630986271792,0.943675509419454,0.943675509419454,0.0,0.9957574605941772,0.9860192537307739,0.00973820686340332,0.9728206396102905,0.032526835799217224,0.9402938038110733,0.9657616415061057,-0.3069223016500473,1.272683943156153
9339,js,import,include,export,directional,0.7910665071754353,0.7910665071754353,0.0,0.9090909090909091,0.9090909090909091,0.0,0.8631655060122353,0.919365977563579,-0.05620047155134367,0.920940170940171,0.920940170940171,0.0,0.989150881767273,0.9901840686798096,-0.001033186912536621,0.8689661026000977,0.5184110999107361,0.3505550026893616,0.7745793759822845,0.11338797211647034,0.6611914038658142
9807,js,methods,functions,attributes,close_entity,0.9173176373893106,0.9173176373893106,0.0,0.9444444444444444,0.9444444444444444,0.0,0.9116216450191849,0.9095039295009139,0.0021177155182710017,0.9561624146604384,0.9561624146604384,0.0,0.9954516291618347,0.9896413087844849,0.0058103203773498535,0.9163517355918884,0.22980061173439026,0.6865511238574982,0.9143015253357589,0.21307750418782234,0.7012240211479366
10474,js,test,check,config,infrastructure,0.6434588841607617,0.6434588841607617,0.0,0.8571428571428571,0.8571428571428571,0.0,0.8330140186708261,0.8249125277961266,0.00810149087469958,0.8412698412698414,0.8412698412698414,0.0,0.9858517646789551,0.9613735675811768,0.02447819709777832,0.9928501844406128,0.5130170583724976,0.47983312606811523,0.9919093051576056,0.2905411571264267,0.7013681480311789
10513,js,warnings,alerts,errors,diagnostic,0.5969491792019644,0.5969491792019644,0.0,0.875,0.875,0.0,0.7185117126940314,0.7084388972113874,0.010072815482643938,0.8819444444444444,0.8819444444444444,0.0,0.9798582792282104,0.9869665503501892,-0.00710827112197876,0.9890326261520386,0.793105959892273,0.19592666625976562,0.9869684046134353,0.7444172203540802,0.24255118425935507
11387,js,method,function,attribute,close_entity,0.4889230224349009,0.4889230224349009,0.0,0.8571428571428571,0.8571428571428571,0.0,0.7768839797030545,0.7729179669318491,0.003966012771205341,0.8412698412698414,0.8412698412698414,0.0,0.9866642355918884,0.9787347912788391,0.007929444313049316,0.9923351407051086,0.9936339855194092,-0.0012988448143005371,0.9918829252128489,0.9930483513744548,-0.0011654261616058648
11541,js,argument,parameter,keyword,close_entity,0.6434588841607617,0.6434588841607617,0.0,0.8333333333333334,0.8333333333333334,0.0,0.7025665923651024,0.686988314775547,0.015578277589555434,0.8412698412698414,0.8412698412698414,0.0,0.9884805679321289,0.9823940992355347,0.006086468696594238,0.8581260442733765,0.007552809081971645,0.8505732351914048,0.7594612687826157,-0.9497792655602098,1.7092405343428254
11881,js,function,method,variable,close_entity,0.6434588841607617,0.6434588841607617,0.0,0.8333333333333334,0.8333333333333334,0.0,0.7677021922887198,0.7546617030363159,0.013040489252403975,0.8412698412698414,0.8412698412698414,0.0,0.992190420627594,0.9792861938476562,0.012904226779937744,0.6381778717041016,0.017269784584641457,0.6209080871194601,0.4585628807544708,-0.8311529215425253,1.2897158022969961
13132,js,method,function,attribute,close_entity,0.8931539818068699,0.8931539818068699,0.0,0.9090909090909091,0.9090909090909091,0.0,0.904792054974704,0.901967926895416,0.002824128079288002,0.9086363636363638,0.9086363636363638,0.0,0.9959203004837036,0.9873682260513306,0.008552074432373047,0.8797540664672852,0.5760103464126587,0.30374372005462646,0.857998687773943,0.5561988707631826,0.3017998170107603
13773,js,method,function,attribute,close_entity,0.9121679090703875,0.9121679090703875,0.0,0.9090909090909091,0.9090909090909091,0.0,0.8642870286359493,0.860451820793458,0.0038352078424912506,0.9228098290598291,0.9228098290598291,0.0,0.9922268390655518,0.9858942031860352,0.0063326358795166016,0.8791608214378357,0.4291720986366272,0.4499887228012085,0.8659373093396425,0.35725781321525574,0.5086794961243868
14255,js,method,function,attribute,close_entity,0.8408964152537145,0.8408964152537145,0.0,0.875,0.875,0.0,0.8471664474767325,0.8429380517725872,0.004228395704145349,0.8737244897959183,0.8737244897959183,0.0,0.9926295876502991,0.984641969203949,0.007987618446350098,0.9824287295341492,0.0896967425942421,0.8927319869399071,0.9800581438466907,0.06149289011955261,0.918565253727138
15135,js,error,exception,warning,diagnostic,0.537284965911771,0.537284965911771,0.0,0.8333333333333334,0.8333333333333334,0.0,0.7886852576720645,0.768398212839463,0.020287044832601575,0.8066666666666668,0.8066666666666668,0.0,0.9745577573776245,0.9800243973731995,-0.005466639995574951,0.9948467016220093,0.9845244288444519,0.010322272777557373,0.9945590066781733,0.9843144554761238,0.010244551202049479
17593,js,function,method,variable,close_entity,0.8091067115702206,0.8091067115702206,0.0,0.9230769230769231,0.9230769230769231,0.0,0.8512899403892475,0.8437561668059793,0.007533773583268233,0.9268808114961962,0.9268808114961962,0.0,0.9954849481582642,0.9910035133361816,0.0044814348220825195,0.9721465706825256,0.8719888925552368,0.10015767812728882,0.9684838759712875,0.8244203180074692,0.1440635579638183
18357,js,method,function,attribute,close_entity,0.8801117367933934,0.8801117367933934,0.0,0.875,0.875,0.0,0.8545088948876853,0.8504466360219649,0.004062258865720425,0.8993827160493828,0.8993827160493828,0.0,0.994376540184021,0.9888411164283752,0.005535423755645752,0.8735280632972717,0.31280213594436646,0.5607259273529053,0.8531708512455225,0.20006626099348068,0.6531045902520418
18777,js,functions,methods,variables,close_entity,0.7598356856515927,0.7598356856515927,0.0,0.8333333333333334,0.8333333333333334,0.0,0.728699971321444,0.7140888013698078,0.01461116995163625,0.8300000000000002,0.8300000000000002,0.0,0.9671719670295715,0.9814220666885376,-0.014250099658966064,0.9768449068069458,0.11580120027065277,0.861043706536293,0.9708887203596532,-0.5690583735704422,1.5399470939300954
20472,js,error,exception,warning,diagnostic,0.855526185871245,0.855526185871245,0.0,0.9285714285714286,0.9285714285714286,0.0,0.8721314232908851,0.8604632251370242,0.011668198153860887,0.9268808114961962,0.9268808114961962,0.0,0.9871724843978882,0.9832044839859009,0.003968000411987305,0.9888933300971985,0.9133970141410828,0.07549631595611572,0.9859501020982862,0.9130422831512988,0.07290781894698739
21919,js,method,function,attribute,close_entity,0.8656030552541704,0.8656030552541704,0.0,0.9444444444444444,0.9444444444444444,0.0,0.8817194649787242,0.879307941979367,0.0024115229993572074,0.9519047619047619,0.9519047619047619,0.0,0.9908171892166138,0.9805343747138977,0.010282814502716064,0.9668466448783875,0.9216888546943665,0.045157790184020996,0.9524744991213083,0.8857333362102509,0.06674116291105747
24482,js,test,check,config,infrastructure,0.4889230224349009,0.4889230224349009,0.0,0.8571428571428571,0.8571428571428571,0.0,0.7287449775172115,0.7168376392950448,0.011907338222166608,0.8412698412698414,0.8412698412698414,0.0,0.983540415763855,0.9658343195915222,0.017706096172332764,0.9942716360092163,0.4645305573940277,0.5297410786151886,0.9938067874754779,0.25790783762931824,0.7358989498461597
25270,js,import,include,export,directional,0.82651681837938,0.82651681837938,0.0,0.875,0.875,0.0,0.8260250706053679,0.8972504357155736,-0.07122536511020572,0.9054545454545455,0.9054545454545455,0.0,0.9821381568908691,0.9914433360099792,-0.009305179119110107,0.8773811459541321,0.01407135371118784,0.8633097922429442,0.794697992503643,-0.9252274548634887,1.7199254473671317
26682,js,test,check,config,infrastructure,0.9121679090703875,0.9121679090703875,0.0,0.9,0.9,0.0,0.9201984784443907,0.9134587349411284,0.006739743503262341,0.9228098290598291,0.9228098290598291,0.0,0.9863825440406799,0.9868044853210449,-0.00042194128036499023,0.9449633359909058,0.033898163586854935,0.9110651724040508,0.93213617708534,-0.6150205843150616,1.5471567614004016
26761,js,tests,checks,configs,infrastructure,0.9457416090031756,0.9457416090031756,0.0,0.9166666666666666,0.9166666666666666,0.0,0.9384736292971132,0.9331873668872523,0.0052862624098608535,0.9499307479224378,0.9499307479224378,0.0,0.9920752048492432,0.9854363799095154,0.006638824939727783,0.9676387906074524,0.03332517296075821,0.9343136176466942,0.9594174064695835,-0.8159153684973717,1.7753327749669552
28439,js,argument,parameter,keyword,close_entity,0.5969491792019644,0.5969491792019644,0.0,0.8888888888888888,0.8888888888888888,0.0,0.8017005039646983,0.7917910882707285,0.009909415693969748,0.8819444444444444,0.8819444444444444,0.0,0.9927741289138794,0.9823839068412781,0.010390222072601318,0.9611138105392456,0.2699221670627594,0.6911916434764862,0.9571442827582359,0.04061703383922577,0.9165272489190102
29480,js,class,type,module,close_entity,0.7825422900366432,0.7825422900366432,0.0,0.9090909090909091,0.9090909090909091,0.0,0.8738186176632017,0.8705889673993974,0.0032296502638042845,0.8950617283950617,0.8950617283950617,0.0,0.9911108016967773,0.9923524260520935,-0.0012416243553161621,0.1287020593881607,0.06835417449474335,0.06034788489341736,-0.5655377954244614,-0.8192750960588455,0.25373730063438416
32055,js,function,method,variable,close_entity,0.6580370064762461,0.6580370064762461,0.0,0.8888888888888888,0.8888888888888888,0.0,0.7655231117079133,0.7546255269383461,0.010897584769567259,0.8950617283950617,0.8950617283950617,0.0,0.9927685260772705,0.9892525672912598,0.003515958786010742,0.9080374836921692,0.0831335037946701,0.8249039798974991,0.8708094544708729,-0.7313497811555862,1.6021592356264591
33763,js,tests,checks,configs,infrastructure,0.3799178428257963,0.3799178428257963,0.0,0.8333333333333334,0.8333333333333334,0.0,0.8084947842447385,0.7994132344582582,0.009081549786480347,0.8066666666666668,0.8066666666666668,0.0,0.9623618125915527,0.9677113890647888,-0.005349576473236084,0.9701825976371765,0.11428981274366379,0.8558927848935127,0.9636198952794075,-0.6214432194828987,1.5850631147623062
36539,js,error,exception,warning,diagnostic,0.8242367502646057,0.8242367502646057,0.0,0.9230769230769231,0.9230769230769231,0.0,0.8963104331716093,0.8869898420990678,0.009320591072541462,0.9319727891156462,0.9319727891156462,0.0,0.9923925995826721,0.9902710914611816,0.0021215081214904785,0.966677188873291,0.4156029224395752,0.5510742664337158,0.9663369259797037,0.4119961310643703,0.5543407949153334
36539,js,test,check,config,infrastructure,0.8242367502646057,0.8242367502646057,0.0,0.9230769230769231,0.9230769230769231,0.0,0.9041363960388128,0.8991782906832555,0.004958105355557296,0.9319727891156462,0.9319727891156462,0.0,0.9901521801948547,0.9822952151298523,0.007856965065002441,0.9895610809326172,0.20471376180648804,0.7848473191261292,0.9893455794226611,0.20163963688537478,0.7877059425372863
36539,js,tests,checks,configs,infrastructure,0.8003203203845001,0.8003203203845001,0.0,0.9230769230769231,0.9230769230769231,0.0,0.9041363960388128,0.8991782906832555,0.004958105355557296,0.9319727891156462,0.9319727891156462,0.0,0.9864115118980408,0.9765335917472839,0.009877920150756836,0.9766919612884521,0.008479617536067963,0.9682123437523842,0.9762946267146617,0.0030645355582237244,0.973230091156438
37068,js,class,type,module,close_entity,0.8408964152537145,0.8408964152537145,0.0,0.875,0.875,0.0,0.8983875750975189,0.8941654028274745,0.0042221722700444,0.8737244897959183,0.8737244897959183,0.0,0.9856457710266113,0.9772635698318481,0.008382201194763184,0.9314200282096863,0.11766882240772247,0.8137512058019638,0.9181560752913356,-0.25965194404125214,1.1778080193325877
37132,js,error,exception,warning,diagnostic,0.8070557274927979,0.8070557274927979,0.0,0.8888888888888888,0.8888888888888888,0.0,0.8595301561472727,0.846612000559713,0.01291815558755971,0.9054545454545455,0.9054545454545455,0.0,0.9867830276489258,0.9886232614517212,-0.0018402338027954102,0.9957960844039917,0.799488365650177,0.1963077187538147,0.995141311082989,0.7976288425270468,0.19751246855594218
37175,js,function,method,variable,close_entity,0.8578928092681438,0.8578928092681438,0.0,0.9333333333333333,0.9333333333333333,0.0,0.9109627658628713,0.9061906251513773,0.004772140711494011,0.9494459833795015,0.9494459833795015,0.0,0.9957262277603149,0.9935601949691772,0.0021660327911376953,0.9555205702781677,0.22341129183769226,0.7321092784404755,0.9509912980720401,-0.43736591935157776,1.3883572174236178
37220,js,class,type,module,close_entity,0.8003203203845001,0.8003203203845001,0.0,0.9090909090909091,0.9090909090909091,0.0,0.8618700833977807,0.8584179537416687,0.0034521296561119685,0.9319727891156462,0.9319727891156462,0.0,0.9894242286682129,0.9905632138252258,-0.0011389851570129395,0.41170477867126465,0.049287453293800354,0.3624173253774643,-0.08302503824234009,-0.8759972304105759,0.7929721921682358
37326,js,methods,functions,attributes,close_entity,0.8394327083733333,0.8394327083733333,0.0,0.9375,0.9375,0.0,0.8864260391715605,0.8840971364637356,0.0023289027078249314,0.943675509419454,0.943675509419454,0.0,0.9955776929855347,0.9914582967758179,0.004119396209716797,0.5120181441307068,0.005630010738968849,0.5063881333917379,0.13299453258514404,-0.8215721305459738,0.9545666631311178
37784,js,test,check,config,infrastructure,0.7611606003349888,0.7611606003349888,0.0,0.9090909090909091,0.9090909090909091,0.0,0.8746987951332302,0.8683850838700748,0.006313711263155386,0.920940170940171,0.920940170940171,0.0,0.981533408164978,0.9823759198188782,-0.0008425116539001465,0.9671930074691772,0.039196211844682693,0.9279967956244946,0.9606971037574112,-0.07472746446728706,1.0354245682246983
37784,js,import,include,export,directional,0.7611606003349888,0.7611606003349888,0.0,0.9090909090909091,0.9090909090909091,0.0,0.8526841739891171,0.9131347008317043,-0.06045052684258723,0.920940170940171,0.920940170940171,0.0,0.9614827632904053,0.992570698261261,-0.031087934970855713,0.5724983215332031,0.03551403060555458,0.5369842909276485,0.21218359470367432,-0.9113039039075375,1.1234874986112118
37921,js,error,exception,warning,diagnostic,0.8423626743789745,0.8423626743789745,0.0,0.9230769230769231,0.9230769230769231,0.0,0.8479755895497622,0.8411382583034239,0.00683733124633823,0.920940170940171,0.920940170940171,0.0,0.9865218997001648,0.988145649433136,-0.0016237497329711914,0.992152750492096,0.9371092319488525,0.05504351854324341,0.9907969270134345,0.9368372522876598,0.053959674725774676
37921,js,log,trace,output,infrastructure,0.9121679090703875,0.9121679090703875,0.0,0.9230769230769231,0.9230769230769231,0.0,0.9258235129543767,0.9218022950144131,0.004021217939963573,0.9228098290598291,0.9228098290598291,0.0,0.9838147759437561,0.9911218285560608,-0.0073070526123046875,0.9488663077354431,0.8962298035621643,0.05263650417327881,0.9338508509099483,0.83399298787117,0.0998578630387783
38327,js,methods,functions,attributes,close_entity,0.9193227152249175,0.9193227152249175,0.0,0.9,0.9,0.0,0.8689928361747223,0.8657187590421442,0.0032740771325781015,0.9283601014370245,0.9283601014370245,0.0,0.9959537386894226,0.9830496907234192,0.012904047966003418,0.8864197731018066,0.07595735043287277,0.8104624226689339,0.8712815213948488,0.04492832534015179,0.826353196054697
38635,js,tests,checks,configs,infrastructure,0.8423626743789745,0.8423626743789745,0.0,0.875,0.875,0.0,0.8289561054927546,0.8192069280172349,0.009749177475519621,0.920940170940171,0.920940170940171,0.0,0.9897228479385376,0.9799408912658691,0.009781956672668457,0.9735468029975891,0.004365269560366869,0.9691815334372222,0.9702348811551929,-0.8855308252386749,1.8557657063938677
38995,js,class,type,module,close_entity,0.8153551038173119,0.8153551038173119,0.0,0.9333333333333333,0.9333333333333333,0.0,0.9062483342083535,0.9036952527321175,0.0025530814762360077,0.9363888888888889,0.9363888888888889,0.0,0.9932091236114502,0.9897794127464294,0.003429710865020752,0.8152065277099609,0.11791595071554184,0.6972905769944191,0.7871757708489895,-0.28632060438394547,1.073496375232935
39790,js,methods,functions,attributes,close_entity,0.7691605673134587,0.7691605673134587,0.0,0.9090909090909091,0.9090909090909091,0.0,0.850800334919773,0.8478734780929165,0.002926856826856561,0.9139118457300276,0.9139118457300276,0.0,0.994488000869751,0.9841212034225464,0.01036679744720459,0.9768344759941101,0.9270936250686646,0.04974085092544556,0.9742506654001772,0.8933222889900208,0.08092837641015649
39859,js,argument,parameter,keyword,close_entity,0.7691605673134587,0.7691605673134587,0.0,0.9166666666666666,0.9166666666666666,0.0,0.8300113280229426,0.8216302268048868,0.008381101218055798,0.9139118457300276,0.9139118457300276,0.0,0.9948244094848633,0.9876185655593872,0.007205843925476074,0.989978551864624,0.8132204413414001,0.17675811052322388,0.9892883918946609,0.8104312606155872,0.17885713127907366
40030,js,error,exception,warning,diagnostic,0.8408964152537145,0.8408964152537145,0.0,0.875,0.875,0.0,0.8669357982245551,0.8715805769546072,-0.00464477873005209,0.8737244897959183,0.8737244897959183,0.0,0.9887454509735107,0.9730520844459534,0.015693366527557373,0.9415718913078308,0.9747085571289062,-0.03313666582107544,0.9348168172873557,0.973599549732171,-0.03878273244481534
40072,js,error,exception,warning,diagnostic,0.5969491792019644,0.5969491792019644,0.0,0.8888888888888888,0.8888888888888888,0.0,0.8159924588042535,0.7986148862068273,0.017377572597426227,0.8819444444444444,0.8819444444444444,0.0,0.9905107021331787,0.9829939603805542,0.007516741752624512,0.896494448184967,0.8499307036399841,0.04656374454498291,0.8162557706236839,0.845567433629185,-0.029311663005501032
40547,js,function,method,variable,close_entity,0.7506238537503396,0.7506238537503396,0.0,0.875,0.875,0.0,0.7521085890304556,0.73565571789256,0.01645287113789562,0.8819444444444444,0.8819444444444444,0.0,0.9850931763648987,0.9709407091140747,0.014152467250823975,0.9719473123550415,0.13212423026561737,0.8398230820894241,0.955820806324482,-0.5951292663812637,1.5509500727057457
40672,js,errors,exceptions,warnings,diagnostic,0.7506238537503396,0.7506238537503396,0.0,0.875,0.875,0.0,0.8507009192635587,0.8368961082856208,0.013804810977937954,0.8819444444444444,0.8819444444444444,0.0,0.9779936671257019,0.9733811616897583,0.0046125054359436035,0.9756219387054443,0.9641075134277344,0.011514425277709961,0.9613257693126798,0.9479985721409321,0.013327197171747684
40672,js,warnings,alerts,errors,diagnostic,0.5969491792019644,0.5969491792019644,0.0,0.875,0.875,0.0,0.8119424486685163,0.8085822311811286,0.0033602174873876844,0.8819444444444444,0.8333333333333333,0.04861111111111116,0.9890611171722412,0.9729605913162231,0.016100525856018066,0.995841920375824,0.7679579257965088,0.22788399457931519,0.995558132941369,0.6399097889661789,0.3556483439751901
41874,js,error,exception,warning,diagnostic,0.7506238537503396,0.7506238537503396,0.0,0.8888888888888888,0.8888888888888888,0.0,0.8159924588042535,0.7986148862068273,0.017377572597426227,0.8819444444444444,0.8819444444444444,0.0,0.9879271388053894,0.9907592535018921,-0.0028321146965026855,0.9902762174606323,0.9568018317222595,0.0334743857383728,0.989189637824893,0.9563031647121534,0.03288647311273962
43031,js,warnings,alerts,errors,diagnostic,0.7598356856515927,0.7598356856515927,0.0,0.8000000000000002,0.8000000000000002,0.0,0.6887163602322817,0.6822058642150762,0.006510496017205436,0.8300000000000002,0.8300000000000002,0.0,0.9690442085266113,0.945796012878418,0.02324819564819336,0.4801711440086365,0.15730349719524384,0.32286764681339264,0.1400139033794403,-0.2716894894838333,0.4117033928632736
44072,js,class,type,module,close_entity,0.8492326635760686,0.8492326635760686,0.0,0.9473684210526315,0.9473684210526315,0.0,0.9169220308435091,0.9146148673082173,0.002307163535291812,0.9467186484730344,0.9467186484730344,0.0,0.9942030310630798,0.9937686920166016,0.0004343390464782715,0.8088131546974182,0.15088403224945068,0.6579291224479675,0.7963735144585371,-0.4262247681617737,1.2225982826203108
44101,js,function,method,variable,close_entity,0.7910665071754353,0.7910665071754353,0.0,0.9166666666666666,0.9166666666666666,0.0,0.7944199642822095,0.7844024020338939,0.010017562248315626,0.920940170940171,0.920940170940171,0.0,0.9911888837814331,0.9824888110160828,0.008700072765350342,0.9338663816452026,0.008519787341356277,0.9253465943038464,0.8795272409915924,-0.9677227549254894,1.8472499959170818
44907,js,function,method,variable,close_entity,0.5969491792019644,0.5969491792019644,0.0,0.875,0.875,0.0,0.7334752078119451,0.7215022787391208,0.011972929072824323,0.8819444444444444,0.8819444444444444,0.0,0.9916965365409851,0.9759422540664673,0.015754282474517822,0.9508779048919678,0.06079385057091713,0.8900840543210506,0.9232106953859329,-0.8317262195050716,1.7549369148910046
3319,js,input,entry,output,directional,0.537284965911771,0.537284965911771,0.0,0.8333333333333334,0.8333333333333334,0.0,0.7753396666584522,0.8531349241005075,-0.07779525744205529,0.8066666666666668,0.8066666666666668,0.0,0.9844726324081421,0.9877183437347412,-0.003245711326599121,0.9861306548118591,0.00041065216646529734,0.9857200026453938,0.9843076027464122,-0.9951036810816731,1.9794112838280853
4080,js,function,method,variable,close_entity,0.8578928092681438,0.8578928092681438,0.0,0.9333333333333333,0.9333333333333333,0.0,0.9109627658628713,0.9061906251513773,0.004772140711494011,0.9494459833795015,0.9494459833795015,0.0,0.9959574937820435,0.9938803315162659,0.002077162265777588,0.9567266702651978,0.306567907333374,0.6501587629318237,0.9523461707867682,-0.25624191761016846,1.2085880883969367
4770,js,test,check,config,infrastructure,0.8761560783209456,0.8761560783209456,0.0,0.9,0.9,0.0,0.8815215724308101,0.8755151584020058,0.006006414028804308,0.9363888888888889,0.9363888888888889,0.0,0.9876248240470886,0.9893317222595215,-0.0017068982124328613,0.9663468599319458,0.03880292549729347,0.9275439344346523,0.9557905998080969,-0.8714719377458096,1.8272625375539064
4919,js,input,entry,output,directional,0.6434588841607617,0.6434588841607617,0.0,0.8571428571428571,0.8571428571428571,0.0,0.7946897351696114,0.865747491011129,-0.07105775584151763,0.8412698412698414,0.8412698412698414,0.0,0.9787043333053589,0.9877668619155884,-0.009062528610229492,0.983176589012146,0.04255939647555351,0.9406171925365925,0.9811578916851431,-0.8437130935490131,1.8248709852341563
5952,js,test,check,config,infrastructure,0.5000000000000001,0.5000000000000001,0.0,0.875,0.875,0.0,0.8371821227797756,0.8292524859643079,0.007929636815467656,0.864795918367347,0.864795918367347,0.0,0.993476152420044,0.9885280728340149,0.004948079586029053,0.9947654008865356,0.14778006076812744,0.8469853401184082,0.9942037359578535,0.028117701411247253,0.9660860345466062
7005,js,functions,methods,variables,close_entity,0.6687403049764218,0.6687403049764218,0.0,0.8000000000000002,0.8000000000000002,0.0,0.7457774056681403,0.7318323773791042,0.013945028289036099,0.7937500000000002,0.7937500000000002,0.0,0.9766165018081665,0.9736884236335754,0.0029280781745910645,0.8226014375686646,0.03526725992560387,0.7873341776430607,0.775623194873333,-0.7667128778994083,1.5423360727727413
7915,js,function,method,variable,close_entity,0.6434588841607617,0.6434588841607617,0.0,0.8571428571428571,0.8571428571428571,0.0,0.7860930283912356,0.7759375421320381,0.010155486259197488,0.8412698412698414,0.8412698412698414,0.0,0.9917310476303101,0.9817425012588501,0.009988546371459961,0.651268720626831,0.053161852061748505,0.5981068685650826,0.4892001748085022,-0.6860347464680672,1.1752349212765694
7915,js,parameters,arguments,constants,close_entity,0.4889230224349009,0.4889230224349009,0.0,0.8571428571428571,0.8571428571428571,0.0,0.7782929643951616,0.7610735597045433,0.017219404690618334,0.8412698412698414,0.8412698412698414,0.0,0.9937518835067749,0.9819036722183228,0.011848211288452148,0.9798134565353394,0.1832513064146042,0.7965621501207352,0.9770771951880306,-0.5197736173868179,1.4968508125748485
8098,js,test,check,config,infrastructure,0.7419446627365011,0.7419446627365011,0.0,0.8888888888888888,0.8888888888888888,0.0,0.8696958417185683,0.8631594317261466,0.006536409992421666,0.9054545454545455,0.9054545454545455,0.0,0.991045355796814,0.9759681224822998,0.01507723331451416,0.9920831918716431,0.9088560938835144,0.08322709798812866,0.9906601624097675,0.8666872605681419,0.12397290184162557
8368,js,log,trace,output,infrastructure,0.537284965911771,0.537284965911771,0.0,0.8333333333333334,0.8333333333333334,0.0,0.8330101343630196,0.8327182633665755,0.0002918709964441213,0.8066666666666668,0.8066666666666668,0.0,0.979330837726593,0.9845445156097412,-0.005213677883148193,0.6678265929222107,0.6348093152046204,0.03301727771759033,0.40551355481147766,0.42196910083293915,-0.016455546021461487
9266,js,comments,notes,commands,infrastructure,0.5969491792019644,0.5969491792019644,0.0,0.8888888888888888,0.8888888888888888,0.0,0.8221493184681615,0.8860982358304613,-0.0639489173622998,0.8819444444444444,0.8819444444444444,0.0,0.9850074052810669,0.9836158752441406,0.0013915300369262695,0.9600815773010254,0.4573012590408325,0.5027803182601929,0.9503829190507531,0.25664839148521423,0.6937345275655389
9988,js,arguments,parameters,keywords,close_entity,0.8282477531331043,0.8282477531331043,0.0,0.9,0.9,0.0,0.8413355420513375,0.8335548154696325,0.007780726581705033,0.9319727891156462,0.9319727891156462,0.0,0.9966709017753601,0.9890449643135071,0.007625937461853027,0.9664618968963623,0.23952482640743256,0.7269370704889297,0.9627344543114305,0.018994241952896118,0.9437402123585343
11006,js,test,check,config,infrastructure,0.7071067811865478,0.7071067811865478,0.0,0.8888888888888888,0.8888888888888888,0.0,0.8286265315571998,0.8203457925686786,0.008280738988521219,0.8950617283950617,0.8950617283950617,0.0,0.9742801189422607,0.9702060222625732,0.0040740966796875,0.9930518865585327,0.03651970997452736,0.9565321765840054,0.9916040148818865,-0.8536639176309109,1.8452679325127974
11099,js,method,function,attribute,close_entity,0.4659538415189962,0.4659538415189962,0.0,0.8333333333333334,0.8333333333333334,0.0,0.7647389463940228,0.7605945673687262,0.0041443790252966295,0.8220833333333335,0.8220833333333335,0.0,0.9878662824630737,0.9776431322097778,0.010223150253295898,0.3913595378398895,0.024860352277755737,0.3664991855621338,-0.09828373789787292,-0.8801267445087433,0.7818430066108704
11462,js,function,method,variable,close_entity,0.5000000000000001,0.5000000000000001,0.0,0.875,0.875,0.0,0.7655231117079133,0.7546255269383461,0.010897584769567259,0.864795918367347,0.864795918367347,0.0,0.9685919880867004,0.9779318571090698,-0.009339869022369385,0.9867691993713379,0.23307698965072632,0.7536922097206116,0.9829839628655463,-0.43165910243988037,1.4146430653054267
12269,js,method,function,attribute,close_entity,0.8282477531331043,0.8282477531331043,0.0,0.9090909090909091,0.9090909090909091,0.0,0.8396180019172624,0.8365164856840254,0.003101516233237067,0.9402573529411764,0.9402573529411764,0.0,0.9929191470146179,0.9876403212547302,0.005278825759887695,0.8571629524230957,0.19394560158252716,0.6632173508405685,0.7764985784888268,-0.3693882077932358,1.1458867862820625
12269,js,test,check,config,infrastructure,0.7085876411943929,0.7085876411943929,0.0,0.8181818181818182,0.8181818181818182,0.0,0.7901010149841412,0.7784177204521704,0.011683294531970811,0.8788235294117647,0.8788235294117647,0.0,0.9811809062957764,0.979518473148346,0.00166243314743042,0.921535313129425,0.0033538173884153366,0.9181814957410097,0.9039255362004042,-0.9557004738599062,1.8596260100603104
12269,js,tests,checks,configs,infrastructure,0.8282477531331043,0.8282477531331043,0.0,0.9090909090909091,0.9090909090909091,0.0,0.8770587966950614,0.8708509104696062,0.006207886225455206,0.9402573529411764,0.9402573529411764,0.0,0.9885520935058594,0.9828512668609619,0.005700826644897461,0.9693601131439209,0.24842527508735657,0.7209348380565643,0.9650480789132416,-0.056858956813812256,1.0219070357270539
12296,js,test,check,config,infrastructure,0.5000000000000001,0.5000000000000001,0.0,0.875,0.875,0.0,0.8613937176316244,0.8544926591715393,0.006901058460085152,0.864795918367347,0.864795918367347,0.0,0.9863570928573608,0.9752473831176758,0.011109709739685059,0.9961817264556885,0.3565090596675873,0.6396726667881012,0.9953972492949106,0.2193496972322464,0.7760475520626642
14646,js,error,exception,warning,diagnostic,0.6434588841607617,0.6434588841607617,0.0,0.8571428571428571,0.8571428571428571,0.0,0.8250335486873503,0.8086000830783232,0.016433465609027142,0.8412698412698414,0.8412698412698414,0.0,0.9820564985275269,0.988081693649292,-0.006025195121765137,0.9971956014633179,0.9833455085754395,0.013850092887878418,0.9969522573956056,0.9832329150012811,0.013719342394324485
14666,js,error,exception,warning,diagnostic,0.7598356856515927,0.7598356856515927,0.0,0.8333333333333334,0.8333333333333334,0.0,0.8240099803264259,0.8296977286493301,-0.005687748322904196,0.8300000000000002,0.8300000000000002,0.0,0.9894543290138245,0.9486923813819885,0.04076194763183594,0.9931941032409668,0.9738513827323914,0.01934272050857544,0.9923850948689505,0.9712441638112068,0.021140931057743728
14943,js,parameter,argument,constant,close_entity,0.8787419089273847,0.8787419089273847,0.0,0.9375,0.9375,0.0,0.8963162758300025,0.8880159449477574,0.008300330882245133,0.9561624146604384,0.9561624146604384,0.0,0.9964108467102051,0.9828678965568542,0.01354295015335083,0.9183664321899414,0.2645529508590698,0.6538134813308716,0.915812868392095,0.2603438920341432,0.6554689763579518
15423,js,test,check,config,infrastructure,0.4111336169005196,0.4111336169005196,0.0,0.8571428571428571,0.8571428571428571,0.0,0.7829890993380567,0.7729438311715756,0.010045268166481103,0.8412698412698414,0.8412698412698414,0.0,0.971083402633667,0.9568327069282532,0.014250695705413818,0.9950492978096008,0.9583078622817993,0.036741435527801514,0.9942017562570982,0.944834697060287,0.04936705919681117
15537,js,function,method,variable,close_entity,0.5000000000000001,0.5000000000000001,0.0,0.875,0.875,0.0,0.7472928485143168,0.7398365458378293,0.007456302676487447,0.864795918367347,0.864795918367347,0.0,0.9910796284675598,0.9825869202613831,0.008492708206176758,0.9907440543174744,0.4308322072029114,0.559911847114563,0.9890448014484718,0.14528843760490417,0.8437563638435677
16044,js,functions,methods,variables,close_entity,0.3799178428257963,0.3799178428257963,0.0,0.8333333333333334,0.8333333333333334,0.0,0.6811473486024768,0.667629300430861,0.013518048171615837,0.8066666666666668,0.8066666666666668,0.0,0.9786896705627441,0.9795055389404297,-0.0008158683776855469,0.9389971494674683,0.00359927024692297,0.9353978792205453,0.9234070144593716,-0.9410789171233773,1.864485931582749
16952,js,functions,methods,variables,close_entity,0.5946035575013611,0.5946035575013611,0.0,0.8333333333333334,0.8333333333333334,0.0,0.7710282832177829,0.7603253249582383,0.010702958259544593,0.864795918367347,0.864795918367347,0.0,0.9906584620475769,0.9794228076934814,0.011235654354095459,0.9886766672134399,0.212876096367836,0.7758005708456039,0.986327319405973,-0.45257793366909027,1.4389052530750632
17123,js,method,function,attribute,close_entity,0.7071067811865478,0.7071067811865478,0.0,0.8571428571428571,0.8571428571428571,0.0,0.8582136870862044,0.8547167193638978,0.0034969677223065654,0.864795918367347,0.864795918367347,0.0,0.9933056831359863,0.9873607158660889,0.005944967269897461,0.9695785045623779,0.3823862373828888,0.5871922671794891,0.9665027763694525,0.2698267474770546,0.6966760288923979
19407,js,error,exception,warning,diagnostic,0.7598356856515927,0.7598356856515927,0.0,0.8333333333333334,0.8333333333333334,0.0,0.8681162310397981,0.8493575250655528,0.018758705974245227,0.8300000000000002,0.8300000000000002,0.0,0.9724801778793335,0.970409631729126,0.0020705461502075195,0.9836116433143616,0.7309041023254395,0.2527075409889221,0.9826576503692195,0.7269315873272717,0.2557260630419478
19714,js,warning,alert,error,diagnostic,0.8153551038173119,0.8153551038173119,0.0,0.9090909090909091,0.9090909090909091,0.0,0.852979570333159,0.8503171627677965,0.0026624075653625123,0.9363888888888889,0.9363888888888889,0.0,0.9943755865097046,0.993383526802063,0.0009920597076416016,0.9881106615066528,0.7730804681777954,0.21503019332885742,0.9869601824320853,0.7514703311026096,0.23548985132947564
20312,js,method,function,attribute,close_entity,0.6687403049764218,0.6687403049764218,0.0,0.8000000000000002,0.8000000000000002,0.0,0.7320827269979623,0.7257401785085444,0.006342548489417843,0.7937500000000002,0.7937500000000002,0.0,0.9863367080688477,0.9688885807991028,0.017448127269744873,0.9642479419708252,0.2780342698097229,0.6862136721611023,0.9612686482723802,0.12180709838867188,0.8394615498837084
20962,js,error,exception,warning,diagnostic,0.8091067115702206,0.8091067115702206,0.0,0.8571428571428571,0.8571428571428571,0.0,0.8461664856564483,0.8239513541511854,0.022215131505262886,0.8551587301587302,0.8551587301587302,0.0,0.9839330315589905,0.9846194982528687,-0.0006864666938781738,0.9920696020126343,0.9801490902900696,0.011920511722564697,0.9912602223339491,0.9792951212730259,0.011965101060923189
21470,js,tests,checks,configs,infrastructure,0.6434588841607617,0.6434588841607617,0.0,0.8571428571428571,0.8571428571428571,0.0,0.8026987418475372,0.793393211121877,0.009305530725660205,0.8412698412698414,0.8412698412698414,0.0,0.9670504331588745,0.972495436668396,-0.005445003509521484,0.9905984997749329,0.05632626265287399,0.9342722371220589,0.9878077721223235,-0.821075089275837,1.8088828613981605
21625,js,comments,notes,commands,infrastructure,0.7691605673134587,0.7691605673134587,0.0,0.875,0.875,0.0,0.8395009124064517,0.8970971915958965,-0.057596279189444766,0.9139118457300276,0.9139118457300276,0.0,0.9909452199935913,0.985480785369873,0.005464434623718262,0.9762423038482666,0.2537330687046051,0.7225092351436615,0.974833867396228,-0.1362318992614746,1.1110657666577026
22532,js,imports,includes,exports,directional,0.6580370064762461,0.6580370064762461,0.0,0.875,0.875,0.0,0.8219975551354171,0.8948463436021696,-0.07284878846675258,0.8950617283950617,0.8950617283950617,0.0,0.9801050424575806,0.9921218156814575,-0.012016773223876953,0.8760446906089783,0.022510042414069176,0.8535346481949091,0.8033257573843002,-0.8779414389282465,1.6812671963125467
22866,js,tests,checks,configs,infrastructure,0.8091067115702206,0.8091067115702206,0.0,0.8333333333333334,0.8333333333333334,0.0,0.8225942248672284,0.8112065561343053,0.011387668732923184,0.7937500000000002,0.7937500000000002,0.0,0.9859393239021301,0.972341775894165,0.013597548007965088,0.9862521290779114,0.11042751371860504,0.8758246153593063,0.9826331182848662,-0.1916445940732956,1.1742777123581618
23609,js,import,include,export,directional,0.8408964152537145,0.8408964152537145,0.0,0.8571428571428571,0.8571428571428571,0.0,0.8808247567518818,0.8989113842525766,-0.018086627500694785,0.8737244897959183,0.8737244897959183,0.0,0.9776755571365356,0.9929631352424622,-0.015287578105926514,0.8414607644081116,0.00915716402232647,0.8323036003857851,0.7873020134866238,-0.9380581546574831,1.7253601681441069
23674,js,function,method,variable,close_entity,0.7691605673134587,0.7691605673134587,0.0,0.8888888888888888,0.8888888888888888,0.0,0.8577897170155441,0.8505398904506197,0.007249826564924344,0.9139118457300276,0.9139118457300276,0.0,0.994737446308136,0.9898782968521118,0.00485914945602417,0.43369603157043457,0.004257068503648043,0.4294389630667865,-0.005656212568283081,-0.9631663705222309,0.9575101579539478
24248,js,errors,exceptions,warnings,diagnostic,0.7071067811865478,0.7071067811865478,0.0,0.875,0.875,0.0,0.8567055617375398,0.8435047276967939,0.013200834040745901,0.864795918367347,0.864795918367347,0.0,0.9793366193771362,0.9583030939102173,0.021033525466918945,0.9813220500946045,0.7329838871955872,0.24833816289901733,0.9762998353689909,0.6669088825583458,0.3093909528106451
25503,js,warning,alert,error,diagnostic,0.7825422900366438,0.7825422900366438,0.0,0.8888888888888888,0.8888888888888888,0.0,0.8451847194190172,0.8423882978763174,0.0027964215426997674,0.8950617283950617,0.8950617283950617,0.0,0.993441104888916,0.9784258604049683,0.015015244483947754,0.9721843004226685,0.8492258787155151,0.12295842170715332,0.9540571104735136,0.81758663803339,0.13647047244012356
25907,js,error,exception,warning,diagnostic,0.6434588841607617,0.6434588841607617,0.0,0.8571428571428571,0.8571428571428571,0.0,0.8292284485286301,0.8132298051835904,0.015998643345039643,0.8412698412698414,0.8412698412698414,0.0,0.9786938428878784,0.9775269627571106,0.0011668801307678223,0.9959653615951538,0.8970183730125427,0.09894698858261108,0.9954627053812146,0.8952096258290112,0.10025307955220342
27255,js,methods,functions,attributes,close_entity,0.7071067811865478,0.7071067811865478,0.0,0.8571428571428571,0.8571428571428571,0.0,0.7931298260311666,0.7888555719369034,0.004274254094263186,0.864795918367347,0.864795918367347,0.0,0.9924800395965576,0.9781518578529358,0.014328181743621826,0.9001502394676208,0.002936531789600849,0.89721370767802,0.8714772220700979,-0.9158629281446338,1.7873401502147317
27255,js,arguments,parameters,keywords,close_entity,0.7071067811865478,0.7071067811865478,0.0,0.8571428571428571,0.8571428571428571,0.0,0.750105638988882,0.7366434478023107,0.013462191186571326,0.864795918367347,0.864795918367347,0.0,0.987654983997345,0.9748222827911377,0.012832701206207275,0.9829663038253784,0.8656207919120789,0.11734551191329956,0.9786539520137012,0.785620205104351,0.19303374690935016
27255,js,test,check,config,infrastructure,0.5000000000000001,0.5000000000000001,0.0,0.8571428571428571,0.8571428571428571,0.0,0.8191201418100401,0.8104568260053518,0.008663315804688265,0.864795918367347,0.864795918367347,0.0,0.986528754234314,0.969342052936554,0.01718670129776001,0.9910264611244202,0.6362069845199585,0.35481947660446167,0.9892051555216312,0.3640021085739136,0.6252030469477177
27967,js,methods,functions,attributes,close_entity,0.8091067115702206,0.8091067115702206,0.0,0.8571428571428571,0.8571428571428571,0.0,0.8117179839020682,0.8073405685511519,0.004377415350916292,0.8551587301587302,0.8551587301587302,0.0,0.9894639253616333,0.9845005869865417,0.004963338375091553,0.9813887476921082,0.3172798752784729,0.6641088724136353,0.9793541096150875,0.2166195809841156,0.7627345286309719
28509,js,method,function,attribute,close_entity,0.3799178428257963,0.3799178428257963,0.0,0.8333333333333334,0.8333333333333334,0.0,0.7180000842563892,0.7185132664336187,-0.0005131821772295098,0.8066666666666668,0.8066666666666668,0.0,0.9716463685035706,0.9558777213096619,0.01576864719390869,0.9830560684204102,0.7433153390884399,0.23974072933197021,0.9779280317015946,0.6208388134837151,0.35708921821787953
28990,js,error,exception,warning,diagnostic,0.6434588841607617,0.6434588841607617,0.0,0.8571428571428571,0.8571428571428571,0.0,0.8250335486873503,0.8086000830783232,0.016433465609027142,0.8412698412698414,0.8412698412698414,0.0,0.9871215224266052,0.9872591495513916,-0.00013762712478637695,0.985116183757782,0.6963197588920593,0.28879642486572266,0.9823180015664548,0.6946588000282645,0.28765920153819025
29360,js,test,check,config,infrastructure,0.4889230224349009,0.4889230224349009,0.0,0.8333333333333334,0.8333333333333334,0.0,0.7674983365222886,0.7568953682682058,0.0106029682540828,0.8412698412698414,0.8412698412698414,0.0,0.9865989089012146,0.9655960202217102,0.021002888679504395,0.9897794127464294,0.19534119963645935,0.7944382131099701,0.9874862052965909,-0.5333607494831085,1.5208469547796994
31053,js,comments,notes,commands,infrastructure,0.9121679090703875,0.9121679090703875,0.0,0.9166666666666666,0.9166666666666666,0.0,0.8982635962079892,0.94379169285337,-0.04552809664538071,0.9228098290598291,0.9228098290598291,0.0,0.9910072684288025,0.9717285633087158,0.01927870512008667,0.962285041809082,0.21906313300132751,0.7432219088077545,0.95882255025208,0.049288198351860046,0.9095343519002199
32723,js,test,check,config,infrastructure,0.537284965911771,0.537284965911771,0.0,0.8333333333333334,0.8333333333333334,0.0,0.7965400491249945,0.7869997368301973,0.009540312294797237,0.8066666666666668,0.8066666666666668,0.0,0.980891227722168,0.9786299467086792,0.0022612810134887695,0.8653375506401062,0.01122742984443903,0.8541101207956672,0.8485622741281986,-0.8929366460070014,1.7414989201352
32883,js,warning,alert,error,diagnostic,0.7016879391277372,0.7016879391277372,0.0,0.8888888888888888,0.8888888888888888,0.0,0.860026631717829,0.8574859807197923,0.0025406509980366865,0.9054545454545455,0.9054545454545455,0.0,0.9925534725189209,0.9897209405899048,0.0028325319290161133,0.9798932075500488,0.826629638671875,0.15326356887817383,0.9791375201311894,0.8190760714933276,0.16006144863786176
34616,js,arguments,parameters,keywords,close_entity,0.5000000000000001,0.5000000000000001,0.0,0.875,0.875,0.0,0.8017005039646983,0.7917910882707285,0.009909415693969748,0.864795918367347,0.864795918367347,0.0,0.9921922087669373,0.9875582456588745,0.004633963108062744,0.979428231716156,0.11398755759000778,0.8654406741261482,0.9772647561039776,-0.30946851521730423,1.2867332713212818
37520,js,test,check,config,infrastructure,0.7598356856515927,0.7598356856515927,0.0,0.8333333333333334,0.8333333333333334,0.0,0.8719950842011308,0.8616731693311208,0.010321914870009996,0.8300000000000002,0.8300000000000002,0.0,0.981368362903595,0.9635821580886841,0.01778620481491089,0.9646655321121216,0.19848275184631348,0.7661827802658081,0.9620948603842407,0.02922515571117401,0.9328697046730667
37595,js,comment,note,command,infrastructure,0.7825422900366432,0.7825422900366432,0.0,0.8888888888888888,0.8888888888888888,0.0,0.8395009124064517,0.8970971915958965,-0.057596279189444766,0.9268808114961962,0.9268808114961962,0.0,0.9918324947357178,0.9866927862167358,0.005139708518981934,0.911249041557312,0.13753394782543182,0.7737150937318802,0.8786324113607407,-0.4281811863183975,1.3068135976791382
37937,js,error,exception,warning,diagnostic,0.8070557274927979,0.8070557274927979,0.0,0.875,0.875,0.0,0.8567055617375398,0.8435047276967939,0.013200834040745901,0.8950617283950617,0.8950617283950617,0.0,0.9830591082572937,0.9856245517730713,-0.002565443515777588,0.993506908416748,0.9769342541694641,0.016572654247283936,0.9926082118763588,0.9766590062645264,0.01594920561183244
38718,js,warning,alert,error,diagnostic,0.4111336169005196,0.4111336169005196,0.0,0.8571428571428571,0.8571428571428571,0.0,0.7786601712285455,0.7747478029135426,0.0039123683150028565,0.8412698412698414,0.8412698412698414,0.0,0.9899147748947144,0.9851298928260803,0.004784882068634033,0.987903892993927,0.966429591178894,0.02147430181503296,0.9843914466910064,0.9618720836006105,0.022519363090395927
39425,js,methods,functions,attributes,close_entity,0.7071067811865478,0.7071067811865478,0.0,0.8571428571428571,0.8571428571428571,0.0,0.8614158837655735,0.8582890506562735,0.0031268331093000645,0.864795918367347,0.864795918367347,0.0,0.9907711744308472,0.9823784828186035,0.008392691612243652,0.9693282246589661,0.13890019059181213,0.8304280340671539,0.9678040869766846,-0.19051101803779602,1.1583151050144807
39425,js,argument,parameter,keyword,close_entity,0.5000000000000001,0.5000000000000001,0.0,0.8571428571428571,0.8571428571428571,0.0,0.8237201293857649,0.8150027984685508,0.00871733091721405,0.864795918367347,0.864795918367347,0.0,0.9928399324417114,0.978197455406189,0.014642477035522461,0.989541232585907,0.5426410436630249,0.4469001889228821,0.9888336714357138,0.5415330325486138,0.4473006388870999
15,php,method,function,attribute,close_entity,0.5946035575013604,0.5946035575013604,0.0,0.75,0.75,0.0,0.7059630389095801,0.699269495382316,0.006693543527264145,0.7361111111111112,0.7361111111111112,0.0,0.9818153977394104,0.9702383279800415,0.011577069759368896,0.8929814696311951,0.31083717942237854,0.5821442902088165,0.8623008597642183,0.0609661340713501,0.8013347256928682
44,php,errors,exceptions,warnings,diagnostic,0.3466806371753173,0.3466806371753173,0.0,0.6666666666666666,0.6666666666666666,0.0,0.5967684050257318,0.5643299646254151,0.03243844040031674,0.3333333333333333,0.3333333333333333,0.0,0.9696414470672607,0.9422558546066284,0.027385592460632324,0.9875812530517578,0.9136962890625,0.07388496398925781,0.9863308281637728,0.9022391401231289,0.08409168804064393
111,php,class,type,module,close_entity,0.4272870063962342,0.4272870063962342,0.0,0.8000000000000002,0.8000000000000002,0.0,0.7007559716140418,0.6955714595080891,0.005184512105952721,0.7500000000000001,0.7500000000000001,0.0,0.9806850552558899,0.9882426261901855,-0.007557570934295654,0.5538154244422913,0.02142682857811451,0.5323885958641768,0.28699055314064026,-0.8590193074196577,1.146009860560298
126,php,class,type,module,close_entity,0.5503212081491042,0.5503212081491042,0.0,0.6666666666666666,0.6666666666666666,0.0,0.7493237883300704,0.7415404441204778,0.007783344209592591,0.625,0.625,0.0,0.9752060770988464,0.9740265011787415,0.0011795759201049805,0.5930895209312439,0.15915389358997345,0.43393562734127045,0.37944361567497253,-0.4278033822774887,0.8072469979524612
127,php,class,type,module,close_entity,0.5503212081491042,0.5503212081491042,0.0,0.6666666666666666,0.6666666666666666,0.0,0.7493237883300704,0.7415404441204778,0.007783344209592591,0.625,0.625,0.0,0.9719443917274475,0.9815069437026978,-0.009562551975250244,0.2755346894264221,0.07980754971504211,0.19572713971138,-0.25028395652770996,-0.7075943052768707,0.45731034874916077
127,php,arguments,parameters,keywords,close_entity,0.3466806371753173,0.3466806371753173,0.0,0.6666666666666666,0.6666666666666666,0.0,0.48299510906158505,0.4694388341717641,0.013556274889820974,0.3333333333333333,0.3333333333333333,0.0,0.9658671617507935,0.9570940136909485,0.00877314805984497,0.016589615494012833,0.0002876951184589416,0.01630192037555389,-0.9392488859593868,-0.9950891302141827,0.055840244254795834
218,php,method,function,attribute,close_entity,0.8578928092681438,0.8578928092681438,0.0,0.9444444444444444,0.9444444444444444,0.0,0.9202642525056989,0.9185618551194756,0.0017023973862232422,0.9402573529411764,0.9402573529411764,0.0,0.9928498268127441,0.9951883554458618,-0.0023385286331176758,0.9111703634262085,0.28488120436668396,0.6262891590595245,0.8890458419919014,0.25061069056391716,0.6384351514279842
219,php,method,function,attribute,close_entity,0.8578928092681438,0.8578928092681438,0.0,0.9444444444444444,0.9444444444444444,0.0,0.9195149554928426,0.9177980669340237,0.0017168885588189076,0.9402573529411764,0.9402573529411764,0.0,0.9930475950241089,0.9941351413726807,-0.0010875463485717773,0.9110429883003235,0.22317510843276978,0.6878678798675537,0.8882571049034595,0.18819541111588478,0.7000616937875748
224,php,class,type,module,close_entity,0.8070557274927979,0.8070557274927979,0.0,0.9090909090909091,0.9090909090909091,0.0,0.8379666764126327,0.8338033612946271,0.004163315118005606,0.9054545454545455,0.9054545454545455,0.0,0.9871779084205627,0.9860999584197998,0.0010779500007629395,0.5382671356201172,0.02626877650618553,0.5119983591139317,0.19984549283981323,-0.8890583552420139,1.0889038480818272
228,php,error,exception,warning,diagnostic,0.6580370064762461,0.6580370064762461,0.0,0.9,0.9,0.0,0.840685837977441,0.8258644197827623,0.014821418194678748,0.8950617283950617,0.8950617283950617,0.0,0.9783662557601929,0.98380047082901,-0.005434215068817139,0.9864051938056946,0.6273626685142517,0.35904252529144287,0.9844665618147701,0.619282528758049,0.3651840330567211
233,php,warning,alert,error,diagnostic,0.8423626743789745,0.8423626743789745,0.0,0.9230769230769231,0.9230769230769231,0.0,0.852979570333159,0.8503171627677965,0.0026624075653625123,0.920940170940171,0.920940170940171,0.0,0.99297034740448,0.9865970611572266,0.006373286247253418,0.9970840811729431,0.9146337509155273,0.08245033025741577,0.996374859358184,0.8918634485453367,0.10451141081284732
283,php,tests,checks,configs,infrastructure,0.8408964152537145,0.8408964152537145,0.0,0.8333333333333334,0.8333333333333334,0.0,0.8401324964232785,0.8296977286493301,0.010434767773948361,0.8300000000000002,0.8300000000000002,0.0,0.9872705936431885,0.9743685722351074,0.012902021408081055,0.9216690063476562,0.004645707551389933,0.9170232987962663,0.907993383705616,-0.826658186968416,1.734651570674032
294,php,errors,exceptions,warnings,diagnostic,0.9121679090703875,0.9121679090703875,0.0,0.9090909090909091,0.9090909090909091,0.0,0.9197357799819278,0.9104189740894035,0.00931680589252426,0.9086363636363638,0.9086363636363638,0.0,0.9882476329803467,0.9902769327163696,-0.0020292997360229492,0.9562280178070068,0.28871873021125793,0.6675092875957489,0.947657042182982,0.25787327252328396,0.689783769659698
303,php,function,method,variable,close_entity,0.7825422900366432,0.7825422900366432,0.0,0.9285714285714286,0.9285714285714286,0.0,0.7992958089415193,0.789638081091684,0.009657727849835318,0.9268808114961962,0.9268808114961962,0.0,0.9925755262374878,0.9845483899116516,0.008027136325836182,0.9794166684150696,0.49480676651000977,0.4846099019050598,0.9762780682649463,0.48831746308133006,0.4879606051836163
303,php,log,trace,output,infrastructure,0.8091067115702206,0.8091067115702206,0.0,0.9285714285714286,0.9285714285714286,0.0,0.8804512798396082,0.880106523750589,0.00034475608901929355,0.9268808114961962,0.9268808114961962,0.0,0.9891086220741272,0.9895578622817993,-0.00044924020767211914,0.967738151550293,0.9180940389633179,0.0496441125869751,0.9551665857434273,0.8538884222507477,0.1012781634926796
324,php,classes,types,modules,close_entity,0.9025139799587889,0.9025139799587889,0.0,0.9411764705882353,0.9411764705882353,0.0,0.9225393280107593,0.9203045667754036,0.002234761235355709,0.920940170940171,0.920940170940171,0.0,0.9944270849227905,0.9962807893753052,-0.0018537044525146484,0.8082854747772217,0.04650534316897392,0.7617801316082478,0.7363866418600082,-0.8029515631496906,1.5393382050096989
366,php,parameters,arguments,constants,close_entity,0.8801117367933934,0.8801117367933934,0.0,0.875,0.875,0.0,0.8758835924676422,0.8614528263744334,0.014430766093208813,0.8737244897959183,0.8737244897959183,0.0,0.9931653738021851,0.9921479225158691,0.001017451286315918,0.713523805141449,0.2500053942203522,0.4635184109210968,0.6738327071070671,-0.1860160529613495,0.8598487600684166
400,php,test,check,config,infrastructure,0.5000000000000001,0.5000000000000001,0.0,0.8571428571428571,0.8571428571428571,0.0,0.8286265315571998,0.8203457925686786,0.008280738988521219,0.864795918367347,0.864795918367347,0.0,0.9785447120666504,0.9565345644950867,0.02201014757156372,0.9844247102737427,0.52735435962677,0.45707035064697266,0.9824879760853946,0.2538785934448242,0.7286093826405704
441,php,function,method,variable,close_entity,0.7598356856515927,0.7598356856515927,0.0,0.8333333333333334,0.8333333333333334,0.0,0.6822058642150762,0.6641701776484384,0.018035686566637787,0.8300000000000002,0.8300000000000002,0.0,0.9759587645530701,0.9698426723480225,0.006116092205047607,0.9848281741142273,0.29368025064468384,0.6911479234695435,0.9803029973991215,0.032107383012771606,0.9481956143863499
458,php,functions,methods,variables,close_entity,0.6580370064762461,0.6580370064762461,0.0,0.9,0.9,0.0,0.7472928485143168,0.7357715051874232,0.011521343326893585,0.8950617283950617,0.8950617283950617,0.0,0.9895898699760437,0.9811713099479675,0.008418560028076172,0.9681264758110046,0.045158591121435165,0.9229678846895695,0.9589501358568668,-0.6158658005297184,1.5748159363865852
545,php,method,function,attribute,close_entity,0.5946035575013611,0.5946035575013611,0.0,0.875,0.875,0.0,0.6750830991283864,0.6759584978377927,-0.0008753987094063387,0.864795918367347,0.864795918367347,0.0,0.9870803356170654,0.9749178886413574,0.012162446975708008,0.9809504747390747,0.7050673365592957,0.27588313817977905,0.9751264569349587,0.5949167087674141,0.3802097481675446
594,php,argument,parameter,keyword,close_entity,0.7598356856515927,0.7598356856515927,0.0,0.75,0.75,0.0,0.7595516857327114,0.7433612744563844,0.01619041127632692,0.7361111111111112,0.7361111111111112,0.0,0.9912542104721069,0.9856922626495361,0.005561947822570801,0.959195613861084,0.10219042748212814,0.8570051863789558,0.9517127918079495,-0.1742246225476265,1.125937414355576
615,php,method,function,attribute,close_entity,0.9351334836242394,0.9351334836242394,0.0,0.9,0.9,0.0,0.9142209817456901,0.9116485172828969,0.0025724644627932447,0.8737244897959183,0.8737244897959183,0.0,0.9971952438354492,0.9914444088935852,0.005750834941864014,0.8185296058654785,0.15310460329055786,0.6654250025749207,0.8033104566857219,0.13325603865087032,0.6700544180348516
717,php,test,check,config,infrastructure,0.7825422900366432,0.7825422900366432,0.0,0.9166666666666666,0.9166666666666666,0.0,0.9118967174910528,0.9073089118515114,0.00458780563954142,0.9139118457300276,0.9139118457300276,0.0,0.9914551973342896,0.9845231175422668,0.006932079792022705,0.936018168926239,0.01581917330622673,0.9201989956200123,0.931110552046448,-0.7453035302460194,1.6764140822924674
721,php,test,check,config,infrastructure,0.537284965911771,0.537284965911771,0.0,0.8571428571428571,0.8571428571428571,0.0,0.7899834842151191,0.7851868815141736,0.004796602700945507,0.8066666666666668,0.8066666666666668,0.0,0.9757443070411682,0.9497408866882324,0.02600342035293579,0.9872639179229736,0.37677639722824097,0.6104875206947327,0.9839666122570634,-0.04784300923347473,1.0318096214905381
782,php,function,method,variable,close_entity,0.7419446627365011,0.7419446627365011,0.0,0.9090909090909091,0.9090909090909091,0.0,0.7812969331250263,0.7709647836749411,0.010332149450085204,0.9054545454545455,0.9054545454545455,0.0,0.9822555780410767,0.9743375778198242,0.007918000221252441,0.9316904544830322,0.012536384165287018,0.9191540703177452,0.8942943774163723,-0.9008136615157127,1.795108038932085
869,php,log,trace,output,infrastructure,0.5946035575013604,0.5946035575013604,0.0,0.75,0.75,0.0,0.8083133076056787,0.8074270207636054,0.0008862868420732584,0.7361111111111112,0.7361111111111112,0.0,0.9786500334739685,0.9790141582489014,-0.00036412477493286133,0.7771993279457092,0.9661661386489868,-0.1889668107032776,0.6951161772012711,0.9578215088695288,-0.2627053316682577
974,php,class,type,module,close_entity,0.8408964152537145,0.8408964152537145,0.0,0.875,0.875,0.0,0.8710431299366332,0.8659310401445168,0.005112089792116414,0.8737244897959183,0.8737244897959183,0.0,0.9852374792098999,0.9877105355262756,-0.0024730563163757324,0.01415945403277874,0.014661414548754692,-0.0005019605159759521,-0.6842901576310396,-0.7895027566701174,0.10521259903907776
1010,php,method,function,attribute,close_entity,0.8153551038173119,0.8153551038173119,0.0,0.9230769230769231,0.9230769230769231,0.0,0.9276711016423937,0.9261134575341259,0.0015576441082678638,0.920940170940171,0.920940170940171,0.0,0.994686484336853,0.991089940071106,0.0035965442657470703,0.9524163603782654,0.7649322152137756,0.18748414516448975,0.9363189935684204,0.7538874810561538,0.18243151251226664
1010,php,class,type,module,close_entity,0.6128081331864041,0.6128081331864041,0.0,0.8461538461538461,0.8461538461538461,0.0,0.8759317167057303,0.8727856453868568,0.0031460713188735667,0.8375715193897013,0.8375715193897013,0.0,0.9882550239562988,0.986451268196106,0.001803755760192871,0.8765268921852112,0.6964067220687866,0.18012017011642456,0.8035536408424377,0.5084351003170013,0.2951185405254364
1028,php,argument,parameter,keyword,close_entity,0.7910665071754353,0.7910665071754353,0.0,0.9230769230769231,0.9230769230769231,0.0,0.8975993225651184,0.8927106402208654,0.0048886823442529925,0.920940170940171,0.920940170940171,0.0,0.9964644312858582,0.9912030696868896,0.005261361598968506,0.9911484718322754,0.4779087007045746,0.5132397711277008,0.9899157573236153,0.45859544910490513,0.5313203082187101
1061,php,tests,checks,configs,infrastructure,0.8408964152537145,0.8408964152537145,0.0,0.8333333333333334,0.8333333333333334,0.0,0.8545076927453862,0.8448818250304266,0.009625867714959546,0.8300000000000002,0.8300000000000002,0.0,0.9856534004211426,0.9743462204933167,0.011307179927825928,0.8577252626419067,0.007833369076251984,0.8498918935656548,0.8423927342519164,-0.7995574399828911,1.6419501742348075
1215,php,class,type,module,close_entity,0.8787419089273847,0.8787419089273847,0.0,0.9500000000000001,0.9500000000000001,0.0,0.9316957683757151,0.9297479646057063,0.0019478037700088047,0.9494459833795015,0.9494459833795015,0.0,0.9946473836898804,0.9949134588241577,-0.00026607513427734375,0.8603833913803101,0.571010947227478,0.28937244415283203,0.8496156064793468,0.43914923071861267,0.4104663757607341
1215,php,errors,exceptions,warnings,diagnostic,0.8787419089273847,0.8787419089273847,0.0,0.9500000000000001,0.9500000000000001,0.0,0.9338333559832518,0.9280247541430553,0.005808601840196492,0.9494459833795015,0.9494459833795015,0.0,0.9949191808700562,0.9972773194313049,-0.0023581385612487793,0.8128560781478882,0.6291330456733704,0.18372303247451782,0.8108704690821469,0.6260618451051414,0.18480862397700548
1228,php,class,type,module,close_entity,0.8828704089744474,0.8828704089744474,0.0,0.9428571428571428,0.9428571428571428,0.0,0.9395918080731639,0.9378557383853606,0.0017360696878032655,0.9441200499807767,0.9441200499807767,0.0,0.9957257509231567,0.9949440956115723,0.0007816553115844727,0.8612193465232849,0.8709147572517395,-0.00969541072845459,0.8309755511581898,0.8117522187530994,0.019223332405090332
1228,php,comment,note,command,infrastructure,0.7471327820265266,0.7471327820265266,0.0,0.8857142857142857,0.8857142857142857,0.0,0.8632004432196232,0.911796530311381,-0.04859608709175778,0.8871934678819444,0.8871934678819444,0.0,0.9906001687049866,0.9863011837005615,0.004298985004425049,0.9333489537239075,0.8916692733764648,0.04167968034744263,0.919682520441711,0.8782713310793042,0.04141118936240673
1293,php,parameter,argument,constant,close_entity,0.5946035575013611,0.5946035575013611,0.0,0.875,0.875,0.0,0.7681352553643817,0.750173471403653,0.017961783960728672,0.864795918367347,0.864795918367347,0.0,0.9883137941360474,0.9784810543060303,0.00983273983001709,0.9849227666854858,0.35002005100250244,0.6349027156829834,0.9804886844940484,-0.18340414762496948,1.1638928321190178
1335,php,function,method,variable,close_entity,0.7348889200874659,0.7348889200874659,0.0,0.9166666666666666,0.9166666666666666,0.0,0.8535215966031573,0.8460848512610165,0.0074367453421407825,0.9139118457300276,0.9139118457300276,0.0,0.9935064315795898,0.9882020354270935,0.005304396152496338,0.95490562915802,0.43430688977241516,0.5205987393856049,0.9471123036928475,0.4045159313827753,0.5425963723100722
1365,php,function,method,variable,close_entity,0.6434588841607617,0.6434588841607617,0.0,0.8571428571428571,0.8571428571428571,0.0,0.6811473486024768,0.667629300430861,0.013518048171615837,0.8412698412698414,0.8412698412698414,0.0,0.9870856404304504,0.9831052422523499,0.003980398178100586,0.9878486394882202,0.07356363534927368,0.9142850041389465,0.9836529511958361,-0.7407946586608887,1.7244476098567247
1409,php,function,method,variable,close_entity,0.3799178428257963,0.3799178428257963,0.0,0.8333333333333334,0.8333333333333334,0.0,0.6588036623477841,0.6447051385235015,0.01409852382428256,0.8066666666666668,0.8066666666666668,0.0,0.982986569404602,0.9715791940689087,0.01140737533569336,0.9739083647727966,0.9570510387420654,0.0168573260307312,0.9649510271847248,0.9469980178400874,0.017953009344637394
1436,php,method,function,attribute,close_entity,0.8282477531331043,0.8282477531331043,0.0,0.9285714285714286,0.9285714285714286,0.0,0.893489425854018,0.8933043428278835,0.00018508302613451377,0.9268808114961962,0.9268808114961962,0.0,0.9948326349258423,0.9900292754173279,0.004803359508514404,0.9754481315612793,0.954686164855957,0.020761966705322266,0.9749970072298311,0.95049112662673,0.024505880603101104
1454,php,method,function,attribute,close_entity,0.8003203203845001,0.8003203203845001,0.0,0.9285714285714286,0.9285714285714286,0.0,0.8766057253141972,0.8741056852915832,0.0025000400226140584,0.920940170940171,0.920940170940171,0.0,0.9955060482025146,0.9926247000694275,0.002881348133087158,0.9661136269569397,0.8981317281723022,0.06798189878463745,0.9583536172285676,0.8472654409706593,0.11108817625790834
1502,php,parameter,argument,constant,close_entity,0.8739351325046809,0.8739351325046809,0.0,0.9473684210526315,0.9473684210526315,0.0,0.8760121234855973,0.866138172181515,0.009873951304082307,0.9467186484730344,0.9467186484730344,0.0,0.9981427192687988,0.994234561920166,0.0039081573486328125,0.9608197808265686,0.8344253301620483,0.12639445066452026,0.9595142564503476,0.7941071316599846,0.165407124790363
1502,php,error,exception,warning,diagnostic,0.9036020036098446,0.9036020036098446,0.0,0.9473684210526315,0.9473684210526315,0.0,0.9342280060472389,0.9266690008562419,0.007559005190996948,0.9472871994801819,0.9472871994801819,0.0,0.9954451322555542,0.9881563782691956,0.007288753986358643,0.8550667762756348,0.5992546677589417,0.2558121085166931,0.8447696063667536,0.504405252635479,0.3403643537312746
1542,php,parameter,argument,constant,close_entity,0.7598356856515927,0.7598356856515927,0.0,0.8333333333333334,0.8333333333333334,0.0,0.8178337631220057,0.7990626947772568,0.018771068344748953,0.8300000000000002,0.8300000000000002,0.0,0.9865214824676514,0.9749273061752319,0.011594176292419434,0.9585399627685547,0.24658459424972534,0.7119553685188293,0.9514398807659745,0.20181256532669067,0.7496273154392838
1543,php,method,function,attribute,close_entity,0.7016879391277372,0.7016879391277372,0.0,0.9090909090909091,0.9090909090909091,0.0,0.8533562690638975,0.8504702077837636,0.0028860612801339114,0.9054545454545455,0.9054545454545455,0.0,0.9935551285743713,0.985034167766571,0.008520960807800293,0.944236695766449,0.5781534314155579,0.3660832643508911,0.9410121615510434,0.5498951487243176,0.39111701282672584
1543,php,argument,parameter,keyword,close_entity,0.8070557274927979,0.8070557274927979,0.0,0.9090909090909091,0.9090909090909091,0.0,0.8447136131503901,0.8367068617514248,0.008006751398965228,0.9054545454545455,0.9054545454545455,0.0,0.992917001247406,0.983230471611023,0.009686529636383057,0.9727996587753296,0.8663508892059326,0.10644876956939697,0.9647912075743079,0.8222531713545322,0.14253803621977568
1583,php,methods,functions,attributes,close_entity,0.5946035575013611,0.5946035575013611,0.0,0.8571428571428571,0.8571428571428571,0.0,0.7768839797030545,0.7729179669318491,0.003966012771205341,0.8066666666666668,0.8066666666666668,0.0,0.9926168918609619,0.9848300218582153,0.007786870002746582,0.9842599034309387,0.3045499920845032,0.6797099113464355,0.9789037094451487,-0.23483657836914062,1.2137402878142893
1609,php,imports,includes,exports,directional,0.5969491792019644,0.5969491792019644,0.0,0.875,0.875,0.0,0.8087106740665007,0.8869070241487921,-0.07819635008229142,0.864795918367347,0.864795918367347,0.0,0.9603999257087708,0.9884731769561768,-0.028073251247406006,0.9612099528312683,0.0044754440896213055,0.956734508741647,0.9496984342113137,-0.9551596348173916,1.9048580690287054
1714,php,comment,note,command,infrastructure,0.3799178428257963,0.3799178428257963,0.0,0.8000000000000002,0.8000000000000002,0.0,0.703633050946581,0.8080832438822799,-0.1044501929356989,0.7500000000000001,0.7500000000000001,0.0,0.973095178604126,0.9688904881477356,0.004204690456390381,0.9930042624473572,0.3165648281574249,0.6764394342899323,0.9915486776735634,-0.2426796853542328,1.2342283630277961
1715,php,function,method,variable,close_entity,0.3799178428257963,0.3799178428257963,0.0,0.8333333333333334,0.8333333333333334,0.0,0.7597462745964053,0.7486475851620491,0.011098689434356213,0.8066666666666668,0.8066666666666668,0.0,0.9869166612625122,0.976325511932373,0.01059114933013916,0.9872136116027832,0.9455230832099915,0.04169052839279175,0.9838417270220816,0.9221664573997259,0.0616752696223557
1804,php,error,exception,warning,diagnostic,0.82651681837938,0.82651681837938,0.0,0.9,0.9,0.0,0.8655921732045152,0.8596526870977909,0.005939486106724345,0.8819444444444444,0.8819444444444444,0.0,0.9900566935539246,0.9929260015487671,-0.0028693079948425293,0.9964978098869324,0.9904642105102539,0.006033599376678467,0.995905323245097,0.9900963074178435,0.005809015827253461
1873,php,function,method,variable,close_entity,0.7016879391277372,0.7016879391277372,0.0,0.9,0.9,0.0,0.7536771208936419,0.7423705963608791,0.011306524532762818,0.8819444444444444,0.8819444444444444,0.0,0.9936072826385498,0.980177104473114,0.013430178165435791,0.9880496859550476,0.12995803356170654,0.8580916523933411,0.9853982939384878,-0.6000735759735107,1.5854718699119985
1879,php,class,type,module,close_entity,0.7348889200874659,0.7348889200874659,0.0,0.9,0.9,0.0,0.8507657575767977,0.843717128346052,0.007048629230745784,0.864795918367347,0.864795918367347,0.0,0.9888397455215454,0.9910985231399536,-0.002258777618408203,0.9711143374443054,0.4010341167449951,0.5700802206993103,0.9580539297312498,-0.08877214789390564,1.0468260776251554
2031,php,import,include,export,directional,0.8070557274927979,0.8070557274927979,0.0,0.8888888888888888,0.8888888888888888,0.0,0.8676005862878998,0.899546929868499,-0.031946343580599224,0.8880208333333333,0.8880208333333333,0.0,0.9874582886695862,0.9941529631614685,-0.006694674491882324,0.15396419167518616,0.021350234746932983,0.13261395692825317,-0.6761859357357025,-0.9494945704936981,0.2733086347579956
2090,php,method,function,attribute,close_entity,0.7016879391277372,0.7016879391277372,0.0,0.9,0.9,0.0,0.8300645693703701,0.8299873341057712,7.723526459890717e-05,0.8950617283950617,0.8950617283950617,0.0,0.9947514533996582,0.9883984923362732,0.00635296106338501,0.9784082174301147,0.012655975297093391,0.9657522421330214,0.9753584293648601,-0.8939052801579237,1.8692637095227838
2091,php,method,function,attribute,close_entity,0.7071067811865478,0.7071067811865478,0.0,0.8571428571428571,0.8571428571428571,0.0,0.7904978383592962,0.7905632007878254,-6.536242852916985e-05,0.8412698412698414,0.8412698412698414,0.0,0.9924089908599854,0.9809879660606384,0.011421024799346924,0.4850664436817169,0.006221114657819271,0.47884532902389765,-0.002098381519317627,-0.963889897800982,0.9617915162816644
2097,php,method,function,attribute,close_entity,0.6434588841607617,0.6434588841607617,0.0,0.8333333333333334,0.8333333333333334,0.0,0.8167284490430555,0.8124395881517305,0.004288860891325075,0.8300000000000002,0.8300000000000002,0.0,0.9929578304290771,0.9859017133712769,0.007056117057800293,0.96470046043396,0.07251711934804916,0.8921833410859108,0.9536970909684896,-0.6674291267991066,1.6211262177675962
2137,php,log,trace,output,infrastructure,0.7615624524945332,0.7615624524945332,0.0,0.8888888888888888,0.8888888888888888,0.0,0.8852053865153231,0.8817864822406112,0.0034189042747119203,0.8444636678200692,0.8444636678200692,0.0,0.9871785640716553,0.9914299249649048,-0.004251360893249512,0.006386579945683479,0.007611354347318411,-0.0012247744016349316,-0.9456177335232496,-0.923957506660372,-0.021660226862877607
2225,php,parameter,argument,constant,close_entity,0.7910665071754353,0.7910665071754353,0.0,0.9333333333333333,0.9333333333333333,0.0,0.8760121234855973,0.866138172181515,0.009873951304082307,0.920940170940171,0.920940170940171,0.0,0.9955868124961853,0.988954484462738,0.006632328033447266,0.9791979789733887,0.5404312610626221,0.4387667179107666,0.97600093530491,0.1527247428894043,0.8232761924155056
2256,php,function,method,variable,close_entity,0.8492326635760686,0.8492326635760686,0.0,0.9444444444444444,0.9444444444444444,0.0,0.8818797606869796,0.8757182113528232,0.006161549334156358,0.943675509419454,0.943675509419454,0.0,0.9968235492706299,0.990271270275116,0.006552278995513916,0.9801568984985352,0.9420701265335083,0.038086771965026855,0.9790955178905278,0.938156140036881,0.040939377853646874
2256,php,class,type,module,close_entity,0.8663975517813622,0.8663975517813622,0.0,0.9444444444444444,0.9444444444444444,0.0,0.9119074494949635,0.909483319142708,0.002424130352255527,0.943675509419454,0.943675509419454,0.0,0.9937184453010559,0.9952545166015625,-0.0015360713005065918,0.9668853282928467,0.3186146020889282,0.6482707262039185,0.9519335329532623,-0.25438594818115234,1.2063194811344147
2266,php,parameters,arguments,constants,close_entity,0.6580370064762461,0.6580370064762461,0.0,0.9,0.9,0.0,0.7510221207782806,0.73181842964502,0.019203691133260592,0.8950617283950617,0.8950617283950617,0.0,0.9866251945495605,0.9867467284202576,-0.00012153387069702148,0.9822226762771606,0.0043169790878891945,0.9779056971892715,0.9781232248060405,-0.8908885782584548,1.8690118030644953
2296,php,methods,functions,attributes,close_entity,0.7910665071754353,0.7910665071754353,0.0,0.9230769230769231,0.9230769230769231,0.0,0.8582139505481792,0.8554063195619074,0.002807630986271792,0.920940170940171,0.920940170940171,0.0,0.9918361306190491,0.9857921600341797,0.006043970584869385,0.9914236664772034,0.9444149136543274,0.04700875282287598,0.9887460351455957,0.9166239257901907,0.07212210935540497
2321,php,warning,alert,error,diagnostic,0.5969491792019644,0.5969491792019644,0.0,0.8888888888888888,0.8888888888888888,0.0,0.8233248131637229,0.8201562435480777,0.003168569615645156,0.8819444444444444,0.8819444444444444,0.0,0.9803088903427124,0.9233298301696777,0.05697906017303467,0.9433161020278931,0.2845793068408966,0.6587367951869965,0.9346875976771116,0.0644393265247345,0.8702482711523771
2447,php,import,include,export,directional,0.8091067115702206,0.8091067115702206,0.0,0.9230769230769231,0.9230769230769231,0.0,0.8820448510074292,0.9305703112084807,-0.04852546020105142,0.920940170940171,0.920940170940171,0.0,0.979276180267334,0.9944170117378235,-0.015140831470489502,0.9439122676849365,0.004895493853837252,0.9390167738310993,0.9129632767289877,-0.985723331104964,1.8986866078339517
2514,php,error,exception,warning,diagnostic,0.4272870063962342,0.4272870063962342,0.0,0.8000000000000002,0.8000000000000002,0.0,0.6555712839766411,0.6198286861963885,0.03574259778025257,0.7500000000000001,0.7500000000000001,0.0,0.9688459038734436,0.9712122678756714,-0.002366364002227783,0.9764466285705566,0.9593955278396606,0.017051100730895996,0.9740280383266509,0.956095828441903,0.017932209884747863
2547,php,classes,types,modules,close_entity,0.6687403049764218,0.6687403049764218,0.0,0.8000000000000002,0.8000000000000002,0.0,0.772575282961318,0.7668800144087501,0.005695268552567967,0.7937500000000002,0.7937500000000002,0.0,0.9860769510269165,0.9852548837661743,0.0008220672607421875,0.4510578513145447,0.058347608894109726,0.39271024242043495,0.22696758806705475,-0.5247100330889225,0.7516776211559772
2569,php,methods,functions,attributes,close_entity,0.7691605673134587,0.7691605673134587,0.0,0.9090909090909091,0.9090909090909091,0.0,0.8454112918597234,0.8423994854486792,0.00301180641104426,0.9054545454545455,0.9054545454545455,0.0,0.995502233505249,0.9896697998046875,0.0058324337005615234,0.9855967164039612,0.9460682272911072,0.039528489112854004,0.982399090891704,0.9222769476473331,0.06012214324437082
2593,php,method,function,attribute,close_entity,0.3799178428257963,0.3799178428257963,0.0,0.8000000000000002,0.8000000000000002,0.0,0.7136810316480302,0.7036867402175581,0.009994291430472146,0.7500000000000001,0.7500000000000001,0.0,0.9923641681671143,0.9798660278320312,0.012498140335083008,0.9671733975410461,0.03698724880814552,0.9301861487329006,0.9553431989625096,-0.8608059249818325,1.8161491239443421
2593,php,tests,checks,configs,infrastructure,0.537284965911771,0.537284965911771,0.0,0.8000000000000002,0.8000000000000002,0.0,0.8114218796048381,0.8008486476132766,0.010573231991561571,0.7937500000000002,0.7937500000000002,0.0,0.9786500930786133,0.9648203253746033,0.01382976770401001,0.9166147708892822,0.000350032263668254,0.916264738625614,0.8805305734276772,-0.9729290862742346,1.8534596597019117
2621,php,method,function,attribute,close_entity,0.5969491792019644,0.5969491792019644,0.0,0.8888888888888888,0.8888888888888888,0.0,0.7645999473058406,0.7604875788015855,0.004112368504255115,0.8819444444444444,0.8819444444444444,0.0,0.9895603656768799,0.9816873073577881,0.007873058319091797,0.8319784998893738,0.20962469279766083,0.622353807091713,0.7363184243440628,-0.21230743825435638,0.9486258625984192
2625,php,tests,checks,configs,infrastructure,0.1964073254502566,0.1964073254502566,0.0,0.7142857142857143,0.7142857142857143,0.0,0.6300301732832281,0.614548381232264,0.015481792050964116,0.6371428571428571,0.6371428571428571,0.0,0.9735184907913208,0.9533451199531555,0.020173370838165283,0.95189368724823,0.01187311764806509,0.9400205696001649,0.9353205561637878,-0.7783013666048646,1.7136219227686524
2821,php,argument,parameter,keyword,close_entity,0.5946035575013611,0.5946035575013611,0.0,0.8333333333333334,0.8333333333333334,0.0,0.8266857285364269,0.8150027984685508,0.011682930067876018,0.8066666666666668,0.8066666666666668,0.0,0.9950051307678223,0.9881657958030701,0.006839334964752197,0.9841405153274536,0.1568654626607895,0.8272750526666641,0.9797511426731944,-0.0025200098752975464,0.982271152548492
2831,php,class,type,module,close_entity,0.7506238537503396,0.7506238537503396,0.0,0.8888888888888888,0.8888888888888888,0.0,0.847419037158709,0.843717128346052,0.0037019088126570843,0.8819444444444444,0.8819444444444444,0.0,0.9866377115249634,0.9899396896362305,-0.00330197811126709,0.9761161804199219,0.778408408164978,0.19770777225494385,0.9703970360569656,0.6729144975543022,0.2974825385026634
2885,php,methods,functions,attributes,close_entity,0.5946035575013604,0.5946035575013604,0.0,0.75,0.75,0.0,0.7747539878070487,0.7697705328492794,0.004983454957769307,0.7361111111111112,0.7361111111111112,0.0,0.9949930906295776,0.9889584183692932,0.006034672260284424,0.9881985783576965,0.15044865012168884,0.8377499282360077,0.9852185798808932,-0.19448676705360413,1.1797053469344974
2897,php,test,check,config,infrastructure,0.7506238537503396,0.7506238537503396,0.0,0.8888888888888888,0.8888888888888888,0.0,0.8185584973300233,0.8091529982059155,0.009405499124107819,0.8819444444444444,0.8819444444444444,0.0,0.9638535976409912,0.9711350202560425,-0.0072814226150512695,0.878289520740509,0.015649715438485146,0.8626398053020239,0.8091573268175125,-0.6586187686771154,1.467776095494628
2989,php,error,exception,warning,diagnostic,0.3466806371753173,0.3466806371753173,0.0,0.6666666666666666,0.6666666666666666,0.0,0.6379857843028355,0.6000398385905155,0.03794594571232002,0.3333333333333333,0.3333333333333333,0.0,0.9539895057678223,0.9454530477523804,0.008536458015441895,0.2645024061203003,0.5084480047225952,-0.24394559860229492,-0.3836381435394287,0.2562497556209564,-0.6398878991603851
3024,php,error,exception,warning,diagnostic,0.7071067811865478,0.7071067811865478,0.0,0.875,0.875,0.0,0.8250335486873503,0.8086000830783232,0.016433465609027142,0.864795918367347,0.864795918367347,0.0,0.9817409515380859,0.9739762544631958,0.007764697074890137,0.9934287667274475,0.8602215647697449,0.13320720195770264,0.9919146137544885,0.8440925404429436,0.14782207331154495
3163,php,test,check,config,infrastructure,0.9036020036098446,0.9036020036098446,0.0,0.9,0.9,0.0,0.9246741147394502,0.918285449121138,0.006388665618312195,0.8993827160493828,0.8993827160493828,0.0,0.9900272488594055,0.9901977181434631,-0.0001704692840576172,0.784895122051239,0.010972533375024796,0.7739225886762142,0.6173750311136246,-0.8933835290372372,1.5107585601508617
3166,php,test,check,config,infrastructure,0.7598356856515927,0.7598356856515927,0.0,0.75,0.75,0.0,0.7813648756770079,0.765278403984704,0.016086471692303816,0.7361111111111112,0.7361111111111112,0.0,0.9817126989364624,0.9756899476051331,0.006022751331329346,0.9725592136383057,0.1527118682861328,0.8198473453521729,0.9703846746124327,0.002377331256866455,0.9680073433555663
3185,php,tests,checks,configs,infrastructure,0.6434588841607617,0.6434588841607617,0.0,0.75,0.75,0.0,0.7898676150823373,0.7783251918795057,0.011542423202831609,0.7361111111111112,0.7361111111111112,0.0,0.9871870875358582,0.9746906757354736,0.012496411800384521,0.9648512601852417,0.0018618744798004627,0.9629893857054412,0.9566980786621571,-0.9746969300322235,1.9313950086943805
3281,php,test,check,config,infrastructure,0.7016879391277372,0.7016879391277372,0.0,0.875,0.875,0.0,0.8286265315571998,0.8203457925686786,0.008280738988521219,0.864795918367347,0.864795918367347,0.0,0.9906085133552551,0.9844945669174194,0.006113946437835693,0.991592288017273,0.13077640533447266,0.8608158826828003,0.9888063014950603,-0.5850570797920227,1.573863381287083
3306,php,tests,checks,configs,infrastructure,0.6580370064762461,0.6580370064762461,0.0,0.875,0.875,0.0,0.8191201418100401,0.8104568260053518,0.008663315804688265,0.8412698412698414,0.8412698412698414,0.0,0.9914970397949219,0.9836408495903015,0.007856190204620361,0.9804165959358215,0.010094639845192432,0.9703219560906291,0.9779852584470063,-0.8797447113320231,1.8577299697790295
3452,php,class,type,module,close_entity,0.9391044157537529,0.9391044157537529,0.0,0.9285714285714286,0.9285714285714286,0.0,0.9216357452484801,0.9182526588642503,0.0033830863842297942,0.9228098290598291,0.9228098290598291,0.0,0.9919089078903198,0.9933195114135742,-0.0014106035232543945,0.24079981446266174,0.10931761562824249,0.13148219883441925,-0.014118880033493042,-0.24095679819583893,0.2268379181623459
3454,php,class,type,module,close_entity,0.9210500207490826,0.9210500207490826,0.0,0.9565217391304348,0.9565217391304348,0.0,0.948548465904616,0.9470374900929996,0.0015109758116162997,0.9519047619047619,0.9519047619047619,0.0,0.9938109517097473,0.9964082837104797,-0.002597332000732422,0.8127713203430176,0.4170008599758148,0.39577046036720276,0.7566529735922813,-0.044033706188201904,0.8006866797804832
3454,php,parameter,argument,constant,close_entity,0.8403034716144347,0.8403034716144347,0.0,0.9130434782608695,0.9130434782608695,0.0,0.8568137126932533,0.8452555577592265,0.011558154934026899,0.9029811370531593,0.9029811370531593,0.0,0.9960722923278809,0.9889179468154907,0.007154345512390137,0.8900243639945984,0.05834469199180603,0.8316796720027924,0.8500943258404732,-0.7356398403644562,1.5857341662049294
3473,php,method,function,attribute,close_entity,0.9234732618882049,0.9234732618882049,0.0,0.9565217391304348,0.9565217391304348,0.0,0.9338186401206253,0.93238321765314,0.0014354224674852922,0.9467186484730344,0.9467186484730344,0.0,0.9980076551437378,0.9955400228500366,0.002467632293701172,0.799594521522522,0.5961555242538452,0.20343899726867676,0.7866759477183223,0.5831932555884123,0.20348269212991
3482,php,parameters,arguments,constants,close_entity,0.9278982724420876,0.9278982724420876,0.0,0.9722222222222222,0.9722222222222222,0.0,0.9395901816542503,0.9346996873456095,0.004890494308640858,0.9713297083539298,0.9713297083539298,0.0,0.9980515837669373,0.9966787099838257,0.0013728737831115723,0.9769410490989685,0.21880421042442322,0.7581368386745453,0.9730462641455233,-0.4553804099559784,1.4284266741015017
3496,php,input,entry,output,directional,0.9353695731020621,0.9353695731020621,0.0,0.972972972972973,0.972972972972973,0.0,0.9610429455356497,0.9744656440884829,-0.013422698552833179,0.9713297083539298,0.9713297083539298,0.0,0.9973024129867554,0.9962424635887146,0.0010599493980407715,0.7991452217102051,0.4119282364845276,0.3872169852256775,0.7940317806787789,0.007087349891662598,0.7869444307871163
3521,php,method,function,attribute,close_entity,0.7016879391277372,0.7016879391277372,0.0,0.8888888888888888,0.8888888888888888,0.0,0.7979645278425331,0.80182672429753,-0.003862196454996858,0.8819444444444444,0.8819444444444444,0.0,0.9949647784233093,0.99019855260849,0.004766225814819336,0.9634741544723511,0.802636981010437,0.16083717346191406,0.947260620072484,0.7527144066989422,0.19454621337354183
3599,php,class,type,module,close_entity,0.8003203203845001,0.8003203203845001,0.0,0.9285714285714286,0.9285714285714286,0.0,0.9050280843535999,0.9024476215869377,0.0025804627666622393,0.9268808114961962,0.9268808114961962,0.0,0.9921786785125732,0.9902722835540771,0.0019063949584960938,0.715147078037262,0.06302912533283234,0.6521179527044296,0.55296291410923,-0.8037503808736801,1.3567132949829102
3609,php,method,function,attribute,close_entity,0.7265407815865125,0.7265407815865125,0.0,0.8666666666666667,0.8666666666666667,0.0,0.7931534838220041,0.7893671124984253,0.003786371323578841,0.8706951530612245,0.8706951530612245,0.0,0.9884622693061829,0.9877713322639465,0.0006909370422363281,0.2381194531917572,0.01675616204738617,0.22136329114437103,-0.45031920075416565,-0.9029104858636856,0.45259128510951996
3609,php,test,check,config,infrastructure,0.9457416090031756,0.9457416090031756,0.0,0.9333333333333333,0.9333333333333333,0.0,0.951148543528173,0.9469014996407412,0.004247043887431801,0.9373611111111111,0.9373611111111111,0.0,0.9861252903938293,0.9846259355545044,0.0014993548393249512,0.9856685400009155,0.029780901968479156,0.9558876380324364,0.9816451943479478,-0.8922631368041039,1.8739083311520517
3645,php,method,function,attribute,close_entity,0.7016879391277372,0.7016879391277372,0.0,0.9090909090909091,0.9090909090909091,0.0,0.8605239922731748,0.8577540704727683,0.002769921800406472,0.9054545454545455,0.9054545454545455,0.0,0.9942581057548523,0.9879478812217712,0.006310224533081055,0.9672802090644836,0.0846635028719902,0.8826167061924934,0.9634595443494618,-0.5514385774731636,1.5148981218226254
3674,php,class,type,module,close_entity,0.4889230224349009,0.4889230224349009,0.0,0.8571428571428571,0.8571428571428571,0.0,0.8120029645771641,0.8077783332279991,0.0042246313491650644,0.8412698412698414,0.8412698412698414,0.0,0.9847856163978577,0.9852433204650879,-0.0004577040672302246,0.6301034092903137,0.03546157106757164,0.5946418382227421,0.5204033702611923,-0.8081451989710331,1.3285485692322254
3708,php,method,function,attribute,close_entity,0.6687403049764218,0.6687403049764218,0.0,0.8000000000000002,0.8000000000000002,0.0,0.7724566327828859,0.7667506602100757,0.005705972572810247,0.7937500000000002,0.7937500000000002,0.0,0.9891670942306519,0.9785776734352112,0.010589420795440674,0.9792746901512146,0.378074049949646,0.6012006402015686,0.9736134121194482,0.14412693679332733,0.8294864753261209
3823,php,method,function,attribute,close_entity,0.7691605673134587,0.7691605673134587,0.0,0.9,0.9,0.0,0.8558260452123987,0.8529797132203951,0.00284633199200357,0.8819444444444444,0.8819444444444444,0.0,0.9946210384368896,0.9876282215118408,0.006992816925048828,0.9506915211677551,0.8516284823417664,0.09906303882598877,0.9466047962196171,0.8012618832290173,0.14534291299059987
3869,php,class,type,module,close_entity,0.7825422900366432,0.7825422900366432,0.0,0.9090909090909091,0.9090909090909091,0.0,0.875964296427729,0.8727761272593321,0.003188169168396926,0.9054545454545455,0.9054545454545455,0.0,0.9902434349060059,0.9929970502853394,-0.002753615379333496,0.4856409430503845,0.062372755259275436,0.4232681877911091,0.13742616772651672,-0.7432172782719135,0.8806434459984303
4098,php,comment,note,command,infrastructure,0.4889230224349009,0.4889230224349009,0.0,0.875,0.875,0.0,0.7774015857216687,0.8551131524815735,-0.07771156675990476,0.8412698412698414,0.8412698412698414,0.0,0.9855105876922607,0.9763603210449219,0.009150266647338867,0.9881007671356201,0.28603094816207886,0.7020698189735413,0.985756253823638,-0.3099942207336426,1.2957504745572805
4107,php,error,exception,warning,diagnostic,0.7506238537503396,0.7506238537503396,0.0,0.8888888888888888,0.8888888888888888,0.0,0.8250335486873503,0.8086000830783232,0.016433465609027142,0.8819444444444444,0.8819444444444444,0.0,0.9831991195678711,0.9786947965621948,0.0045043230056762695,0.987968921661377,0.3743942081928253,0.6135747134685516,0.9852859142702073,0.18944299221038818,0.7958429220598191
4109,php,function,method,variable,close_entity,0.7825422900366432,0.7825422900366432,0.0,0.9285714285714286,0.9285714285714286,0.0,0.8789506116882128,0.8726537135089322,0.006296898179280586,0.9268808114961962,0.9268808114961962,0.0,0.9944530725479126,0.9899954795837402,0.004457592964172363,0.7802180647850037,0.03238969296216965,0.747828371822834,0.7745252475142479,-0.12691400200128555,0.9014392495155334
4109,php,class,type,module,close_entity,0.9193227152249175,0.9193227152249175,0.0,0.9285714285714286,0.9285714285714286,0.0,0.9409333468959586,0.9383041005377177,0.002629246358240911,0.9283601014370245,0.9283601014370245,0.0,0.9899802803993225,0.9929693341255188,-0.002989053726196289,0.44177666306495667,0.07167518138885498,0.3701014816761017,0.4106460288167,-0.01689440757036209,0.4275404363870621
4121,php,method,function,attribute,close_entity,0.7691605673134587,0.7691605673134587,0.0,0.9166666666666666,0.9166666666666666,0.0,0.8710295640951392,0.8708640306727211,0.000165533422418096,0.9139118457300276,0.9139118457300276,0.0,0.9893199801445007,0.982549786567688,0.006770193576812744,0.988976001739502,0.9902415871620178,-0.0012655854225158691,0.9881442681071348,0.9885507728904486,-0.0004065047833137214
4424,php,error,exception,warning,diagnostic,0.4272870063962342,0.4272870063962342,0.0,0.8000000000000002,0.8000000000000002,0.0,0.699342141649518,0.6689181831374821,0.030423958512035942,0.7500000000000001,0.7500000000000001,0.0,0.9739992618560791,0.977684497833252,-0.0036852359771728516,0.992250382900238,0.6216515302658081,0.37059885263442993,0.990306627121754,0.6200411706231534,0.37026545649860054
4542,php,error,exception,warning,diagnostic,0.7071067811865478,0.7071067811865478,0.0,0.9090909090909091,0.9090909090909091,0.0,0.880692544602973,0.8698631874838787,0.010829357119094274,0.8950617283950617,0.8950617283950617,0.0,0.9876925945281982,0.9874159693717957,0.0002766251564025879,0.9541306495666504,0.38999515771865845,0.5641354918479919,0.9381389822810888,0.17320165038108826,0.7649373319000006
4569,php,methods,functions,attributes,close_entity,0.7598356856515927,0.7598356856515927,0.0,0.8333333333333334,0.8333333333333334,0.0,0.7948918313291591,0.7902282200302906,0.0046636112988684975,0.8300000000000002,0.8300000000000002,0.0,0.9847267270088196,0.9778227210044861,0.006904006004333496,0.9639555215835571,0.06847797334194183,0.8954775482416153,0.9574240534566343,-0.623306468129158,1.5807305215857923
4571,php,method,function,attribute,close_entity,0.4889230224349009,0.4889230224349009,0.0,0.8000000000000002,0.8000000000000002,0.0,0.8154012366182445,0.8119428021807018,0.003458434437542679,0.7500000000000001,0.7500000000000001,0.0,0.9933304190635681,0.9846316576004028,0.008698761463165283,0.97125643491745,0.08159136772155762,0.8896650671958923,0.9649428762495518,-0.4557337760925293,1.420676652342081
4575,php,method,function,attribute,close_entity,0.6262844962765469,0.6262844962765469,0.0,0.8461538461538461,0.8461538461538461,0.0,0.74360896167415,0.7415691544001632,0.0020398072739867823,0.8375715193897013,0.8375715193897013,0.0,0.9899621605873108,0.978984534740448,0.010977625846862793,0.3946301341056824,0.04503071308135986,0.3495994210243225,-0.15384173393249512,-0.8050660490989685,0.6512243151664734
4592,php,method,function,attribute,close_entity,0.7506238537503396,0.7506238537503396,0.0,0.875,0.875,0.0,0.7825566980014422,0.7786608055717481,0.0038958924296941255,0.864795918367347,0.864795918367347,0.0,0.9826413989067078,0.9789689779281616,0.0036724209785461426,0.7735315561294556,0.0714690163731575,0.7020625397562981,0.5896854102611542,-0.8015419766306877,1.3912273868918419
4606,php,argument,parameter,keyword,close_entity,0.537284965911771,0.537284965911771,0.0,0.8333333333333334,0.8333333333333334,0.0,0.6717710054556792,0.6543278110927608,0.017443194362918413,0.8066666666666668,0.8066666666666668,0.0,0.9919244050979614,0.9867054224014282,0.005218982696533203,0.8735812902450562,0.14200061559677124,0.7315806746482849,0.7865614145994186,-0.6262382864952087,1.4127997010946274
4644,php,errors,exceptions,warnings,diagnostic,0.8656030552541704,0.8656030552541704,0.0,0.9285714285714286,0.9285714285714286,0.0,0.9083112046713435,0.9001311329165376,0.008180071754805951,0.9139118457300276,0.9139118457300276,0.0,0.9936298131942749,0.9944683313369751,-0.0008385181427001953,0.30257365107536316,0.007006031461060047,0.2955676196143031,0.24402138963341713,-0.16028553526848555,0.4043069249019027
4644,php,test,check,config,infrastructure,0.9086549610666288,0.9086549610666288,0.0,0.9285714285714286,0.9285714285714286,0.0,0.9153238574410227,0.9109013103254844,0.0044225471155383556,0.9139118457300276,0.9139118457300276,0.0,0.9903799891471863,0.9890252351760864,0.0013547539710998535,0.685228705406189,0.007711438927799463,0.6775172664783895,0.6772603476420045,-0.44346910854801536,1.1207294561900198
4645,php,class,type,module,close_entity,0.8153551038173119,0.8153551038173119,0.0,0.9333333333333333,0.9333333333333333,0.0,0.8984169269320484,0.8956907304269935,0.002726196505054901,0.9319727891156462,0.9319727891156462,0.0,0.9891800284385681,0.9897205829620361,-0.0005405545234680176,0.18072901666164398,0.001690995180979371,0.1790380214806646,-0.43745191395282745,-0.9799859409686178,0.5425340270157903
4660,php,parameter,argument,constant,close_entity,0.6298129992394241,0.6298129992394241,0.0,0.8571428571428571,0.8571428571428571,0.0,0.76846119343606,0.7499831888653555,0.018478004570704476,0.8504464285714286,0.8504464285714286,0.0,0.9836446642875671,0.966461718082428,0.01718294620513916,0.43920958042144775,0.037687934935092926,0.40152164548635483,-0.08953040838241577,-0.9069239720702171,0.8173935636878014
4666,php,method,function,attribute,close_entity,0.8003203203845001,0.8003203203845001,0.0,0.9166666666666666,0.9166666666666666,0.0,0.880062662996175,0.8776223187020797,0.0024403442940952313,0.920940170940171,0.920940170940171,0.0,0.9959222078323364,0.9885867238044739,0.007335484027862549,0.40368977189064026,0.18186570703983307,0.2218240648508072,-0.13704350590705872,-0.4549640864133835,0.31792058050632477
4878,php,class,type,module,close_entity,0.3799178428257963,0.3799178428257963,0.0,0.8000000000000002,0.8000000000000002,0.0,0.8167309026333084,0.8125686999465485,0.0041622026867599304,0.8066666666666668,0.8066666666666668,0.0,0.9897325038909912,0.9839101433753967,0.005822360515594482,0.41780489683151245,0.0015546763315796852,0.41625022049993277,0.2864929586648941,-0.9411735450848937,1.2276665037497878
4885,php,methods,functions,attributes,close_entity,0.8633400213704508,0.8633400213704508,0.0,0.875,0.875,0.0,0.8843731500535487,0.8814293375878549,0.0029438124656937514,0.8880208333333333,0.8880208333333333,0.0,0.9883522987365723,0.9837566614151001,0.004595637321472168,0.43512076139450073,0.029458601027727127,0.4056621603667736,0.32389170676469803,-0.4160701148211956,0.7399618215858936
4898,php,method,function,attribute,close_entity,0.5946035575013604,0.5946035575013604,0.0,0.75,0.75,0.0,0.7539218748746372,0.7479095135048399,0.0060123613697973255,0.7361111111111112,0.7361111111111112,0.0,0.9855921268463135,0.9729170203208923,0.012675106525421143,0.9551345705986023,0.5527411103248596,0.4023934602737427,0.9398141857236624,0.36702437698841095,0.5727898087352514
4903,php,method,function,attribute,close_entity,0.8153551038173119,0.8153551038173119,0.0,0.9166666666666666,0.9166666666666666,0.0,0.9092849759301916,0.9073730439320109,0.0019119319981807381,0.920940170940171,0.920940170940171,0.0,0.9968040585517883,0.9906030297279358,0.006201028823852539,0.9230843186378479,0.7603924870491028,0.16269183158874512,0.9178712544962764,0.7554935198277235,0.16237773466855288
5015,php,class,type,module,close_entity,0.5000000000000001,0.5000000000000001,0.0,0.8333333333333334,0.8333333333333334,0.0,0.8295860606070741,0.8256050595908545,0.003981001016219565,0.8412698412698414,0.8412698412698414,0.0,0.9903508424758911,0.9902478456497192,0.000102996826171875,0.0037408070638775826,0.0008106755558401346,0.002930131508037448,-0.2258543474599719,-0.8249092770274729,0.599054929567501
6247,php,test,check,config,infrastructure,0.5503212081491042,0.5503212081491042,0.0,0.6666666666666666,0.6666666666666666,0.0,0.8205355243162695,0.8067865236999752,0.01374900061629436,0.625,0.625,0.0,0.9484260678291321,0.9457204341888428,0.0027056336402893066,0.9882397651672363,0.06881199777126312,0.9194277673959732,0.9874321124516428,-0.7333268076181412,1.720758920069784
6254,php,parameter,argument,constant,close_entity,0.8091067115702206,0.8091067115702206,0.0,0.8571428571428571,0.8571428571428571,0.0,0.7812264058143819,0.7589409120555699,0.022285493758811947,0.8551587301587302,0.8551587301587302,0.0,0.9842371940612793,0.9715668559074402,0.012670338153839111,0.9781274795532227,0.036141879856586456,0.9419855996966362,0.9751552694942802,0.012131191790103912,0.9630240777041763
6267,php,method,function,attribute,close_entity,0.7419446627365011,0.7419446627365011,0.0,0.8888888888888888,0.8888888888888888,0.0,0.7930774355695889,0.7893158274257543,0.0037616081438345272,0.8819444444444444,0.8819444444444444,0.0,0.9906736612319946,0.9844381213188171,0.00623553991317749,0.9930017590522766,0.9721310138702393,0.020870745182037354,0.9921052490826696,0.9688775052782148,0.023227743804454803
6424,php,parameters,arguments,constants,close_entity,0.7598356856515927,0.7598356856515927,0.0,0.8333333333333334,0.8333333333333334,0.0,0.7343399827022004,0.7101102194596725,0.024229763242527902,0.8300000000000002,0.8300000000000002,0.0,0.9831094145774841,0.9840745329856873,-0.000965118408203125,0.6580132842063904,0.04357730597257614,0.6144359782338142,0.5268732607364655,-0.7316299751400948,1.2585032358765602
6449,php,function,method,variable,close_entity,0.7598356856515927,0.7598356856515927,0.0,0.8333333333333334,0.8333333333333334,0.0,0.7976371815918484,0.7846137533444035,0.013023428247444846,0.8300000000000002,0.8300000000000002,0.0,0.9837613105773926,0.9614264965057373,0.022334814071655273,0.9811241030693054,0.324187695980072,0.6569364070892334,0.9765275353565812,0.24763861298561096,0.7288889223709702
6450,php,function,method,variable,close_entity,0.5946035575013604,0.5946035575013604,0.0,0.75,0.75,0.0,0.7192143222192823,0.7025974111031581,0.016616911116124178,0.7361111111111112,0.7361111111111112,0.0,0.9832013249397278,0.9613502025604248,0.02185112237930298,0.9729517698287964,0.47817230224609375,0.49477946758270264,0.9653075160458684,0.24158291518688202,0.7237246008589864
6631,php,class,type,module,close_entity,0.9193227152249175,0.9193227152249175,0.0,0.9090909090909091,0.9090909090909091,0.0,0.9146639172504148,0.9110212636067676,0.0036426536436472423,0.8993827160493828,0.8993827160493828,0.0,0.9819838404655457,0.9902601838111877,-0.00827634334564209,0.14030878245830536,0.018957769498229027,0.12135101296007633,-0.04868952929973602,-0.5969850663095713,0.5482955370098352
6645,php,arguments,parameters,keywords,close_entity,0.7825422900366432,0.7825422900366432,0.0,0.9375,0.9375,0.0,0.843934570238084,0.8362907614385182,0.007643808799565832,0.9268808114961962,0.9268808114961962,0.0,0.9910468459129333,0.9860309362411499,0.005015909671783447,0.6844768524169922,0.41836732625961304,0.26610952615737915,0.6657563708722591,0.25622719526290894,0.4095291756093502
6715,php,comment,note,command,infrastructure,0.9636953777259365,0.9636953777259365,0.0,0.975,0.975,0.0,0.9567420456217316,0.9720566510375228,-0.015314605415791216,0.9728895562228896,0.9728895562228896,0.0,0.9980286955833435,0.9973701238632202,0.000658571720123291,0.6540286540985107,0.6042349934577942,0.04979366064071655,0.3542015850543976,0.2581246495246887,0.09607693552970886
6716,php,method,function,attribute,close_entity,0.8492919530422434,0.8492919530422434,0.0,0.9354838709677419,0.9354838709677419,0.0,0.9020098265843667,0.8999566922453284,0.0020531343390383094,0.9389682464604421,0.9389682464604421,0.0,0.9973874092102051,0.9942998886108398,0.0030875205993652344,0.9466028809547424,0.943509042263031,0.0030938386917114258,0.9439346774015576,0.9405704240780324,0.0033642533235251904
7180,php,error,exception,warning,diagnostic,0.537284965911771,0.537284965911771,0.0,0.8333333333333334,0.8333333333333334,0.0,0.6379857843028355,0.6000398385905155,0.03794594571232002,0.8066666666666668,0.8066666666666668,0.0,0.9773086905479431,0.9808444380760193,-0.003535747528076172,0.9869972467422485,0.9694002270698547,0.0175970196723938,0.9852383178658783,0.968847315874882,0.0163910019909963
7233,php,parameters,arguments,constants,close_entity,0.6422727797927409,0.6422727797927409,0.0,0.875,0.875,0.0,0.7451619529099436,0.7248854795034636,0.020276473406479978,0.8706951530612245,0.8706951530612245,0.0,0.9933109283447266,0.991472065448761,0.0018388628959655762,0.901605486869812,0.8827794194221497,0.018826067447662354,0.8730390910059214,0.8324517011642456,0.04058738984167576
7243,php,error,exception,warning,diagnostic,0.7071067811865478,0.7071067811865478,0.0,0.875,0.875,0.0,0.8705900719801198,0.8584770000353978,0.012113071944721998,0.864795918367347,0.864795918367347,0.0,0.9800853133201599,0.9921234846115112,-0.012038171291351318,0.9749599695205688,0.9728906750679016,0.0020692944526672363,0.9725276317913085,0.9718922681640834,0.0006353636272251606
7323,php,function,method,variable,close_entity,0.7611606003349888,0.7611606003349888,0.0,0.9230769230769231,0.9230769230769231,0.0,0.8245574389730571,0.8158989652613216,0.00865847371173556,0.9054545454545455,0.9054545454545455,0.0,0.9914447069168091,0.9824137687683105,0.009030938148498535,0.977495551109314,0.7814366221427917,0.19605892896652222,0.9680124716833234,0.722685981541872,0.24532649014145136
7359,php,methods,functions,attributes,close_entity,0.8096427216101602,0.8096427216101602,0.0,0.92,0.92,0.0,0.8792100550911232,0.8767463021084312,0.002463752982691969,0.9189792060491494,0.9189792060491494,0.0,0.9969534277915955,0.992633581161499,0.0043198466300964355,0.5274541974067688,0.6100672483444214,-0.08261305093765259,0.11777415871620178,0.271243155002594,-0.1534689962863922
7412,php,warning,alert,error,diagnostic,0.6703420896351792,0.6703420896351792,0.0,0.8333333333333334,0.8333333333333334,0.0,0.7870785969558356,0.7848324141931752,0.0022461827626604203,0.8300000000000002,0.8300000000000002,0.0,0.9906270503997803,0.9842032194137573,0.006423830986022949,0.8848662376403809,0.1155712902545929,0.769294947385788,0.7923668548464775,-0.7355166375637054,1.527883492410183
7521,php,error,exception,warning,diagnostic,0.7071067811865478,0.7071067811865478,0.0,0.8571428571428571,0.8571428571428571,0.0,0.8059642828031646,0.7875283867580579,0.018435896045106648,0.8412698412698414,0.8412698412698414,0.0,0.9755187034606934,0.977820873260498,-0.0023021697998046875,0.9812753796577454,0.8508252501487732,0.13045012950897217,0.9786135407630354,0.8202371522784233,0.1583763884846121
7571,php,parameter,argument,constant,close_entity,0.6580370064762461,0.6580370064762461,0.0,0.875,0.875,0.0,0.8001747362557146,0.7845679231982154,0.015606813057499114,0.864795918367347,0.864795918367347,0.0,0.9939674139022827,0.9694373607635498,0.02453005313873291,0.9717498421669006,0.2307976484298706,0.74095219373703,0.9615715853869915,-0.20497918128967285,1.1665507666766644
7580,php,class,type,module,close_entity,0.8408964152537145,0.8408964152537145,0.0,0.8333333333333334,0.8333333333333334,0.0,0.8914865163518619,0.8870298384379456,0.0044566779139163515,0.8300000000000002,0.8300000000000002,0.0,0.9911015033721924,0.9926959276199341,-0.0015944242477416992,0.45493853092193604,0.24539333581924438,0.20954519510269165,0.2744741588830948,-0.034084171056747437,0.3085583299398422
7706,php,methods,functions,attributes,close_entity,0.7016879391277372,0.7016879391277372,0.0,0.9090909090909091,0.9090909090909091,0.0,0.8582139505481792,0.8554063195619074,0.002807630986271792,0.9054545454545455,0.9054545454545455,0.0,0.9906247854232788,0.9874889850616455,0.0031358003616333008,0.9784668684005737,0.05076872557401657,0.9276981428265572,0.977115246350877,-0.5118002966046333,1.4889155429555103
7709,php,argument,parameter,keyword,close_entity,0.8895260356363631,0.8895260356363631,0.0,0.9583333333333334,0.9583333333333334,0.0,0.9199577192730228,0.9161770611216471,0.0037806581513757376,0.9580182734719597,0.9580182734719597,0.0,0.9965784549713135,0.9924112558364868,0.00416719913482666,0.974908709526062,0.0036607880610972643,0.9712479214649647,0.9727734555490315,-0.11496521043591201,1.0877386659849435
7754,php,class,type,module,close_entity,0.9184678024441791,0.9184678024441791,0.0,0.9655172413793104,0.9655172413793104,0.0,0.958495567153951,0.9572558755055066,0.0012396916484443965,0.9607670654468684,0.9653413089373681,-0.00457424349049973,0.9953227043151855,0.9960559010505676,-0.0007331967353820801,0.8121424317359924,0.32121050357818604,0.4909319281578064,0.7846497036516666,0.28306227549910545,0.5015874281525612
7771,php,method,function,attribute,close_entity,0.7825422900366438,0.7825422900366438,0.0,0.9,0.9,0.0,0.8154012366182445,0.8153721593566273,2.9077261617160843e-05,0.8950617283950617,0.8950617283950617,0.0,0.992998480796814,0.9817165732383728,0.011281907558441162,0.5126655101776123,0.007384846918284893,0.5052806632593274,0.3046605587005615,-0.771644045598805,1.0763046042993665
7788,php,error,exception,warning,diagnostic,0.8091067115702206,0.8091067115702206,0.0,0.9230769230769231,0.9230769230769231,0.0,0.8977968420335594,0.8886184007234067,0.009178441310152663,0.920940170940171,0.920940170940171,0.0,0.9837329387664795,0.983261227607727,0.0004717111587524414,0.918509840965271,0.6147348880767822,0.30377495288848877,0.863721027970314,0.431231826543808,0.43248920142650604
7796,php,error,exception,warning,diagnostic,0.7691605673134587,0.7691605673134587,0.0,0.9090909090909091,0.9090909090909091,0.0,0.8845568645036501,0.8741034044935219,0.010453460010128257,0.9054545454545455,0.9054545454545455,0.0,0.9913109540939331,0.9919447898864746,-0.0006338357925415039,0.9608187675476074,0.7197389006614685,0.24107986688613892,0.9550525220111012,0.7098668301478028,0.24518569186329842
7809,php,error,exception,warning,diagnostic,0.7691605673134587,0.7691605673134587,0.0,0.9166666666666666,0.9166666666666666,0.0,0.8899054585244509,0.879969470833473,0.009935987690977921,0.9139118457300276,0.9139118457300276,0.0,0.990446925163269,0.9871827363967896,0.003264188766479492,0.936305582523346,0.09428183734416962,0.8420237451791763,0.9238673038780689,-0.6728650480508804,1.5967323519289494
7832,php,parameters,arguments,constants,close_entity,0.6580370064762461,0.6580370064762461,0.0,0.9090909090909091,0.9090909090909091,0.0,0.8384347512806543,0.8256919336366028,0.012742817644051496,0.8950617283950617,0.8950617283950617,0.0,0.9902998208999634,0.9901754260063171,0.00012439489364624023,0.7335789799690247,0.04324888065457344,0.6903300993144512,0.5927908569574356,-0.28459830209612846,0.8773891590535641
7832,php,test,check,config,infrastructure,0.7825422900366438,0.7825422900366438,0.0,0.9090909090909091,0.9090909090909091,0.0,0.8965417212449834,0.8912264580089422,0.005315263236041257,0.8950617283950617,0.8950617283950617,0.0,0.9857519865036011,0.9867022037506104,-0.0009502172470092773,0.9396154880523682,0.4162239134311676,0.5233915746212006,0.9348973697051406,0.3708893172442913,0.5640080524608493
7873,php,comment,note,command,infrastructure,0.7825422900366432,0.7825422900366432,0.0,0.9166666666666666,0.9166666666666666,0.0,0.8425723900195575,0.8990466953471022,-0.056474305327544716,0.9139118457300276,0.9139118457300276,0.0,0.9899212121963501,0.9855243563652039,0.00439685583114624,0.8133943676948547,0.0742243081331253,0.7391700595617294,0.7317657172679901,-0.6237632483243942,1.3555289655923843
7903,php,argument,parameter,keyword,close_entity,0.8843946454355333,0.8843946454355333,0.0,0.9090909090909091,0.9090909090909091,0.0,0.9077666201623011,0.9024880867658925,0.005278533396408602,0.8551587301587302,0.8551587301587302,0.0,0.9970062375068665,0.9904318451881409,0.006574392318725586,0.9159355759620667,0.5726886987686157,0.3432468771934509,0.8939468432217836,0.5435518529266119,0.35039499029517174
7953,php,test,check,config,infrastructure,0.4272870063962342,0.4272870063962342,0.0,0.8000000000000002,0.8000000000000002,0.0,0.8026987418475372,0.793393211121877,0.009305530725660205,0.7500000000000001,0.7500000000000001,0.0,0.9836499691009521,0.9725093841552734,0.011140584945678711,0.9842645525932312,0.10724948346614838,0.8770150691270828,0.9832984613021836,-0.2505888193845749,1.2338872806867585
8163,php,method,function,attribute,close_entity,0.5969491792019644,0.5969491792019644,0.0,0.8571428571428571,0.8571428571428571,0.0,0.8230364621966589,0.8229812189228393,5.5243273819671757e-05,0.8412698412698414,0.8412698412698414,0.0,0.9951118230819702,0.9874171614646912,0.007694661617279053,0.9494009613990784,0.9228739142417908,0.026527047157287598,0.9424679474905133,0.9176434958353639,0.02482445165514946
8327,php,method,function,attribute,close_entity,0.7348889200874659,0.7348889200874659,0.0,0.9090909090909091,0.9090909090909091,0.0,0.8300645693703701,0.8299873341057712,7.723526459890717e-05,0.9054545454545455,0.9054545454545455,0.0,0.9861614108085632,0.9786293506622314,0.007532060146331787,0.9459076523780823,0.2843240797519684,0.6615835726261139,0.9315282879397273,0.12472876906394958,0.8067995188757777
8391,php,class,type,module,close_entity,0.9036020036098446,0.9036020036098446,0.0,0.9166666666666666,0.9166666666666666,0.0,0.906328911851946,0.9023848573343024,0.003944054517643569,0.9163223140495868,0.9163223140495868,0.0,0.9848574995994568,0.9849621653556824,-0.00010466575622558594,0.8957277536392212,0.5405142307281494,0.3552135229110718,0.8930361527018249,0.5171752702444792,0.3758608824573457
100,py,import,include,export,directional,0.7071067811865478,0.7071067811865478,0.0,0.8333333333333334,0.8333333333333334,0.0,0.8201534887325872,0.8627102494630958,-0.042556760730508625,0.864795918367347,0.864795918367347,0.0,0.9574844837188721,0.9836289882659912,-0.02614450454711914,0.4091971218585968,0.00056584517005831,0.4086312766885385,-0.03674370050430298,-0.9907979186391458,0.9540542181348428
219,py,class,type,module,close_entity,0.7611606003349888,0.7611606003349888,0.0,0.9166666666666666,0.9166666666666666,0.0,0.9085970812924067,0.9060971268315408,0.0024999544608659274,0.920940170940171,0.920940170940171,0.0,0.9919949173927307,0.99266117811203,-0.0006662607192993164,0.7232482433319092,0.7951850295066833,-0.07193678617477417,0.6972858346998692,0.7156821042299271,-0.018396269530057907
372,py,method,function,attribute,close_entity,0.9529500947560264,0.9529500947560264,0.0,0.9565217391304348,0.9565217391304348,0.0,0.9319741768125465,0.9317992598789421,0.00017491693360438543,0.8819444444444444,0.8819444444444444,0.0,0.9977695941925049,0.9933726787567139,0.004396915435791016,0.9554001092910767,0.3565082848072052,0.5988918244838715,0.9391667172312737,-0.18121525645256042,1.120381973683834
372,py,test,check,config,infrastructure,0.8576417730196241,0.8576417730196241,0.0,0.8695652173913043,0.8695652173913043,0.0,0.8617225905002636,0.8536471390412141,0.00807545145904942,0.625,0.625,0.0,0.9895192980766296,0.9774271249771118,0.012092173099517822,0.9271593689918518,0.007357352878898382,0.9198020161129534,0.9020883943885565,-0.9383434117771685,1.840431806165725
652,py,function,method,variable,close_entity,0.8578928092681432,0.8578928092681432,0.0,0.9411764705882353,0.9411764705882353,0.0,0.8444351089255694,0.8364686445439024,0.007966464381667038,0.943675509419454,0.943675509419454,0.0,0.9957566261291504,0.9898756146430969,0.005881011486053467,0.5811360478401184,0.0022778171114623547,0.578858230728656,0.18897485733032227,-0.9833965045399964,1.1723713618703187
727,py,bug,issue,feature,diagnostic,0.7071067811865478,0.7071067811865478,0.0,0.875,0.875,0.0,0.8575853895858829,0.8492882103132133,0.008297179272669597,0.864795918367347,0.864795918367347,0.0,0.9930902719497681,0.97929847240448,0.013791799545288086,0.9936609268188477,0.3378008306026459,0.6558600962162018,0.9922916017239913,-0.28468891978263855,1.2769805215066299
848,py,error,exception,warning,diagnostic,0.7071067811865478,0.7071067811865478,0.0,0.8571428571428571,0.8571428571428571,0.0,0.7947776899015178,0.7751473415037564,0.019630348397761344,0.864795918367347,0.864795918367347,0.0,0.9845699071884155,0.9896053671836853,-0.005035459995269775,0.997574508190155,0.9772870540618896,0.02028745412826538,0.9972311549063306,0.9766377200139686,0.020593434892361984
1105,py,function,method,variable,close_entity,0.8633400213704508,0.8633400213704508,0.0,0.875,0.875,0.0,0.8132680449396364,0.801056774163321,0.012211270776315453,0.8551587301587302,0.8551587301587302,0.0,0.9939981698989868,0.9832770228385925,0.010721147060394287,0.9162148833274841,0.33450767397880554,0.5817072093486786,0.9054839322343469,0.279453881084919,0.6260300511494279
1105,py,imports,includes,exports,directional,0.5969491792019644,0.5969491792019644,0.0,0.875,0.875,0.0,0.8038288848133693,0.8839868610728687,-0.08015797625949939,0.8412698412698414,0.8412698412698414,0.0,0.9787446856498718,0.990653395652771,-0.01190871000289917,0.9687473177909851,0.008535736240446568,0.9602115815505385,0.9641939252614975,-0.963752037845552,1.9279459631070495
1133,py,method,function,attribute,close_entity,0.7071067811865478,0.7071067811865478,0.0,0.8571428571428571,0.8571428571428571,0.0,0.7488205852460923,0.739204605734258,0.00961597951183435,0.864795918367347,0.864795918367347,0.0,0.99294114112854,0.9848976135253906,0.008043527603149414,0.949497401714325,0.6637357473373413,0.28576165437698364,0.9226518422365189,0.452427938580513,0.47022390365600586
1170,py,parameter,argument,constant,close_entity,0.8282477531331043,0.8282477531331043,0.0,0.9,0.9,0.0,0.821331469655243,0.8073013305490975,0.014030139106145478,0.9402573529411764,0.9402573529411764,0.0,0.9952610731124878,0.986366868019104,0.008894205093383789,0.9766501188278198,0.3952009081840515,0.5814492106437683,0.9728485157247633,-0.011323988437652588,0.9841725041624159
2252,py,functions,methods,variables,close_entity,0.8153551038173119,0.8153551038173119,0.0,0.9,0.9,0.0,0.8335354292762279,0.8252469531319148,0.008288476144313162,0.8950617283950617,0.8950617283950617,0.0,0.9962856769561768,0.9912671446800232,0.0050185322761535645,0.7965667843818665,0.0008492515189573169,0.7957175328629091,0.6647670418024063,-0.8890344455139711,1.5538014873163775
2400,py,arguments,parameters,keywords,close_entity,0.4889230224349009,0.4889230224349009,0.0,0.8571428571428571,0.8571428571428571,0.0,0.7678612916526211,0.7560730352142887,0.011788256438332367,0.8412698412698414,0.8412698412698414,0.0,0.9950810074806213,0.9835816025733948,0.011499404907226562,0.9879151582717896,0.18420462310314178,0.8037105351686478,0.9861465032445267,-0.38726069033145905,1.3734071935759857
2701,py,parameter,argument,constant,close_entity,0.7611606003349888,0.7611606003349888,0.0,0.9230769230769231,0.9230769230769231,0.0,0.8358154249769596,0.8228747146273047,0.012940710349654938,0.920940170940171,0.920940170940171,0.0,0.9792152643203735,0.9819307923316956,-0.0027155280113220215,0.9740675091743469,0.02466997504234314,0.9493975341320038,0.9722578680375591,-0.5394138991832733,1.5116717672208324
2760,py,argument,parameter,keyword,close_entity,0.7825422900366432,0.7825422900366432,0.0,0.9090909090909091,0.9090909090909091,0.0,0.8386484253228015,0.8307257977298886,0.007922627592912845,0.8950617283950617,0.8950617283950617,0.0,0.9813512563705444,0.9786453247070312,0.0027059316635131836,0.9860467314720154,0.31226277351379395,0.6737839579582214,0.9846845997963101,0.30354308523237705,0.681141514563933
2822,py,errors,exceptions,warnings,diagnostic,0.5969491792019644,0.5969491792019644,0.0,0.8571428571428571,0.8571428571428571,0.0,0.8159924588042535,0.7986148862068273,0.017377572597426227,0.8819444444444444,0.8819444444444444,0.0,0.9840759038925171,0.9878786206245422,-0.0038027167320251465,0.9591765403747559,0.23045752942562103,0.7287190109491348,0.9510351521894336,0.13246659934520721,0.8185685528442264
2832,py,imports,includes,exports,directional,0.7076534431960266,0.7076534431960266,0.0,0.8888888888888888,0.8888888888888888,0.0,0.8219433655785978,0.8951330219304353,-0.0731896563518375,0.8859592013888888,0.8859592013888888,0.0,0.9740917682647705,0.9917824268341064,-0.017690658569335938,0.05374657362699509,0.03132392466068268,0.02242264896631241,-0.7168725207448006,-0.7699705213308334,0.05309800058603287
2997,py,method,function,attribute,close_entity,0.5946035575013611,0.5946035575013611,0.0,0.875,0.875,0.0,0.7825566980014422,0.7786608055717481,0.0038958924296941255,0.864795918367347,0.864795918367347,0.0,0.9884275794029236,0.975197434425354,0.01323014497756958,0.9838501214981079,0.922542929649353,0.06130719184875488,0.9800565913319588,0.8872700221836567,0.09278656914830208
3086,py,parameter,argument,constant,close_entity,0.7348889200874659,0.7348889200874659,0.0,0.8571428571428571,0.8571428571428571,0.0,0.7381350822356059,0.718003420037132,0.020131662198473843,0.8950617283950617,0.8950617283950617,0.0,0.9933255910873413,0.9851890802383423,0.008136510848999023,0.9824497699737549,0.3302866518497467,0.6521631181240082,0.979933510068804,-0.07304456830024719,1.0529780783690512
3257,py,arguments,parameters,keywords,close_entity,0.7348889200874659,0.7348889200874659,0.0,0.9090909090909091,0.9090909090909091,0.0,0.8358686614714641,0.8277988731178367,0.008069788353627372,0.9139118457300276,0.9139118457300276,0.0,0.989955723285675,0.9819912910461426,0.00796443223953247,0.9797353744506836,0.6270908713340759,0.35264450311660767,0.9776522184256464,0.34022432565689087,0.6374278927687556
3257,py,tests,checks,configs,infrastructure,0.7691605673134587,0.7691605673134587,0.0,0.9090909090909091,0.9090909090909091,0.0,0.8876391846069639,0.8819118377300987,0.005727346876865158,0.9139118457300276,0.9139118457300276,0.0,0.9904598593711853,0.9761450886726379,0.014314770698547363,0.9951033592224121,0.966405987739563,0.02869737148284912,0.9944747008266859,0.945088516920805,0.0493861839058809
4111,py,methods,functions,attributes,close_entity,0.7071067811865478,0.7071067811865478,0.0,0.8571428571428571,0.8571428571428571,0.0,0.8146081587527688,0.8109160397766343,0.0036921189761345286,0.864795918367347,0.864795918367347,0.0,0.9927808046340942,0.9820007085800171,0.010780096054077148,0.9528614282608032,0.03588264808058739,0.9169787801802158,0.944766141474247,-0.45540500059723854,1.4001711420714855
4923,py,methods,functions,attributes,close_entity,0.7348889200874659,0.7348889200874659,0.0,0.9090909090909091,0.9090909090909091,0.0,0.8154012366182445,0.8119428021807018,0.003458434437542679,0.9139118457300276,0.9139118457300276,0.0,0.9927076101303101,0.9854229688644409,0.007284641265869141,0.9740442037582397,0.7336854934692383,0.24035871028900146,0.9729630858637393,0.6707305312156677,0.3022325546480715
4960,py,error,exception,warning,diagnostic,0.7071067811865478,0.7071067811865478,0.0,0.8571428571428571,0.8571428571428571,0.0,0.7947776899015178,0.7751473415037564,0.019630348397761344,0.864795918367347,0.864795918367347,0.0,0.9818506240844727,0.9864073395729065,-0.004556715488433838,0.9418845176696777,0.12375036627054214,0.8181341513991356,0.9267255235463381,-0.3121335729956627,1.2388590965420008
5125,py,argument,parameter,keyword,close_entity,0.8153551038173119,0.8153551038173119,0.0,0.9090909090909091,0.9090909090909091,0.0,0.7930837078413512,0.7827012897516876,0.010382418089663559,0.9363888888888889,0.9363888888888889,0.0,0.9940053224563599,0.9841464757919312,0.009858846664428711,0.981654167175293,0.5008136034011841,0.4808405637741089,0.9800685865338892,0.48550627660006285,0.4945623099338263
5336,py,functions,methods,variables,close_entity,0.8003203203845001,0.8003203203845001,0.0,0.9090909090909091,0.9090909090909091,0.0,0.8072271250206322,0.7978764933915294,0.009350631629102768,0.920940170940171,0.920940170940171,0.0,0.9956305027008057,0.9902048110961914,0.005425691604614258,0.983314037322998,0.6210830211639404,0.3622310161590576,0.9780182237736881,0.4847579747438431,0.493260249029845
5338,py,method,function,attribute,close_entity,0.7348889200874659,0.7348889200874659,0.0,0.9,0.9,0.0,0.8333731624239686,0.833286268504001,8.68939199676344e-05,0.8950617283950617,0.8950617283950617,0.0,0.9945402145385742,0.9834230542182922,0.011117160320281982,0.9818187355995178,0.9477825164794922,0.034036219120025635,0.9762048129923642,0.939395465888083,0.03680934710428119
5338,py,test,check,config,infrastructure,0.7348889200874659,0.7348889200874659,0.0,0.9,0.9,0.0,0.8722463262924424,0.8658231689724096,0.006423157320032735,0.8950617283950617,0.8950617283950617,0.0,0.9789828658103943,0.9508733153343201,0.02810955047607422,0.9947454929351807,0.049208417534828186,0.9455370754003525,0.9934843733208254,-0.1969979852437973,1.1904823585646227
5865,py,test,check,config,infrastructure,0.6888365053466561,0.6888365053466561,0.0,0.8333333333333334,0.8333333333333334,0.0,0.800053477419987,0.7903886435789392,0.00966483384104777,0.8922782735385176,0.8922782735385176,0.0,0.9876267910003662,0.9820955395698547,0.005531251430511475,0.08088642358779907,0.0035185383167117834,0.07736788527108729,-0.8198570609092712,-0.927331073442474,0.10747401253320277
5913,py,parameter,argument,constant,close_entity,0.8282477531331043,0.8282477531331043,0.0,0.9166666666666666,0.9166666666666666,0.0,0.8661844942325917,0.8555548262085879,0.01062966802400378,0.9402573529411764,0.9402573529411764,0.0,0.9942061305046082,0.9862236976623535,0.007982432842254639,0.974877655506134,0.40218406915664673,0.5726935863494873,0.972274457802996,0.39517163624987006,0.577102821553126
6194,py,comments,notes,commands,infrastructure,0.8843865924896839,0.8843865924896839,0.0,0.9473684210526315,0.9473684210526315,0.0,0.9273461983534322,0.9531563183974867,-0.025810120044054474,0.9580182734719597,0.9580182734719597,0.0,0.9962083101272583,0.9921126961708069,0.004095613956451416,0.8462811708450317,0.027885111048817635,0.8183960597962141,0.8438786398619413,0.023985778680071235,0.8198928611818701
6240,py,comment,note,command,infrastructure,0.8003203203845001,0.8003203203845001,0.0,0.8888888888888888,0.8888888888888888,0.0,0.8363070891943167,0.8950708422916551,-0.05876375309733839,0.9319727891156462,0.9224489795918368,0.009523809523809379,0.9944949746131897,0.9883571863174438,0.00613778829574585,0.9670184850692749,0.8847823143005371,0.08223617076873779,0.9658253112575039,0.878852064255625,0.08697324700187892
6302,py,tests,checks,configs,infrastructure,0.6580370064762461,0.6580370064762461,0.0,0.9,0.9,0.0,0.8746987951332302,0.8683850838700748,0.006313711263155386,0.8950617283950617,0.8950617283950617,0.0,0.9909384846687317,0.9763593673706055,0.01457911729812622,0.9715070724487305,0.006474715191870928,0.9650323572568595,0.9653887068852782,-0.8933580103330314,1.8587467172183096
6432,py,imports,includes,exports,directional,0.6606328636027612,0.6606328636027612,0.0,0.8888888888888888,0.8888888888888888,0.0,0.8038288848133693,0.8839868610728687,-0.08015797625949939,0.8819444444444444,0.8819444444444444,0.0,0.9799699783325195,0.991564154624939,-0.011594176292419434,0.9265976548194885,0.01896657608449459,0.9076310787349939,0.9065808989107609,-0.843562999740243,1.7501438986510038
6478,py,class,type,module,close_entity,0.5969491792019644,0.5969491792019644,0.0,0.875,0.875,0.0,0.7841525565615681,0.7796062299278251,0.004546326633742992,0.8819444444444444,0.8819444444444444,0.0,0.9868767261505127,0.9889110326766968,-0.002034306526184082,0.12238325923681259,0.007634678389877081,0.11474858084693551,-0.6715772524476051,-0.969003161881119,0.2974259094335139
7172,py,tests,checks,configs,infrastructure,0.7825422900366438,0.7825422900366438,0.0,0.875,0.875,0.0,0.8662392092126037,0.8583491423610087,0.00789006685159499,0.8950617283950617,0.8950617283950617,0.0,0.9738681316375732,0.9734353423118591,0.00043278932571411133,0.9619887471199036,0.0008271582773886621,0.9611615888425149,0.9563674316741526,-0.9445165745564736,1.9008840062306263
7483,py,parameters,arguments,constants,close_entity,0.5946035575013611,0.5946035575013611,0.0,0.8333333333333334,0.8333333333333334,0.0,0.7380728242905024,0.7169189381584375,0.021153886132064814,0.864795918367347,0.864795918367347,0.0,0.987942099571228,0.9837054014205933,0.004236698150634766,0.562905490398407,0.002805461408570409,0.5601000289898366,0.20453181862831116,-0.9829988579731435,1.1875306766014546
7573,py,import,include,export,directional,0.82651681837938,0.82651681837938,0.0,0.9166666666666666,0.9166666666666666,0.0,0.8655566815300003,0.920786468189495,-0.05522978665949474,0.9139118457300276,0.9139118457300276,0.0,0.9828605055809021,0.9848558902740479,-0.001995384693145752,0.8586340546607971,0.0006738569936715066,0.8579601976671256,0.7796576917171478,-0.992915186623577,1.7725728783407249
8054,py,class,type,module,close_entity,0.8070557274927979,0.8070557274927979,0.0,0.9,0.9,0.0,0.8752691018633236,0.8710584016760887,0.004210700187234906,0.9054545454545455,0.9054545454545455,0.0,0.9901423454284668,0.9912827014923096,-0.0011403560638427734,0.25953033566474915,0.020036745816469193,0.23949358984827995,-0.38173845410346985,-0.9212681762874126,0.5395297221839428
8054,py,test,check,config,infrastructure,0.7419446627365011,0.7419446627365011,0.0,0.9,0.9,0.0,0.855244419302389,0.8480772103702153,0.007167208932173708,0.9054545454545455,0.9054545454545455,0.0,0.9880352020263672,0.9832465052604675,0.004788696765899658,0.9329039454460144,0.0010786213679239154,0.9318253240780905,0.9265372138470411,-0.9807342133717611,1.9072714272188023
8054,py,tests,checks,configs,infrastructure,0.7016879391277372,0.7016879391277372,0.0,0.9,0.9,0.0,0.855244419302389,0.8480772103702153,0.007167208932173708,0.9054545454545455,0.9054545454545455,0.0,0.9898155331611633,0.9802227020263672,0.009592831134796143,0.985416829586029,0.26977360248565674,0.7156432271003723,0.9835735001834109,-0.22302880883216858,1.2066023090155795
8104,py,warning,alert,error,diagnostic,0.8843946454355333,0.8843946454355333,0.0,0.9090909090909091,0.9090909090909091,0.0,0.9012341235385157,0.8989999855961137,0.0022341379424020147,0.9319727891156462,0.9319727891156462,0.0,0.9948438405990601,0.9894579648971558,0.005385875701904297,0.9869400858879089,0.8808424472808838,0.10609763860702515,0.9863548068096861,0.8784524931106716,0.10790231369901448
8396,py,tests,checks,configs,infrastructure,0.6580370064762461,0.6580370064762461,0.0,0.9,0.9,0.0,0.8931556513642203,0.8876828167075523,0.005472834656667924,0.8950617283950617,0.8950617283950617,0.0,0.9884128570556641,0.9789270758628845,0.009485781192779541,0.9766556620597839,0.07432088255882263,0.9023347795009613,0.9742297017946839,-0.6302540600299835,1.6044837618246675
8874,py,function,method,variable,close_entity,0.8153551038173119,0.8153551038173119,0.0,0.9285714285714286,0.9285714285714286,0.0,0.84661608060023,0.8388806646698136,0.007735415930416378,0.9139118457300276,0.9139118457300276,0.0,0.9938250184059143,0.9893983602523804,0.0044266581535339355,0.8978394269943237,0.011719640344381332,0.8861197866499424,0.877841155976057,-0.9052672423422337,1.7831083983182907
9181,py,test,check,config,infrastructure,0.7825422900366432,0.7825422900366432,0.0,0.9090909090909091,0.9090909090909091,0.0,0.8815215724308101,0.8755151584020058,0.006006414028804308,0.9268808114961962,0.9268808114961962,0.0,0.9862669706344604,0.9785929322242737,0.007674038410186768,0.9718766808509827,0.4593762457370758,0.5125004351139069,0.9663980351760983,0.24874664843082428,0.7176513867452741
9400,py,error,exception,warning,diagnostic,0.6434588841607617,0.6434588841607617,0.0,0.8333333333333334,0.8333333333333334,0.0,0.7680191634123084,0.7454719580767375,0.022547205335570863,0.8412698412698414,0.8412698412698414,0.0,0.9825866222381592,0.9860026240348816,-0.003416001796722412,0.9781224727630615,0.9018509387969971,0.07627153396606445,0.9759898220654577,0.8907669503241777,0.08522287174127996
10135,py,parameter,argument,constant,close_entity,0.7419446627365011,0.7419446627365011,0.0,0.875,0.875,0.0,0.7238387792858709,0.7026848934722147,0.02115388581365618,0.8819444444444444,0.8819444444444444,0.0,0.9925055503845215,0.9818126559257507,0.010692894458770752,0.9952796697616577,0.23760609328746796,0.7576735764741898,0.9946137392544188,-0.3398803025484085,1.3344940418028273
10190,py,tests,checks,configs,infrastructure,0.7506238537503396,0.7506238537503396,0.0,0.8888888888888888,0.8888888888888888,0.0,0.8286265315571998,0.8203457925686786,0.008280738988521219,0.8819444444444444,0.8819444444444444,0.0,0.9781498908996582,0.97589111328125,0.002258777618408203,0.9888134598731995,0.21238639950752258,0.7764270603656769,0.9864925420843065,-0.1861017644405365,1.172594306524843
10320,py,parameter,argument,constant,close_entity,0.7348889200874659,0.7348889200874659,0.0,0.9,0.9,0.0,0.7681352553643817,0.750173471403653,0.017961783960728672,0.9139118457300276,0.9139118457300276,0.0,0.9894275665283203,0.9776541590690613,0.011773407459259033,0.9854975342750549,0.6731678247451782,0.3123297095298767,0.9793617581017315,0.40278658270835876,0.5765751753933728
10352,py,functions,methods,variables,close_entity,0.8921616972156083,0.8921616972156083,0.0,0.9444444444444444,0.9444444444444444,0.0,0.8758724315166733,0.8694342010373193,0.00643823047935399,0.9561624146604384,0.9561624146604384,0.0,0.9965647459030151,0.9946199059486389,0.0019448399543762207,0.8740784525871277,0.01727873831987381,0.8567997142672539,0.8654739987105131,-0.35310279577970505,1.2185767944902182
10352,py,import,include,export,directional,0.8787419089273847,0.8787419089273847,0.0,0.9444444444444444,0.9444444444444444,0.0,0.9028837859942973,0.9429082353313082,-0.04002444933701088,0.9561624146604384,0.9561624146604384,0.0,0.9885078072547913,0.9928697943687439,-0.004361987113952637,0.7755853533744812,0.16058474779129028,0.6150006055831909,0.6168287992477417,-0.5218714475631714,1.138700246810913
10490,py,function,method,variable,close_entity,0.8070557274927979,0.8070557274927979,0.0,0.9,0.9,0.0,0.805966472662129,0.796053968457565,0.00991250420456391,0.8819444444444444,0.8819444444444444,0.0,0.9952461123466492,0.987979531288147,0.007266581058502197,0.9524382948875427,0.015964506193995476,0.9364737886935472,0.9221454821527004,-0.9007642287760973,1.8229097109287977
10825,py,method,function,attribute,close_entity,0.6580370064762461,0.6580370064762461,0.0,0.875,0.875,0.0,0.8113307976419641,0.8113166381534321,1.4159488532006215e-05,0.864795918367347,0.864795918367347,0.0,0.9884032607078552,0.9830799102783203,0.005323350429534912,0.9855469465255737,0.91462641954422,0.07092052698135376,0.9828249481506646,0.9001136533915997,0.08271129475906491
10889,py,log,trace,output,infrastructure,0.5969491792019644,0.5969491792019644,0.0,0.8888888888888888,0.8888888888888888,0.0,0.8281354649900028,0.8278553564202437,0.0002801085697591299,0.8819444444444444,0.8819444444444444,0.0,0.9629324674606323,0.9675498008728027,-0.00461733341217041,0.7667237520217896,0.7846506834030151,-0.017926931381225586,0.7058787122368813,0.6778298392891884,0.02804887294769287
10925,py,error,exception,warning,diagnostic,0.7348889200874659,0.7348889200874659,0.0,0.8571428571428571,0.8571428571428571,0.0,0.8765603560090198,0.8653271611099691,0.011233194899050725,0.9139118457300276,0.9139118457300276,0.0,0.9917908906936646,0.9914363622665405,0.00035452842712402344,0.9685091376304626,0.8770955204963684,0.09141361713409424,0.9634411321021616,0.8611846379935741,0.1022564941085875
10938,py,tests,checks,configs,infrastructure,0.6434588841607617,0.6434588841607617,0.0,0.8333333333333334,0.8333333333333334,0.0,0.750943960366514,0.738841319974646,0.012102640391868036,0.8412698412698414,0.8412698412698414,0.0,0.9828156232833862,0.9719918966293335,0.010823726654052734,0.9917787909507751,0.001577533665113151,0.990201257285662,0.9908894562977366,-0.9743400440784171,1.9652295003761537
11547,py,imports,includes,exports,directional,0.5946035575013611,0.5946035575013611,0.0,0.8333333333333334,0.8333333333333334,0.0,0.6946065832508048,0.8182110562545346,-0.12360447300372979,0.864795918367347,0.864795918367347,0.0,0.969306468963623,0.985456109046936,-0.01614964008331299,0.9533637762069702,0.0006534619024023414,0.9527103143045679,0.9432731047272682,-0.9933297472307459,1.936602851958014
11781,py,function,method,variable,close_entity,0.8895260356363631,0.8895260356363631,0.0,0.9545454545454546,0.9545454545454546,0.0,0.9222986823858321,0.9180905799415343,0.004208102444297812,0.9597222222222221,0.9597222222222221,0.0,0.9967584609985352,0.9924410581588745,0.0043174028396606445,0.9442389011383057,0.005110809579491615,0.939128091558814,0.9432298305910081,-0.03510269708931446,0.9783325276803225
12379,py,log,trace,output,infrastructure,0.9036020036098446,0.9036020036098446,0.0,0.9090909090909091,0.9090909090909091,0.0,0.9401922956117887,0.9368965870588671,0.0032957085529216057,0.8993827160493828,0.8993827160493828,0.0,0.9772993922233582,0.9912030696868896,-0.013903677463531494,0.19896748661994934,0.472698450088501,-0.27373096346855164,-0.055860161781311035,0.35978710651397705,-0.4156472682952881
12601,py,function,method,variable,close_entity,0.7825422900366438,0.7825422900366438,0.0,0.875,0.875,0.0,0.8195431102635703,0.8088628918207741,0.010680218442796208,0.864795918367347,0.864795918367347,0.0,0.9917500615119934,0.983532190322876,0.008217871189117432,0.8750053644180298,0.00866690557450056,0.8663384588435292,0.8478555846959352,-0.9386495025828481,1.7865050872787833
12878,py,tests,checks,configs,infrastructure,0.6434588841607617,0.6434588841607617,0.0,0.8333333333333334,0.8333333333333334,0.0,0.8389362048116696,0.8296703921086122,0.009265812703057485,0.8412698412698414,0.8412698412698414,0.0,0.984813392162323,0.9726480841636658,0.012165307998657227,0.9784961938858032,0.006259802728891373,0.9722363911569118,0.9731904859654605,-0.8541783653199673,1.8273688512854278
13368,py,parameters,arguments,constants,close_entity,0.8153551038173119,0.8153551038173119,0.0,0.9,0.9,0.0,0.8244292937484815,0.8106314727446153,0.013797821003866173,0.9054545454545455,0.9054545454545455,0.0,0.9963853359222412,0.9912111163139343,0.005174219608306885,0.9634249806404114,0.006545839365571737,0.9568791412748396,0.9523738212883472,-0.41129890317097306,1.3636727244593203
14244,py,function,method,variable,close_entity,0.6606328636027612,0.6606328636027612,0.0,0.8888888888888888,0.8888888888888888,0.0,0.8072271250206322,0.7978764933915294,0.009350631629102768,0.8819444444444444,0.8819444444444444,0.0,0.9943092465400696,0.9860769510269165,0.008232295513153076,0.9408048987388611,0.1034107431769371,0.837394155561924,0.9127841051667929,-0.5635422244668007,1.4763263296335936
14244,py,error,exception,warning,diagnostic,0.5969491792019644,0.5969491792019644,0.0,0.8888888888888888,0.8888888888888888,0.0,0.8622454453137038,0.8495981657082536,0.012647279605450201,0.8819444444444444,0.8819444444444444,0.0,0.984789252281189,0.9858774542808533,-0.0010882019996643066,0.991567075252533,0.949799656867981,0.041767418384552,0.990536282537505,0.9493285666685551,0.04120771586894989
14301,py,function,method,variable,close_entity,0.7071067811865478,0.7071067811865478,0.0,0.8571428571428571,0.8571428571428571,0.0,0.8111152600645039,0.8000300662370011,0.011085193827502726,0.864795918367347,0.864795918367347,0.0,0.9858442544937134,0.9777581095695496,0.008086144924163818,0.8624878525733948,0.140251025557518,0.7222368270158768,0.8351083863526583,-0.6155567318201065,1.4506651181727648
14316,py,argument,parameter,keyword,close_entity,0.8985396083419644,0.8985396083419644,0.0,0.9444444444444444,0.9444444444444444,0.0,0.8838744415720234,0.8782940767334653,0.005580364838558172,0.9519047619047619,0.9519047619047619,0.0,0.9977583885192871,0.9925625324249268,0.0051958560943603516,0.9521366953849792,0.2696688175201416,0.6824678778648376,0.9512795133632608,0.26706526754423976,0.684214245819021
14322,py,methods,functions,attributes,close_entity,0.82651681837938,0.82651681837938,0.0,0.9,0.9,0.0,0.8810392638707917,0.8782901538788229,0.0027491099919687567,0.9139118457300276,0.9139118457300276,0.0,0.9952313303947449,0.9902238249778748,0.005007505416870117,0.787826418876648,0.0010244859149679542,0.78680193296168,0.7480101510882378,-0.3870703565189615,1.1350805076071993
14322,py,class,type,module,close_entity,0.7691605673134587,0.7691605673134587,0.0,0.9,0.9,0.0,0.8838632880355272,0.8859841267420617,-0.002120838706534567,0.9139118457300276,0.9139118457300276,0.0,0.9892410039901733,0.9922453165054321,-0.003004312515258789,0.1818246841430664,0.0029990291222929955,0.1788256550207734,-0.12242978811264038,-0.7974375868216157,0.6750077987089753
14324,py,function,method,variable,close_entity,0.7016879391277372,0.7016879391277372,0.0,0.8888888888888888,0.8888888888888888,0.0,0.7812969331250263,0.7709647836749411,0.010332149450085204,0.9054545454545455,0.9054545454545455,0.0,0.9912365674972534,0.9880306720733643,0.00320589542388916,0.9805966019630432,0.1586812138557434,0.8219153881072998,0.972865853458643,-0.5716224312782288,1.5444882847368717
14324,py,error,exception,warning,diagnostic,0.8931539818068699,0.8931539818068699,0.0,0.8888888888888888,0.8888888888888888,0.0,0.8996036109411945,0.8856335717549699,0.013970039186224525,0.9086363636363638,0.9086363636363638,0.0,0.9844099879264832,0.966717004776001,0.017692983150482178,0.9039701819419861,0.6341819167137146,0.2697882652282715,0.8995752320624888,0.6040868777781725,0.2954883542843163
14444,py,argument,parameter,keyword,close_entity,0.8423626743789745,0.8423626743789745,0.0,0.9230769230769231,0.9230769230769231,0.0,0.8824419750504694,0.8767889105665319,0.005653064483937542,0.920940170940171,0.920940170940171,0.0,0.9845821261405945,0.9728189706802368,0.011763155460357666,0.6272579431533813,0.06691448390483856,0.5603434592485428,0.5262352004647255,-0.6769134551286697,1.2031486555933952
14444,py,tests,checks,configs,infrastructure,0.7611606003349888,0.7611606003349888,0.0,0.9230769230769231,0.9230769230769231,0.0,0.9194989267030346,0.9152791344407823,0.00421979226225222,0.920940170940171,0.920940170940171,0.0,0.9879658222198486,0.9731513857841492,0.014814436435699463,0.9803794622421265,0.7025865316390991,0.27779293060302734,0.9780799716245383,0.5605433583259583,0.41753661329858005
14688,py,function,method,variable,close_entity,0.7691605673134587,0.7691605673134587,0.0,0.9166666666666666,0.9166666666666666,0.0,0.8489891888774236,0.8413558897042216,0.007633299173201991,0.9139118457300276,0.9139118457300276,0.0,0.9950834512710571,0.9891694784164429,0.005913972854614258,0.725648820400238,0.015071948990225792,0.7105768714100122,0.5712584406137466,-0.6688634548336267,1.2401218954473734
14688,py,parameter,argument,constant,close_entity,0.82651681837938,0.82651681837938,0.0,0.9166666666666666,0.9166666666666666,0.0,0.8434302969365862,0.8310656452539982,0.012364651682588046,0.9139118457300276,0.9139118457300276,0.0,0.9897019267082214,0.9827181696891785,0.006983757019042969,0.07808703184127808,0.0042206402868032455,0.07386639155447483,-0.5134937763214111,-0.537131929770112,0.023638153448700905
14688,py,parameters,arguments,constants,close_entity,0.7348889200874659,0.7348889200874659,0.0,0.9166666666666666,0.9166666666666666,0.0,0.8434302969365862,0.8310656452539982,0.012364651682588046,0.9139118457300276,0.9139118457300276,0.0,0.9873126745223999,0.9864073395729065,0.0009053349494934082,0.619447648525238,0.009945284575223923,0.6095023639500141,0.37246929109096527,-0.6845402605831623,1.0570095516741276
14756,py,tests,checks,configs,infrastructure,0.7016879391277372,0.7016879391277372,0.0,0.875,0.875,0.0,0.867041339532936,0.8603876720918875,0.006653667441048561,0.8819444444444444,0.8819444444444444,0.0,0.9845016598701477,0.977752685546875,0.006748974323272705,0.9766516089439392,0.44134414196014404,0.5353074669837952,0.968276503495872,-0.031022489070892334,0.9992989925667644
14847,py,comment,note,command,infrastructure,0.5946035575013611,0.5946035575013611,0.0,0.8333333333333334,0.8333333333333334,0.0,0.7279823091949709,0.8268284266634148,-0.09884611746844396,0.864795918367347,0.864795918367347,0.0,0.9760403633117676,0.9592151045799255,0.01682525873184204,0.08476627618074417,0.0024679801426827908,0.08229829603806138,-0.6898830458521843,-0.9463913538493216,0.2565083079971373
15330,py,import,include,export,directional,0.9193227152249175,0.9193227152249175,0.0,0.9,0.9,0.0,0.8894576028840633,0.9632666556781088,-0.07380905279404548,0.8993827160493828,0.8993827160493828,0.0,0.9864795207977295,0.9901950359344482,-0.00371551513671875,0.9115768074989319,0.0476163886487484,0.8639604188501835,0.8648890741169453,-0.8886213637888432,1.7535104379057884
15962,py,log,trace,output,infrastructure,0.6434588841607617,0.6434588841607617,0.0,0.8333333333333334,0.8333333333333334,0.0,0.7839637766777539,0.7838451016228309,0.00011867505492291208,0.8412698412698414,0.8412698412698414,0.0,0.9751274585723877,0.9751710891723633,-4.363059997558594e-05,0.08147842437028885,0.010481520555913448,0.0709969038143754,-0.7264441177248955,-0.9044796386733651,0.17803552094846964
16076,py,error,exception,warning,diagnostic,0.8070557274927979,0.8070557274927979,0.0,0.9,0.9,0.0,0.8250335486873503,0.8086000830783232,0.016433465609027142,0.9054545454545455,0.9054545454545455,0.0,0.9854109883308411,0.984549880027771,0.0008611083030700684,0.9889983534812927,0.7750782370567322,0.21392011642456055,0.9874535460257903,0.7602350199595094,0.2272185260662809
16729,py,class,type,module,close_entity,0.8931539818068699,0.8931539818068699,0.0,0.9090909090909091,0.9090909090909091,0.0,0.8983875750975189,0.8941654028274745,0.0042221722700444,0.9086363636363638,0.896818181818182,0.011818181818181839,0.9900978803634644,0.987669825553894,0.0024280548095703125,0.4978545308113098,0.09588494896888733,0.4019695818424225,0.40984316170215607,-0.29309043288230896,0.702933594584465
17246,py,function,method,variable,close_entity,0.8371170098777919,0.8371170098777919,0.0,0.9230769230769231,0.9230769230769231,0.0,0.8390267667351626,0.8309684471098175,0.00805831962534509,0.9139118457300276,0.9139118457300276,0.0,0.9966644048690796,0.9932372570037842,0.00342714786529541,0.9279567003250122,0.0032302208710461855,0.924726479453966,0.9252384076826274,-0.8741384677123278,1.7993768753949553
17624,py,parameter,argument,constant,close_entity,0.7691605673134587,0.7691605673134587,0.0,0.9,0.9,0.0,0.8147956091728278,0.8002765445299871,0.014519064642840696,0.8950617283950617,0.8950617283950617,0.0,0.9939802885055542,0.9800919890403748,0.013888299465179443,0.9849445223808289,0.24805662035942078,0.7368879020214081,0.982926469296217,-0.37898680567741394,1.361913274973631
18068,py,method,function,attribute,close_entity,0.9253911813809742,0.9253911813809742,0.0,0.9230769230769231,0.9230769230769231,0.0,0.9062640735402059,0.9034788290446429,0.002785244495562944,0.9228098290598291,0.9228098290598291,0.0,0.9963223934173584,0.9888653755187988,0.00745701789855957,0.9639922976493835,0.7877175211906433,0.17627477645874023,0.9625885777641088,0.7835823893547058,0.17900618840940297
18706,py,function,method,variable,close_entity,0.7419446627365011,0.7419446627365011,0.0,0.9,0.9,0.0,0.8245574389730571,0.8158989652613216,0.00865847371173556,0.9054545454545455,0.9054545454545455,0.0,0.9919133186340332,0.9848440885543823,0.007069230079650879,0.9940744042396545,0.8804866671562195,0.11358773708343506,0.9936458049633075,0.8381012715399265,0.15554453342338093
19003,py,parameter,argument,constant,close_entity,0.5946035575013611,0.5946035575013611,0.0,0.8333333333333334,0.8333333333333334,0.0,0.6585659537695512,0.6328398546263546,0.025726099143196568,0.864795918367347,0.864795918367347,0.0,0.9750534296035767,0.9741362929344177,0.0009171366691589355,0.9901521801948547,0.6254788637161255,0.36467331647872925,0.9869312013033777,0.541912168264389,0.4450190330389887
19394,py,methods,functions,attributes,close_entity,0.8578928092681438,0.8578928092681438,0.0,0.9444444444444444,0.9444444444444444,0.0,0.9020199347469707,0.8999726574798581,0.002047277267112624,0.9494459833795015,0.9494459833795015,0.0,0.9960244297981262,0.9917179942131042,0.004306435585021973,0.7643516063690186,0.001697729923762381,0.7626538764452562,0.6601200848817825,-0.904607106349431,1.5647271912312135
19394,py,class,type,module,close_entity,0.8578928092681438,0.8578928092681438,0.0,0.9444444444444444,0.9444444444444444,0.0,0.9159653291220577,0.9136356542047211,0.0023296749173365994,0.9494459833795015,0.9494459833795015,0.0,0.9922361373901367,0.9935746788978577,-0.0013385415077209473,0.9638715982437134,0.11177034676074982,0.8521012514829636,0.9617052285466343,-0.5694761723279953,1.5311814008746296
20080,py,tests,checks,configs,infrastructure,0.7419446627365011,0.7419446627365011,0.0,0.8888888888888888,0.8888888888888888,0.0,0.846337598703622,0.8381654798712997,0.008172118832322273,0.9054545454545455,0.9054545454545455,0.0,0.9848856329917908,0.9753168821334839,0.009568750858306885,0.7042016983032227,0.003744172863662243,0.7004575254395604,0.5654615312814713,-0.9224254610016942,1.4878869922831655
20249,py,methods,functions,attributes,close_entity,0.9121679090703875,0.9121679090703875,0.0,0.9230769230769231,0.9230769230769231,0.0,0.8760587998332405,0.8729346656355221,0.003124134197718398,0.9228098290598291,0.9228098290598291,0.0,0.9902639389038086,0.9886059165000916,0.001658022403717041,0.930895984172821,0.6133319735527039,0.3175640106201172,0.9284700693096966,0.5252096578478813,0.40326041146181524
20980,py,function,method,variable,close_entity,0.4889230224349009,0.4889230224349009,0.0,0.8571428571428571,0.8571428571428571,0.0,0.7096553948736707,0.6969467916159092,0.012708603257761464,0.8412698412698414,0.8412698412698414,0.0,0.9802648425102234,0.9839924573898315,-0.0037276148796081543,0.9921787977218628,0.6342105865478516,0.35796821117401123,0.991104494780302,0.525117039680481,0.4659874550998211
22291,py,methods,functions,attributes,close_entity,0.5000000000000001,0.5000000000000001,0.0,0.875,0.875,0.0,0.7768839797030545,0.7729179669318491,0.003966012771205341,0.864795918367347,0.864795918367347,0.0,0.9932623505592346,0.9785256385803223,0.014736711978912354,0.9331948757171631,0.013592925854027271,0.9196019498631358,0.9158264920115471,-0.7970180241391063,1.7128445161506534
22291,py,imports,includes,exports,directional,0.7071067811865478,0.7071067811865478,0.0,0.875,0.875,0.0,0.7986909320191148,0.8855412722389615,-0.08685034021984672,0.864795918367347,0.864795918367347,0.0,0.9631987810134888,0.9886954426765442,-0.02549666166305542,0.9866625666618347,0.0012736201751977205,0.985388946486637,0.9806516645476222,-0.984019112540409,1.9646707770880312
22463,py,test,check,config,infrastructure,0.4832697830906221,0.4832697830906221,0.0,0.7142857142857143,0.7142857142857143,0.0,0.6691710926095118,0.6528010812994711,0.016370011310040677,0.6371428571428571,0.6371428571428571,0.0,0.9712414145469666,0.9642804265022278,0.0069609880447387695,0.9851337671279907,0.027962760999798775,0.957171006128192,0.9812458336818963,-0.8967599105089903,1.8780057441908866
23059,py,warning,alert,error,diagnostic,0.7348889200874659,0.7348889200874659,0.0,0.875,0.875,0.0,0.7893152951949935,0.7855783702545182,0.0037369249404753946,0.8950617283950617,0.8950617283950617,0.0,0.9809417128562927,0.9815871715545654,-0.0006454586982727051,0.9932727813720703,0.9089696407318115,0.08430314064025879,0.9917657122714445,0.8689019717276096,0.12286374054383487
23097,py,errors,exceptions,warnings,diagnostic,0.7016879391277372,0.7016879391277372,0.0,0.9090909090909091,0.9090909090909091,0.0,0.894780126389485,0.8853129254962275,0.009467200893257477,0.9054545454545455,0.9054545454545455,0.0,0.9890445470809937,0.9894329309463501,-0.0003883838653564453,0.18088960647583008,0.49175962805747986,-0.3108700215816498,0.1763918367214501,0.48729865811765194,-0.31090682139620185
23519,py,method,function,attribute,close_entity,0.961284287232436,0.961284287232436,0.0,0.975609756097561,0.975609756097561,0.0,0.9503229739903526,0.949225014847877,0.0010979591424755686,0.9786831838474843,0.9786831838474843,0.0,0.9953958988189697,0.9933378100395203,0.002058088779449463,0.9014517664909363,0.7796104550361633,0.12184131145477295,0.8903320115059614,0.6578046008944511,0.23252741061151028
23762,py,errors,exceptions,warnings,diagnostic,0.8931539818068699,0.8931539818068699,0.0,0.9090909090909091,0.9090909090909091,0.0,0.9075052770723872,0.8966787898334228,0.0108264872389644,0.9086363636363638,0.9086363636363638,0.0,0.9909772872924805,0.9815967679023743,0.009380519390106201,0.9588204622268677,0.8666764497756958,0.09214401245117188,0.9539505648426712,0.8591694789938629,0.09478108584880829
24017,py,error,exception,warning,diagnostic,0.7910665071754353,0.7910665071754353,0.0,0.9,0.9,0.0,0.8567055617375398,0.8435047276967939,0.013200834040745901,0.9139118457300276,0.9139118457300276,0.0,0.9924407005310059,0.9943364262580872,-0.0018957257270812988,0.9940098524093628,0.9003738164901733,0.09363603591918945,0.9937698008288862,0.899616596987471,0.09415320384141523
24666,py,warning,alert,error,diagnostic,0.7506238537503396,0.7506238537503396,0.0,0.875,0.875,0.0,0.7841193285367322,0.7802966938992683,0.0038226346374639064,0.8819444444444444,0.8819444444444444,0.0,0.9883905649185181,0.9838842153549194,0.004506349563598633,0.9983876943588257,0.581426739692688,0.4169609546661377,0.9981239385961089,0.2350950539112091,0.7630288846848998
24903,py,bug,issue,feature,diagnostic,0.82651681837938,0.82651681837938,0.0,0.8888888888888888,0.8888888888888888,0.0,0.8999134807764729,0.8911904594007861,0.008723021375686812,0.9139118457300276,0.9139118457300276,0.0,0.9948960542678833,0.9894720911979675,0.0054239630699157715,0.9856260418891907,0.02769768051803112,0.9579283613711596,0.9850180501816794,-0.8622095603495836,1.847227610531263
25648,py,bugs,issues,features,diagnostic,0.7348889200874659,0.7348889200874659,0.0,0.8888888888888888,0.8888888888888888,0.0,0.8221853197904807,0.8123287241054714,0.009856595685009295,0.9139118457300276,0.9139118457300276,0.0,0.9946267604827881,0.9905596971511841,0.004067063331604004,0.9619707465171814,0.001730574993416667,0.9602401715237647,0.9522009314969182,-0.9741816979367286,1.9263826294336468
25648,py,tests,checks,configs,infrastructure,0.7348889200874659,0.7348889200874659,0.0,0.8888888888888888,0.8888888888888888,0.0,0.7965400491249945,0.7869997368301973,0.009540312294797237,0.9139118457300276,0.9139118457300276,0.0,0.9900633692741394,0.9816985130310059,0.008364856243133545,0.9866998195648193,0.03662468492984772,0.9500751346349716,0.9816124686039984,-0.8667728751897812,1.8483853437937796
25656,py,import,include,export,directional,0.9121679090703875,0.9121679090703875,0.0,0.9230769230769231,0.9230769230769231,0.0,0.8914483247250115,0.9639297856515837,-0.07248146092657226,0.9228098290598291,0.9228098290598291,0.0,0.9873374104499817,0.9785984754562378,0.008738934993743896,0.995566189289093,0.003433218225836754,0.9921329710632563,0.9948085890500806,-0.9772723410278559,1.9720809300779365
25656,py,imports,includes,exports,directional,0.7611606003349888,0.7611606003349888,0.0,0.9230769230769231,0.9230769230769231,0.0,0.8606876559665065,0.917893569547509,-0.057205913581002465,0.920940170940171,0.920940170940171,0.0,0.9645603895187378,0.9847874641418457,-0.02022707462310791,0.9096955060958862,0.0037375474348664284,0.9059579586610198,0.8963573444634676,-0.9345082258805633,1.8308655703440309
25699,py,function,method,variable,close_entity,0.8843865924896839,0.8843865924896839,0.0,0.9473684210526315,0.9473684210526315,0.0,0.8742738531019032,0.8677625899973038,0.006511263104599374,0.9494459833795015,0.9494459833795015,0.0,0.9964014887809753,0.9911162257194519,0.0052852630615234375,0.9694858193397522,0.6900188326835632,0.27946698665618896,0.9646776663139462,0.6615021023899317,0.30317556392401457
25699,py,functions,methods,variables,close_entity,0.9554427922043663,0.9554427922043663,0.0,0.9473684210526315,0.9473684210526315,0.0,0.8960355854214245,0.8894112352302262,0.006624350191198225,0.9499307479224378,0.9499307479224378,0.0,0.9953961968421936,0.9913526177406311,0.0040435791015625,0.6494766473770142,0.06700854003429413,0.58246810734272,0.6424195356667042,0.044200969859957695,0.5982185658067465
25885,py,test,check,config,infrastructure,0.7071067811865478,0.7071067811865478,0.0,0.8888888888888888,0.8888888888888888,0.0,0.8696958417185683,0.8631594317261466,0.006536409992421666,0.8950617283950617,0.8950617283950617,0.0,0.9816339015960693,0.9768310785293579,0.004802823066711426,0.980987548828125,0.024329856038093567,0.9566576927900314,0.9788094095420092,-0.9047800153493881,1.8835894248913974
25950,py,arguments,parameters,keywords,close_entity,0.5969491792019644,0.5969491792019644,0.0,0.8888888888888888,0.8888888888888888,0.0,0.7884879341182445,0.777851730948235,0.010636203170009462,0.8819444444444444,0.8819444444444444,0.0,0.980912446975708,0.9805135726928711,0.00039887428283691406,0.6767504811286926,0.1167173758149147,0.5600331053137779,0.658028231933713,-0.2995401844382286,0.9575684163719416
26457,py,tests,checks,configs,infrastructure,0.7611606003349888,0.7611606003349888,0.0,0.8888888888888888,0.8888888888888888,0.0,0.8696958417185683,0.8631594317261466,0.006536409992421666,0.9054545454545455,0.9054545454545455,0.0,0.9857308864593506,0.9811509847640991,0.004579901695251465,0.9565629959106445,0.147030308842659,0.8095326870679855,0.9519470985978842,-0.3668637126684189,1.318810811266303
26747,py,parameter,argument,constant,close_entity,0.5000000000000001,0.5000000000000001,0.0,0.875,0.875,0.0,0.7078882193349778,0.6856027267938117,0.022285492541166074,0.864795918367347,0.864795918367347,0.0,0.9825199842453003,0.9840642809867859,-0.0015442967414855957,0.9606122374534607,0.4774276912212372,0.4831845462322235,0.9425952471792698,0.22430437803268433,0.7182908691465855
26964,py,test,check,config,infrastructure,0.803154665668484,0.803154665668484,0.0,0.8333333333333334,0.8333333333333334,0.0,0.7947957019469469,0.7826404634359524,0.012155238510994537,0.8880208333333333,0.8880208333333333,0.0,0.9832991361618042,0.97971111536026,0.0035880208015441895,0.05198660492897034,0.004614008124917746,0.04737259680405259,-0.8688862025737762,-0.9495748155750334,0.08068861300125718
28438,py,argument,parameter,keyword,close_entity,0.8153551038173119,0.8153551038173119,0.0,0.8888888888888888,0.8888888888888888,0.0,0.816944964397925,0.8078633786812719,0.009081585716653073,0.9139118457300276,0.9139118457300276,0.0,0.9957274198532104,0.9936352372169495,0.0020921826362609863,0.9764469861984253,0.6710437536239624,0.3054032325744629,0.9710727082565427,0.6611456647515297,0.309927043505013
28595,py,error,exception,warning,diagnostic,0.537284965911771,0.537284965911771,0.0,0.8333333333333334,0.8333333333333334,0.0,0.7947776899015178,0.7751473415037564,0.019630348397761344,0.8066666666666668,0.8066666666666668,0.0,0.9753166437149048,0.9836447238922119,-0.008328080177307129,0.9914665222167969,0.9854699373245239,0.005996584892272949,0.9905061596655287,0.9848837786121294,0.005622381053399295
28632,py,class,type,module,close_entity,0.7016879391277372,0.7016879391277372,0.0,0.9090909090909091,0.9090909090909091,0.0,0.8692963732435879,0.8659808215706417,0.003315551672946171,0.9054545454545455,0.9054545454545455,0.0,0.9816192984580994,0.9881629943847656,-0.00654369592666626,0.9452152848243713,0.8254344463348389,0.11978083848953247,0.9369001742452383,0.7238443791866302,0.21305579505860806
29134,py,error,exception,warning,diagnostic,0.7348889200874659,0.7348889200874659,0.0,0.875,0.875,0.0,0.8441704001318834,0.8297040040289939,0.014466396102889467,0.864795918367347,0.864795918367347,0.0,0.9854354858398438,0.9793792366981506,0.006056249141693115,0.9727576971054077,0.9007158279418945,0.07204186916351318,0.9676989153958857,0.8517914041876793,0.11590751120820642
29879,py,function,method,variable,close_entity,0.4889230224349009,0.4889230224349009,0.0,0.8571428571428571,0.8571428571428571,0.0,0.7472928485143168,0.7357715051874232,0.011521343326893585,0.8412698412698414,0.8412698412698414,0.0,0.9865272641181946,0.9706698060035706,0.015857458114624023,0.9834225177764893,0.607262909412384,0.3761596083641052,0.9778831643052399,0.299579918384552,0.6783032459206879
30279,py,test,check,config,infrastructure,0.6606328636027612,0.6606328636027612,0.0,0.8571428571428571,0.8571428571428571,0.0,0.8084947842447385,0.7994132344582582,0.009081549786480347,0.8819444444444444,0.8819444444444444,0.0,0.9892809391021729,0.9620635509490967,0.027217388153076172,0.9946980476379395,0.1747707575559616,0.8199272900819778,0.993825841229409,-0.14952944219112396,1.143355283420533
30406,py,method,function,attribute,close_entity,0.6434588841607617,0.6434588841607617,0.0,0.8333333333333334,0.8333333333333334,0.0,0.740799854605585,0.7353331538687342,0.005466700736850738,0.8412698412698414,0.8412698412698414,0.0,0.9926794767379761,0.9810260534286499,0.011653423309326172,0.9548482298851013,0.11496096104383469,0.8398872688412666,0.9468897087499499,-0.5305851772427559,1.4774748859927058
30584,py,method,function,attribute,close_entity,0.5969491792019644,0.5969491792019644,0.0,0.8888888888888888,0.8888888888888888,0.0,0.8533562690638975,0.8504702077837636,0.0028860612801339114,0.8819444444444444,0.8819444444444444,0.0,0.9947430491447449,0.988284707069397,0.0064583420753479,0.9814010858535767,0.9118422865867615,0.06955879926681519,0.9791056418325752,0.8910166006535292,0.08808904117904603
30601,py,method,function,attribute,close_entity,0.8656030552541704,0.8656030552541704,0.0,0.9444444444444444,0.9444444444444444,0.0,0.8848993781750499,0.8847193604353316,0.00018001773971831891,0.9467186484730344,0.9467186484730344,0.0,0.9962769746780396,0.9923946261405945,0.0038823485374450684,0.9848440289497375,0.940032422542572,0.04481160640716553,0.9834505076287314,0.9371503232978284,0.046300184330902994
30793,py,import,include,export,directional,0.8153551038173119,0.8153551038173119,0.0,0.9230769230769231,0.9230769230769231,0.0,0.8655566815300003,0.920786468189495,-0.05522978665949474,0.9268808114961962,0.9268808114961962,0.0,0.9911272525787354,0.9915155172348022,-0.00038826465606689453,0.6167425513267517,0.21482279896736145,0.40191975235939026,0.5301670655608177,-0.31028756499290466,0.8404546305537224
30819,py,tests,checks,configs,infrastructure,0.6580370064762461,0.6580370064762461,0.0,0.8888888888888888,0.8888888888888888,0.0,0.8613937176316244,0.8544926591715393,0.006901058460085152,0.8950617283950617,0.8950617283950617,0.0,0.9872875809669495,0.9739583730697632,0.01332920789718628,0.9895859360694885,0.04360143840312958,0.945984497666359,0.9867218246217817,-0.7839840799570084,1.77070590457879
30978,py,argument,parameter,keyword,close_entity,0.8394327083733333,0.8394327083733333,0.0,0.9411764705882353,0.9411764705882353,0.0,0.8838744415720234,0.8782940767334653,0.005580364838558172,0.943675509419454,0.943675509419454,0.0,0.9961507320404053,0.9889920949935913,0.007158637046813965,0.9796279668807983,0.03618592768907547,0.9434420391917229,0.9737205165438354,-0.7949276491999626,1.768648165743798
31534,py,methods,functions,attributes,close_entity,0.82651681837938,0.82651681837938,0.0,0.9,0.9,0.0,0.8561416529751669,0.8529169511583706,0.0032247018167962382,0.9139118457300276,0.9139118457300276,0.0,0.9946343302726746,0.9881008863449097,0.006533443927764893,0.8614453077316284,0.09274934232234955,0.7686959654092789,0.7865316271781921,-0.5794508010149002,1.3659824281930923
31683,py,function,method,variable,close_entity,0.8003203203845001,0.8003203203845001,0.0,0.9,0.9,0.0,0.8245574389730571,0.8158989652613216,0.00865847371173556,0.9268808114961962,0.9268808114961962,0.0,0.9928891658782959,0.991376519203186,0.0015126466751098633,0.9194654822349548,0.6301686763763428,0.28929680585861206,0.9041962018236518,0.48014774918556213,0.42404845263808966
31740,py,errors,exceptions,warnings,diagnostic,0.7506238537503396,0.7506238537503396,0.0,0.875,0.875,0.0,0.8503804180909144,0.8342065914940123,0.01617382659690203,0.8819444444444444,0.8819444444444444,0.0,0.9832092523574829,0.9869229793548584,-0.0037137269973754883,0.8086435198783875,0.12320326268672943,0.685440257191658,0.7237123250961304,-0.13422460854053497,0.8579369336366653
31864,py,argument,parameter,keyword,close_entity,0.8282477531331043,0.8282477531331043,0.0,0.9285714285714286,0.9285714285714286,0.0,0.8599878463746233,0.8531825384911579,0.00680530788346545,0.9402573529411764,0.9402573529411764,0.0,0.9956875443458557,0.9895871877670288,0.006100356578826904,0.9842585325241089,0.9543416500091553,0.029916882514953613,0.9836818548501469,0.9523755968548357,0.03130625799531117
31864,py,log,trace,output,infrastructure,0.8282477531331043,0.8282477531331043,0.0,0.9285714285714286,0.9285714285714286,0.0,0.9137010066822613,0.9133845804850964,0.0003164261971648763,0.9402573529411764,0.9402573529411764,0.0,0.991949200630188,0.9919161796569824,3.3020973205566406e-05,0.4112511873245239,0.8862695097923279,-0.47501832246780396,0.17040549218654633,0.8829288398846984,-0.7125233476981521
32245,py,tests,checks,configs,infrastructure,0.3799178428257963,0.3799178428257963,0.0,0.8333333333333334,0.8333333333333334,0.0,0.7829890993380567,0.7729438311715756,0.010045268166481103,0.8066666666666668,0.8066666666666668,0.0,0.9771431684494019,0.9598594903945923,0.01728367805480957,0.9931136965751648,0.08888880163431168,0.9042248949408531,0.9912194245262071,-0.5061366185545921,1.4973560430807993
32473,py,class,type,module,close_entity,0.7016879391277372,0.7016879391277372,0.0,0.8888888888888888,0.8888888888888888,0.0,0.8334789688272689,0.8295561448129678,0.003922824014301107,0.9054545454545455,0.9054545454545455,0.0,0.9909843802452087,0.9893962144851685,0.0015881657600402832,0.20830509066581726,0.031219854950904846,0.17708523571491241,-0.26385343074798584,-0.8843931406736374,0.6205397099256516
32532,py,test,check,config,infrastructure,0.7071067811865478,0.7071067811865478,0.0,0.875,0.875,0.0,0.7588900933746825,0.7479861942697235,0.010903899104959036,0.864795918367347,0.864795918367347,0.0,0.9815527200698853,0.9819678068161011,-0.0004150867462158203,0.9040391445159912,0.0014210877707228065,0.9026180567452684,0.8925681626424193,-0.9537000121781603,1.8462681748205796
32718,py,argument,parameter,keyword,close_entity,0.7016879391277372,0.7016879391277372,0.0,0.9090909090909091,0.9090909090909091,0.0,0.7930837078413512,0.7827012897516876,0.010382418089663559,0.9054545454545455,0.9054545454545455,0.0,0.9822728037834167,0.9761112928390503,0.006161510944366455,0.9768444895744324,0.3614298701286316,0.6154146194458008,0.9709390820935369,0.2701345533132553,0.7008045287802815
32861,py,argument,parameter,keyword,close_entity,0.4889230224349009,0.4889230224349009,0.0,0.8000000000000002,0.8000000000000002,0.0,0.6600339267969538,0.641866601726313,0.018167325070640783,0.8412698412698414,0.8412698412698414,0.0,0.9900531768798828,0.9892183542251587,0.0008348226547241211,0.9932851791381836,0.38596275448799133,0.6073224246501923,0.9924199660890736,0.10790210962295532,0.8845178564661182
33203,py,import,include,export,directional,0.8070557274927979,0.8070557274927979,0.0,0.8888888888888888,0.8888888888888888,0.0,0.855452354374703,0.9147811742798795,-0.059328819905176466,0.9054545454545455,0.9054545454545455,0.0,0.9665688276290894,0.9907576441764832,-0.0241888165473938,0.9201905727386475,0.0006671257433481514,0.9195234469952993,0.8712467327713966,-0.9934203319135122,1.8646670646849088
33295,py,parameter,argument,constant,close_entity,0.5000000000000001,0.5000000000000001,0.0,0.8571428571428571,0.8571428571428571,0.0,0.7875971737248544,0.7710612116844908,0.01653596204036356,0.8066666666666668,0.8066666666666668,0.0,0.9912145733833313,0.9718895554542542,0.01932501792907715,0.9935364127159119,0.8963265419006348,0.0972098708152771,0.992723282892257,0.8561995103955269,0.1365237724967301
33505,py,log,trace,output,infrastructure,0.7071067811865478,0.7071067811865478,0.0,0.8888888888888888,0.8888888888888888,0.0,0.8229669749558637,0.8227006413982759,0.00026633355758776123,0.8950617283950617,0.8950617283950617,0.0,0.9799004197120667,0.9778865575790405,0.002013862133026123,0.3372441828250885,0.6119504570960999,-0.27470627427101135,-0.2181309163570404,0.37519940733909607,-0.5933303236961365
33790,py,log,trace,output,infrastructure,0.5946035575013611,0.5946035575013611,0.0,0.875,0.875,0.0,0.8419730080192241,0.8416626123196529,0.0003103956995712531,0.864795918367347,0.864795918367347,0.0,0.9793145656585693,0.9826018810272217,-0.0032873153686523438,0.00820598378777504,0.07645561546087265,-0.06824963167309761,-0.9179058335721493,-0.6946192756295204,-0.22328655794262886
33968,py,import,include,export,directional,0.8070557274927979,0.8070557274927979,0.0,0.8888888888888888,0.8888888888888888,0.0,0.8512549735099743,0.8869070241487921,-0.03565205063881782,0.9054545454545455,0.9054545454545455,0.0,0.9788156747817993,0.9918376207351685,-0.01302194595336914,0.11053668707609177,0.002623584819957614,0.10791310225613415,-0.6599279716610909,-0.9673640460241586,0.30743607436306775
34385,py,bug,issue,feature,diagnostic,0.8408964152537145,0.8408964152537145,0.0,0.8333333333333334,0.8333333333333334,0.0,0.8979564629234045,0.8868174767746886,0.01113898614871589,0.8737244897959183,0.8737244897959183,0.0,0.987636923789978,0.9882925748825073,-0.0006556510925292969,0.9883732199668884,0.00040256482316181064,0.9879706551437266,0.9825771087780595,-0.9958357860450633,1.9784128948231228
34773,py,test,check,config,infrastructure,0.5946035575013611,0.5946035575013611,0.0,0.8571428571428571,0.8571428571428571,0.0,0.824001841624828,0.8155339950388687,0.008467846585959338,0.864795918367347,0.864795918367347,0.0,0.9883291721343994,0.9824261665344238,0.005903005599975586,0.9872897267341614,0.04459388926625252,0.9426958374679089,0.985955121461302,-0.7129088453948498,1.6988639668561518
34821,py,test,check,config,infrastructure,0.8153551038173119,0.8153551038173119,0.0,0.9285714285714286,0.9285714285714286,0.0,0.8793314680667025,0.8732259598411037,0.006105508225598744,0.9363888888888889,0.9363888888888889,0.0,0.9914414286613464,0.9787085056304932,0.012732923030853271,0.9857516884803772,0.11467362195253372,0.8710780665278435,0.9846196509897709,0.10511610005050898,0.8795035509392619
34829,py,error,exception,warning,diagnostic,0.7071067811865478,0.7071067811865478,0.0,0.8571428571428571,0.8571428571428571,0.0,0.8159924588042535,0.7986148862068273,0.017377572597426227,0.864795918367347,0.864795918367347,0.0,0.9782755374908447,0.9857920408248901,-0.00751650333404541,0.9961110949516296,0.9274830222129822,0.06862807273864746,0.9956009949673899,0.921604220289737,0.07399677467765287
35140,py,log,trace,output,infrastructure,0.537284965911771,0.537284965911771,0.0,0.8333333333333334,0.8333333333333334,0.0,0.7905255083076262,0.7903556297907913,0.0001698785168349204,0.8066666666666668,0.8066666666666668,0.0,0.9607682228088379,0.9600726962089539,0.0006955265998840332,0.9652812480926514,0.05756102502346039,0.907720223069191,0.9548619305714965,-0.8323614746332169,1.7872234052047133
35238,py,classes,types,modules,close_entity,0.8423626743789745,0.8423626743789745,0.0,0.9166666666666666,0.9166666666666666,0.0,0.8848244974241912,0.8817267531687811,0.0030977442554100953,0.920940170940171,0.920940170940171,0.0,0.992877721786499,0.9921665191650391,0.0007112026214599609,0.7348950505256653,0.11306444555521011,0.6218306049704552,0.5240548402070999,-0.6910185441374779,1.2150733843445778
36700,py,class,type,module,close_entity,0.7348889200874659,0.7348889200874659,0.0,0.9,0.9,0.0,0.8564314327776779,0.8528828188458335,0.0035486139318443577,0.9139118457300276,0.9139118457300276,0.0,0.986735999584198,0.9859997630119324,0.000736236572265625,0.43995970487594604,0.27272894978523254,0.1672307550907135,0.24079552292823792,-0.3629591763019562,0.6037546992301941
36700,py,classes,types,modules,close_entity,0.82651681837938,0.82651681837938,0.0,0.9,0.9,0.0,0.8700012819571978,0.8663291571533737,0.0036721248038241727,0.9139118457300276,0.9139118457300276,0.0,0.98842853307724,0.9878014326095581,0.0006271004676818848,0.36404678225517273,0.5444656610488892,-0.18041887879371643,0.25884222984313965,0.3405147045850754,-0.08167247474193573
36700,py,error,exception,warning,diagnostic,0.7691605673134587,0.7691605673134587,0.0,0.9,0.9,0.0,0.8622454453137038,0.8495981657082536,0.012647279605450201,0.9139118457300276,0.9139118457300276,0.0,0.9929661750793457,0.9935981035232544,-0.0006319284439086914,0.9715211391448975,0.043085578829050064,0.9284355603158474,0.9691326876636595,-0.7101551257073879,1.6792878133710474
36743,py,functions,methods,variables,close_entity,0.8801117367933934,0.8801117367933934,0.0,0.9,0.9,0.0,0.8601022291880638,0.8514870154014157,0.00861521378664809,0.8993827160493828,0.8993827160493828,0.0,0.9945306777954102,0.9889420866966248,0.0055885910987854,0.46548813581466675,0.019912969321012497,0.44557516649365425,0.43883843161165714,-0.5080134756863117,0.9468519072979689
37223,py,warning,alert,error,diagnostic,0.5000000000000001,0.5000000000000001,0.0,0.8333333333333334,0.8333333333333334,0.0,0.7786601712285455,0.7747478029135426,0.0039123683150028565,0.864795918367347,0.864795918367347,0.0,0.9886878728866577,0.9863196611404419,0.0023682117462158203,0.7698119282722473,0.6674664616584778,0.10234546661376953,0.569644570350647,0.3988937437534332,0.17075082659721375
37710,py,comments,notes,commands,infrastructure,0.7016879391277372,0.7016879391277372,0.0,0.9,0.9,0.0,0.8098102809955676,0.8782914418576918,-0.06848116086212419,0.9054545454545455,0.9054545454545455,0.0,0.9877350926399231,0.9861786365509033,0.0015564560890197754,0.22263234853744507,0.0027362918481230736,0.219896056689322,-0.39384007453918457,-0.9014417910948396,0.507601716555655
38214,py,test,check,config,infrastructure,0.7825422900366432,0.7825422900366432,0.0,0.9166666666666666,0.9166666666666666,0.0,0.8746987951332302,0.8683850838700748,0.006313711263155386,0.9268808114961962,0.9268808114961962,0.0,0.9866718649864197,0.9871733784675598,-0.0005015134811401367,0.8610356450080872,0.06248883903026581,0.7985468059778214,0.8499629842117429,-0.3070196658372879,1.1569826500490308
38214,py,import,include,export,directional,0.7825422900366432,0.7825422900366432,0.0,0.9166666666666666,0.9166666666666666,0.0,0.8526841739891171,0.9131347008317043,-0.06045052684258723,0.9268808114961962,0.9268808114961962,0.0,0.9750586748123169,0.986174464225769,-0.011115789413452148,0.9664398431777954,0.004968440625816584,0.9614714025519788,0.9631122618447989,-0.979149782564491,1.94226204440929
38403,py,method,function,attribute,close_entity,0.8985396083419644,0.8985396083419644,0.0,0.9565217391304348,0.9565217391304348,0.0,0.9270551094910757,0.9268788565993619,0.00017625289171385727,0.9627438088976551,0.9627438088976551,0.0,0.9973759651184082,0.9900240302085876,0.007351934909820557,0.980373740196228,0.8037624955177307,0.17661124467849731,0.9775351339485496,0.7644305564463139,0.21310457750223577
38636,py,argument,parameter,keyword,close_entity,0.9210589320522861,0.9210589320522861,0.0,0.9523809523809523,0.9523809523809523,0.0,0.9164496656815999,0.9124966843973771,0.003952981284222834,0.9580182734719597,0.9580182734719597,0.0,0.9959782361984253,0.9925110340118408,0.0034672021865844727,0.73173588514328,0.0028371764346957207,0.7288987087085843,0.7304172443691641,-0.01267789863049984,0.743095142999664
39358,py,error,exception,warning,diagnostic,0.8423626743789745,0.8423626743789745,0.0,0.9166666666666666,0.9166666666666666,0.0,0.8721314232908851,0.8604632251370242,0.011668198153860887,0.920940170940171,0.920940170940171,0.0,0.9842195510864258,0.9920089244842529,-0.0077893733978271484,0.939948320388794,0.9792640805244446,-0.039315760135650635,0.9359519383870065,0.9769241188187152,-0.040972180431708694
40387,py,import,include,export,directional,0.7611606003349888,0.7611606003349888,0.0,0.9,0.9,0.0,0.8526841739891171,0.9131347008317043,-0.06045052684258723,0.9054545454545455,0.9054545454545455,0.0,0.9837868809700012,0.9882779121398926,-0.004491031169891357,0.7596386671066284,0.006558923050761223,0.7530797440558672,0.6377965807914734,-0.9652821738272905,1.603078754618764
40546,py,error,exception,warning,diagnostic,0.7506238537503396,0.7506238537503396,0.0,0.8571428571428571,0.8571428571428571,0.0,0.8059642828031646,0.7875283867580579,0.018435896045106648,0.8819444444444444,0.8819444444444444,0.0,0.9751636385917664,0.9812964797019958,-0.006132841110229492,0.9952685236930847,0.9457022547721863,0.04956626892089844,0.9946189135080203,0.9438077869126573,0.05081112659536302
41144,py,tests,checks,configs,infrastructure,0.5969491792019644,0.5969491792019644,0.0,0.875,0.875,0.0,0.8286265315571998,0.8203457925686786,0.008280738988521219,0.8819444444444444,0.8819444444444444,0.0,0.9814112186431885,0.9719175696372986,0.009493649005889893,0.9961509704589844,0.8597117066383362,0.1364392638206482,0.9955667216563597,0.7974391803145409,0.19812754134181887
41186,py,argument,parameter,keyword,close_entity,0.9025139799587889,0.9025139799587889,0.0,0.9500000000000001,0.9500000000000001,0.0,0.9206242683256178,0.9168762885527709,0.00374797977284691,0.9580182734719597,0.9580182734719597,0.0,0.9977492094039917,0.993918776512146,0.003830432891845703,0.8357141613960266,0.11308436095714569,0.7226298004388809,0.8328201586846262,0.11016573663800955,0.7226544220466167
41331,py,error,exception,warning,diagnostic,0.6434588841607617,0.6434588841607617,0.0,0.8333333333333334,0.8333333333333334,0.0,0.8159924588042535,0.7986148862068273,0.017377572597426227,0.8412698412698414,0.8412698412698414,0.0,0.9879090189933777,0.9866625070571899,0.0012465119361877441,0.9540440440177917,0.6974933743476868,0.256550669670105,0.9503254909068346,0.6410784088075161,0.3092470820993185
41615,py,method,function,attribute,close_entity,0.6434588841607617,0.6434588841607617,0.0,0.8571428571428571,0.8571428571428571,0.0,0.750881448246021,0.7466145071755982,0.004266941070422803,0.8412698412698414,0.8412698412698414,0.0,0.9747165441513062,0.9554062485694885,0.019310295581817627,0.983574390411377,0.7471317052841187,0.2364426851272583,0.9751280704513192,0.5640103965997696,0.4111176738515496
41664,py,input,entry,output,directional,0.6580370064762461,0.6580370064762461,0.0,0.8888888888888888,0.8888888888888888,0.0,0.8718697595480436,0.9161236387986711,-0.044253879250627515,0.8950617283950617,0.8950617283950617,0.0,0.9902539253234863,0.9911382794380188,-0.0008843541145324707,0.98863285779953,0.0005187849747017026,0.9881140728248283,0.9864193450193852,-0.9926014085067436,1.9790207535261288
41727,py,error,exception,warning,diagnostic,0.7071067811865478,0.7071067811865478,0.0,0.8571428571428571,0.8571428571428571,0.0,0.8567055617375398,0.8435047276967939,0.013200834040745901,0.864795918367347,0.864795918367347,0.0,0.9685201644897461,0.9696990847587585,-0.0011789202690124512,0.9764385223388672,0.8007802367210388,0.17565828561782837,0.9693803731352091,0.7368381842970848,0.23254218883812428
41921,py,method,function,attribute,close_entity,0.855526185871245,0.855526185871245,0.0,0.9285714285714286,0.9285714285714286,0.0,0.9187514389476497,0.9170198130263116,0.0017316259213380203,0.9268808114961962,0.9268808114961962,0.0,0.9957757592201233,0.9886960387229919,0.007079720497131348,0.9764540195465088,0.9487892389297485,0.027664780616760254,0.9743842873722315,0.9465413251891732,0.027842962183058262
41952,py,parameter,argument,constant,close_entity,0.8633400213704508,0.8633400213704508,0.0,0.875,0.875,0.0,0.8258056091870118,0.8037278604252475,0.022077748761764382,0.8551587301587302,0.8551587301587302,0.0,0.9911972880363464,0.9807437062263489,0.010453581809997559,0.9600353240966797,0.09028058499097824,0.8697547391057014,0.9534254344180226,0.06511443480849266,0.88831099960953
41956,py,test,check,config,infrastructure,0.7016879391277372,0.7016879391277372,0.0,0.9,0.9,0.0,0.8722463262924424,0.8658231689724096,0.006423157320032735,0.8819444444444444,0.8819444444444444,0.0,0.9861910939216614,0.9790989756584167,0.007092118263244629,0.988973081111908,0.8180248141288757,0.17094826698303223,0.9871103704208508,0.8100563436746597,0.17705402674619108
41956,py,input,entry,output,directional,0.7016879391277372,0.7016879391277372,0.0,0.9,0.9,0.0,0.8592795224846914,0.9078983100521745,-0.04861878756748306,0.8819444444444444,0.8819444444444444,0.0,0.9900840520858765,0.9912003874778748,-0.001116335391998291,0.9443767666816711,0.004449112340807915,0.9399276543408632,0.9058691747486591,-0.9793535638600588,1.885222738608718
42453,py,methods,functions,attributes,close_entity,0.7071067811865478,0.7071067811865478,0.0,0.8571428571428571,0.8571428571428571,0.0,0.7746049365220248,0.7700641569800168,0.004540779542007933,0.864795918367347,0.864795918367347,0.0,0.9931225180625916,0.9802284240722656,0.012894093990325928,0.9610088467597961,0.00670156953856349,0.9543072772212327,0.9529566299170256,-0.9007552457042038,1.8537118756212294
42453,py,tests,checks,configs,infrastructure,0.5946035575013611,0.5946035575013611,0.0,0.8571428571428571,0.8571428571428571,0.0,0.8026987418475372,0.793393211121877,0.009305530725660205,0.864795918367347,0.864795918367347,0.0,0.9781200885772705,0.9620506763458252,0.016069412231445312,0.9924967288970947,0.011000443249940872,0.9814962856471539,0.9915411389665678,-0.938060712069273,1.9296018510358408
42585,py,parameter,argument,constant,close_entity,0.7016879391277372,0.7016879391277372,0.0,0.8888888888888888,0.8888888888888888,0.0,0.8434302969365862,0.8310656452539982,0.012364651682588046,0.8412698412698414,0.8412698412698414,0.0,0.9945694208145142,0.9865243434906006,0.008045077323913574,0.9817225337028503,0.012882465496659279,0.9688400682061911,0.9763926332816482,-0.9351359065622091,1.9115285398438573
42703,py,bug,issue,feature,diagnostic,0.9306048591020994,0.9306048591020994,0.0,0.9166666666666666,0.9166666666666666,0.0,0.9419742973759512,0.9352773724914833,0.006696924884467825,0.9283601014370245,0.9283601014370245,0.0,0.9975847005844116,0.9915868043899536,0.005997896194458008,0.982503354549408,0.6981878280639648,0.2843155264854431,0.9816027397755533,0.6890562092885375,0.29254653048701584
42759,py,function,method,variable,close_entity,0.7348889200874659,0.7348889200874659,0.0,0.9,0.9,0.0,0.8145548582194843,0.8054933483022643,0.00906150991721999,0.9139118457300276,0.9139118457300276,0.0,0.9942889213562012,0.9861882925033569,0.008100628852844238,0.8394781351089478,0.02848600223660469,0.8109921328723431,0.7148113399744034,-0.9026042930781841,1.6174156330525875
42759,py,import,include,export,directional,0.9036020036098446,0.9036020036098446,0.0,0.9,0.9,0.0,0.8873924288421158,0.9625786611820649,-0.07518623233994914,0.9163223140495868,0.9163223140495868,0.0,0.982754111289978,0.9812754392623901,0.0014786720275878906,0.8571184277534485,0.0040580397471785545,0.8530603880062699,0.7592104002833366,-0.986777507700026,1.7459879079833627
42845,py,tests,checks,configs,infrastructure,0.6580370064762461,0.6580370064762461,0.0,0.875,0.875,0.0,0.8519602509638152,0.8446522700991944,0.007307980864620811,0.8950617283950617,0.8950617283950617,0.0,0.986176609992981,0.9805673360824585,0.005609273910522461,0.9764718413352966,0.01489812321960926,0.9615737181156874,0.9702848927117884,-0.7721518259495497,1.742436718661338
43462,py,method,function,attribute,close_entity,0.7419446627365011,0.7419446627365011,0.0,0.9090909090909091,0.9090909090909091,0.0,0.7870130341026389,0.7830934472393267,0.003919586863312174,0.9054545454545455,0.9054545454545455,0.0,0.9919617772102356,0.977092444896698,0.014869332313537598,0.96538245677948,0.5880018472671509,0.3773806095123291,0.958284127060324,0.42971372604370117,0.5285704010166228
43903,py,functions,methods,variables,close_entity,0.7348889200874659,0.7348889200874659,0.0,0.8888888888888888,0.8888888888888888,0.0,0.8033414864975312,0.7938396468892347,0.009501839608296536,0.9139118457300276,0.9139118457300276,0.0,0.9960058927536011,0.9877461791038513,0.008259713649749756,0.9389370083808899,0.32906007766723633,0.6098769307136536,0.9090185947716236,-0.12764111161231995,1.0366597063839436
44063,py,method,function,attribute,close_entity,0.8843865924896839,0.8843865924896839,0.0,0.9411764705882353,0.9411764705882353,0.0,0.8879127145230494,0.8877305798332858,0.00018213468976358005,0.9494459833795015,0.9494459833795015,0.0,0.9969831705093384,0.9917020797729492,0.00528109073638916,0.9658362865447998,0.8800403475761414,0.08579593896865845,0.957598315551877,0.8525231331586838,0.10507518239319324
63,rust,method,function,attribute,close_entity,0.9304899483313593,0.9304899483313593,0.0,0.9565217391304348,0.9565217391304348,0.0,0.9408721309531652,0.9392650195765548,0.001607111376610404,0.9564768235716853,0.9564768235716853,0.0,0.9973188042640686,0.9924768209457397,0.004841983318328857,0.8631653189659119,0.065484918653965,0.7976804003119469,0.8588423603214324,0.04695586673915386,0.8118864935822785
63,rust,test,check,config,infrastructure,0.8985396083419644,0.8985396083419644,0.0,0.9565217391304348,0.9565217391304348,0.0,0.9437595017984635,0.9407490893512778,0.0030104124471856952,0.9561624146604384,0.9561624146604384,0.0,0.9916436076164246,0.9905654191970825,0.001078188419342041,0.9079781174659729,0.17496588826179504,0.7330122292041779,0.8841144014149904,-0.5271770060062408,1.4112914074212313
70,rust,functions,methods,variables,close_entity,0.7825422900366432,0.7825422900366432,0.0,0.9285714285714286,0.9285714285714286,0.0,0.8512899403892475,0.8437561668059793,0.007533773583268233,0.9268808114961962,0.9268808114961962,0.0,0.9936338067054749,0.9868602156639099,0.006773591041564941,0.9881598949432373,0.3541545867919922,0.6340053081512451,0.9863987236749381,0.18666686117649078,0.7997318624984473
102,rust,test,check,config,infrastructure,0.7611606003349888,0.7611606003349888,0.0,0.9090909090909091,0.9090909090909091,0.0,0.8746987951332302,0.8683850838700748,0.006313711263155386,0.9054545454545455,0.9054545454545455,0.0,0.9806772470474243,0.9773502349853516,0.003327012062072754,0.9236297011375427,0.015892531722784042,0.9077371694147587,0.9173347274772823,0.008984139654785395,0.9083505878224969
127,rust,error,exception,warning,diagnostic,0.5969491792019644,0.5969491792019644,0.0,0.8888888888888888,0.8888888888888888,0.0,0.8332266418104486,0.8176405315849368,0.015586110225511818,0.8819444444444444,0.8819444444444444,0.0,0.9877486824989319,0.9883949160575867,-0.0006462335586547852,0.9865137934684753,0.8374570608139038,0.14905673265457153,0.9857373791746795,0.8369018678204156,0.14883551135426387
228,rust,tests,checks,configs,infrastructure,0.8931539818068699,0.8931539818068699,0.0,0.9090909090909091,0.9090909090909091,0.0,0.9035850194834529,0.8969113039010133,0.0066737155824396766,0.9086363636363638,0.9086363636363638,0.0,0.9870582818984985,0.9695641994476318,0.0174940824508667,0.9792576432228088,0.1631041020154953,0.8161535412073135,0.9766473839990795,-0.2100466936826706,1.18669407768175
273,rust,error,exception,warning,diagnostic,0.5969491792019644,0.5969491792019644,0.0,0.875,0.875,0.0,0.8332266418104486,0.8176405315849368,0.015586110225511818,0.8412698412698414,0.8412698412698414,0.0,0.9858689308166504,0.983922004699707,0.0019469261169433594,0.9921411275863647,0.43034738302230835,0.5617937445640564,0.9908801695564762,0.4219685662537813,0.5689116033026949
289,rust,tests,checks,configs,infrastructure,0.8153551038173119,0.8153551038173119,0.0,0.9411764705882353,0.9411764705882353,0.0,0.9118967174910528,0.9073089118515114,0.00458780563954142,0.9319727891156462,0.9319727891156462,0.0,0.9914258122444153,0.9843747019767761,0.00705111026763916,0.9655961394309998,0.09857268631458282,0.8670234531164169,0.9618266455363482,-0.032446593046188354,0.9942732385825366
297,rust,error,exception,warning,diagnostic,0.8985396083419644,0.8985396083419644,0.0,0.9500000000000001,0.9500000000000001,0.0,0.9270666226623809,0.9206364152800348,0.00643020738234612,0.9467186484730344,0.9467186484730344,0.0,0.987147331237793,0.9944187998771667,-0.007271468639373779,0.8677387237548828,0.4108000695705414,0.45693865418434143,0.8409030456095934,0.36002635210752487,0.4808766935020685
390,rust,log,trace,output,infrastructure,0.9121679090703875,0.9121679090703875,0.0,0.9166666666666666,0.9166666666666666,0.0,0.9076618638222582,0.9027605070881691,0.004901356734089091,0.9163223140495868,0.9163223140495868,0.0,0.9303709864616394,0.9505976438522339,-0.020226657390594482,0.9329589605331421,0.9393278360366821,-0.006368875503540039,0.8989991843700409,0.9017895013093948,-0.002790316939353943
551,rust,error,exception,warning,diagnostic,0.7506238537503396,0.7506238537503396,0.0,0.8571428571428571,0.8571428571428571,0.0,0.840685837977441,0.8258644197827623,0.014821418194678748,0.8412698412698414,0.8412698412698414,0.0,0.9859769940376282,0.9880066514015198,-0.0020296573638916016,0.9865955710411072,0.9325036406517029,0.0540919303894043,0.9853927195072174,0.9319731209543534,0.053419598552864045
555,rust,errors,exceptions,warnings,diagnostic,0.7598356856515927,0.7598356856515927,0.0,0.8333333333333334,0.8333333333333334,0.0,0.7817018948074034,0.7539218748746372,0.02778001993276613,0.8300000000000002,0.8300000000000002,0.0,0.9787216186523438,0.9787704944610596,-4.887580871582031e-05,0.951332688331604,0.22143444418907166,0.7298982441425323,0.9493297969456762,0.11270865797996521,0.836621138965711
752,rust,warning,alert,error,diagnostic,0.7016879391277372,0.7016879391277372,0.0,0.9,0.9,0.0,0.8423993004999984,0.8395551583836509,0.0028441421163475367,0.8819444444444444,0.8819444444444444,0.0,0.9937280416488647,0.9911453127861023,0.002582728862762451,0.9581171870231628,0.514857292175293,0.4432598948478699,0.9371172580868006,0.15094095468521118,0.7861763034015894
752,rust,logs,traces,outputs,infrastructure,0.7016879391277372,0.7016879391277372,0.0,0.9,0.9,0.0,0.8953136349463461,0.8949749679513433,0.00033866699500273434,0.8819444444444444,0.8819444444444444,0.0,0.9905458092689514,0.988319993019104,0.002225816249847412,0.954950749874115,0.24706093966960907,0.7078898102045059,0.9448862485587597,-0.43116767704486847,1.3760539256036282
753,rust,log,trace,output,infrastructure,0.7348889200874659,0.7348889200874659,0.0,0.9090909090909091,0.9090909090909091,0.0,0.8779760765006217,0.8776313464438614,0.00034473005676027846,0.8950617283950617,0.8950617283950617,0.0,0.937659740447998,0.9385340809822083,-0.0008743405342102051,0.08178650587797165,0.2937614321708679,-0.21197492629289627,-0.7953208163380623,-0.3441937565803528,-0.4511270597577095
759,rust,log,trace,output,infrastructure,0.7691605673134587,0.7691605673134587,0.0,0.9,0.9,0.0,0.8419730080192241,0.8375575076990891,0.004415500320135046,0.864795918367347,0.864795918367347,0.0,0.9916307330131531,0.9913474321365356,0.00028330087661743164,0.9782320857048035,0.9722557663917542,0.005976319313049316,0.968698020093143,0.9595140283927321,0.009183991700410843
781,rust,method,function,attribute,close_entity,0.7419446627365011,0.7419446627365011,0.0,0.9,0.9,0.0,0.7814627435556746,0.7815768159852908,-0.00011407242961625208,0.8950617283950617,0.8950617283950617,0.0,0.9906044602394104,0.9581609964370728,0.032443463802337646,0.9091311693191528,0.22010311484336853,0.6890280544757843,0.832577683031559,-0.4902823865413666,1.3228600695729256
789,rust,log,trace,output,infrastructure,0.7419446627365011,0.7419446627365011,0.0,0.9,0.9,0.0,0.8419730080192241,0.8375575076990891,0.004415500320135046,0.8819444444444444,0.8819444444444444,0.0,0.990906834602356,0.9828535318374634,0.008053302764892578,0.8173055052757263,0.9852386116981506,-0.16793310642242432,0.6563362181186676,0.9802455874159932,-0.3239093692973256
849,rust,test,check,config,infrastructure,0.7487402156832427,0.7487402156832427,0.0,0.8181818181818182,0.8181818181818182,0.0,0.7995198414712658,0.7907004042595323,0.008819437211733505,0.7687074829931974,0.7687074829931974,0.0,0.9649068117141724,0.9672877788543701,-0.002380967140197754,0.20375336706638336,0.01976713165640831,0.18398623540997505,-0.47265730798244476,-0.4204826392233372,-0.05217466875910759
871,rust,log,trace,output,infrastructure,0.7419446627365011,0.7419446627365011,0.0,0.9,0.9,0.0,0.8606636145222061,0.856672451554725,0.003991162967481032,0.8819444444444444,0.8819444444444444,0.0,0.9861854314804077,0.9860832095146179,0.00010222196578979492,0.5461720824241638,0.8468716740608215,-0.3006995916366577,0.11730507016181946,0.7171203345060349,-0.5998152643442154
913,rust,function,method,variable,close_entity,0.7944837206494969,0.7944837206494969,0.0,0.9047619047619048,0.9047619047619048,0.0,0.8228945047436378,0.8140695653357871,0.008824939407850674,0.9029811370531593,0.9029811370531593,0.0,0.9945040941238403,0.9870337843894958,0.007470309734344482,0.7053977251052856,0.175789013504982,0.5296087116003036,0.47536082565784454,-0.5915270298719406,1.0668878555297852
921,rust,tests,checks,configs,infrastructure,0.6606328636027612,0.6606328636027612,0.0,0.875,0.875,0.0,0.855244419302389,0.8480772103702153,0.007167208932173708,0.864795918367347,0.864795918367347,0.0,0.9847722053527832,0.9776816368103027,0.007090568542480469,0.9927202463150024,0.8715821504592896,0.12113809585571289,0.9908850567881018,0.8070079162716866,0.18387714051641524
1086,rust,log,trace,output,infrastructure,0.8633400213704508,0.8633400213704508,0.0,0.875,0.875,0.0,0.9187197603715156,0.9143493737971391,0.004370386574376495,0.8737244897959183,0.8737244897959183,0.0,0.980640709400177,0.9814507365226746,-0.0008100271224975586,0.005631164647638798,0.05413280427455902,-0.04850163962692022,-0.9532210668548942,-0.8508996516466141,-0.10232141520828009
1236,rust,log,trace,output,infrastructure,0.7071067811865478,0.7071067811865478,0.0,0.8888888888888888,0.8888888888888888,0.0,0.870887119634983,0.8705276819248521,0.0003594377101309165,0.8819444444444444,0.8819444444444444,0.0,0.9867274761199951,0.9763357043266296,0.010391771793365479,0.8517401218414307,0.9594230651855469,-0.10768294334411621,0.7392915040254593,0.9361950401216745,-0.19690353609621525
1307,rust,tests,checks,configs,infrastructure,0.35355339059327373,0.35355339059327373,0.0,0.6666666666666666,0.6666666666666666,0.0,0.6974816378524856,0.6823269946770071,0.015154643175478544,0.625,0.625,0.0,0.9735853672027588,0.9575682282447815,0.016017138957977295,0.9975523352622986,0.30923375487327576,0.6883185803890228,0.9972618960018735,-0.14350715279579163,1.1407690487976652
1362,rust,log,trace,output,infrastructure,0.9086549610666288,0.9086549610666288,0.0,0.9523809523809523,0.9523809523809523,0.0,0.9361312477601177,0.9358637225989636,0.00026752516115413627,0.9519047619047619,0.9519047619047619,0.0,0.993812084197998,0.9933005571365356,0.0005115270614624023,0.06627755612134933,0.08983752876520157,-0.023559972643852234,-0.003520376980304718,0.07516130153089762,-0.07868167851120234
1370,rust,log,trace,output,infrastructure,0.7016879391277372,0.7016879391277372,0.0,0.9090909090909091,0.9090909090909091,0.0,0.8851118991973251,0.8847679018891926,0.0003439973081325043,0.9054545454545455,0.9054545454545455,0.0,0.9729492664337158,0.9797722697257996,-0.00682300329208374,0.5846356153488159,0.32534393668174744,0.2592916786670685,0.3248766362667084,0.01485985517501831,0.31001678109169006
1388,rust,error,exception,warning,diagnostic,0.7825422900366432,0.7825422900366432,0.0,0.9230769230769231,0.9230769230769231,0.0,0.8648576591146815,0.852470174597346,0.012387484517335512,0.920940170940171,0.920940170940171,0.0,0.9754012823104858,0.9876809120178223,-0.012279629707336426,0.9049723744392395,0.4430438280105591,0.4619285464286804,0.8900322327390313,0.18037495017051697,0.7096572825685143
1388,rust,log,trace,output,infrastructure,0.7825422900366432,0.7825422900366432,0.0,0.9230769230769231,0.9230769230769231,0.0,0.8873084180707838,0.886965143495503,0.0003432745752807165,0.920940170940171,0.920940170940171,0.0,0.9810543656349182,0.9870524406433105,-0.005998075008392334,0.9492848515510559,0.9489189982414246,0.00036585330963134766,0.9476055465638638,0.9476528912782669,-4.7344714403152466e-05
1461,rust,method,function,attribute,close_entity,0.7611606003349888,0.7611606003349888,0.0,0.9090909090909091,0.9090909090909091,0.0,0.8425679706182824,0.8424565679601134,0.00011140265816900197,0.9054545454545455,0.9054545454545455,0.0,0.9943181276321411,0.9893999695777893,0.004918158054351807,0.9897119998931885,0.9795596599578857,0.010152339935302734,0.9885759166209027,0.9781268708175048,0.010449045803397894
1475,rust,error,exception,warning,diagnostic,0.7071067811865478,0.7071067811865478,0.0,0.8888888888888888,0.8888888888888888,0.0,0.8159924588042535,0.7986148862068273,0.017377572597426227,0.8819444444444444,0.8819444444444444,0.0,0.9872326850891113,0.9697245359420776,0.01750814914703369,0.9044832587242126,0.03457261621952057,0.8699106425046921,0.8241500034928322,-0.9033846706151962,1.7275346741080284
1475,rust,log,trace,output,infrastructure,0.8801117367933934,0.8801117367933934,0.0,0.8888888888888888,0.8888888888888888,0.0,0.9124280961329131,0.9077537242084869,0.004674371924426213,0.8880208333333333,0.8880208333333333,0.0,0.9838998913764954,0.9736643433570862,0.01023554801940918,0.9580200910568237,0.8778542280197144,0.08016586303710938,0.9501670990139246,0.7991826683282852,0.15098443068563938
1619,rust,log,trace,output,infrastructure,0.7419446627365011,0.7419446627365011,0.0,0.9090909090909091,0.9090909090909091,0.0,0.8705482528997095,0.8666153095130064,0.003932943386703136,0.9054545454545455,0.9054545454545455,0.0,0.9690520167350769,0.979790985584259,-0.010738968849182129,0.5922357439994812,0.9050560593605042,-0.31282031536102295,0.2098863422870636,0.86457883939147,-0.6546924971044064
1783,rust,parameter,argument,constant,close_entity,0.7016879391277372,0.7016879391277372,0.0,0.9090909090909091,0.9090909090909091,0.0,0.8077630047780773,0.7927197050349705,0.015043299743106808,0.9054545454545455,0.9054545454545455,0.0,0.9932548999786377,0.9789356589317322,0.014319241046905518,0.9850494265556335,0.0306131262332201,0.9544363003224134,0.9811590947210789,-0.8510535340756178,1.8322126287966967
1821,rust,tests,checks,configs,infrastructure,0.8091067115702206,0.8091067115702206,0.0,0.8571428571428571,0.8571428571428571,0.0,0.8401324964232785,0.8296977286493301,0.010434767773948361,0.8551587301587302,0.8551587301587302,0.0,0.9772953987121582,0.9668556451797485,0.010439753532409668,0.9675888419151306,0.23022954165935516,0.7373593002557755,0.95715447422117,-0.22491224110126495,1.182066715322435
1834,rust,warning,alert,error,diagnostic,0.5000000000000001,0.5000000000000001,0.0,0.9,0.9,0.0,0.8035017666700596,0.8000003631133474,0.003501403556712135,0.864795918367347,0.864795918367347,0.0,0.9861049056053162,0.9737161993980408,0.01238870620727539,0.9927282333374023,0.9329237937927246,0.059804439544677734,0.9913361989893019,0.9051148649305105,0.0862213340587914
1863,rust,tests,checks,configs,infrastructure,0.7071067811865478,0.7071067811865478,0.0,0.875,0.875,0.0,0.813670771895415,0.8045572833306648,0.00911348856475025,0.864795918367347,0.864795918367347,0.0,0.9840735197067261,0.9751670956611633,0.008906424045562744,0.9918364882469177,0.005381700117141008,0.9864547881297767,0.9901530487695709,-0.7117989691905677,1.7019520179601386
1869,rust,method,function,attribute,close_entity,0.8091067115702206,0.8091067115702206,0.0,0.9230769230769231,0.9230769230769231,0.0,0.8864260391715605,0.8862449029753301,0.00018113619623039146,0.9139118457300276,0.9139118457300276,0.0,0.9958078861236572,0.9894822835922241,0.0063256025314331055,0.9698663949966431,0.9460716247558594,0.02379477024078369,0.9602618189528584,0.9309874968603253,0.02927432209253311
1919,rust,test,check,config,infrastructure,0.9121679090703875,0.9121679090703875,0.0,0.9,0.9,0.0,0.9217483647746184,0.9151298397527148,0.006618525021903632,0.8737244897959183,0.8737244897959183,0.0,0.9908677339553833,0.9872356653213501,0.003632068634033203,0.981077253818512,0.12148614972829819,0.8595911040902138,0.9806418665102683,0.11145300883799791,0.8691888576722704
1933,rust,error,exception,warning,diagnostic,0.7506238537503396,0.7506238537503396,0.0,0.8888888888888888,0.8888888888888888,0.0,0.8292284485286301,0.8132298051835904,0.015998643345039643,0.8819444444444444,0.8819444444444444,0.0,0.9783251285552979,0.9502336382865906,0.028091490268707275,0.9919722080230713,0.9209918975830078,0.07098031044006348,0.9906753461109474,0.919977790210396,0.07069755590055138
2001,rust,log,trace,output,infrastructure,0.8801117367933934,0.8801117367933934,0.0,0.8888888888888888,0.8888888888888888,0.0,0.9206204706011385,0.9163428914177503,0.004277579183388225,0.8880208333333333,0.8880208333333333,0.0,0.9824181795120239,0.9848577976226807,-0.0024396181106567383,0.006212466862052679,0.018085921183228493,-0.011873454321175814,-0.9794888556934893,-0.9508619662374258,-0.02862688945606351
2007,rust,warning,alert,error,diagnostic,0.8070557274927979,0.8070557274927979,0.0,0.9,0.9,0.0,0.8230712693393872,0.8197110517856844,0.00336021755370286,0.8950617283950617,0.8950617283950617,0.0,0.9894310235977173,0.9891840815544128,0.00024694204330444336,0.8520523309707642,0.6511656641960144,0.20088666677474976,0.7116614878177643,0.3508186638355255,0.36084282398223877
2007,rust,log,trace,output,infrastructure,0.8931539818068699,0.8931539818068699,0.0,0.9,0.9,0.0,0.9289286813773746,0.9250620695800289,0.0038666117973457093,0.8993827160493828,0.8993827160493828,0.0,0.9596814513206482,0.9855058193206787,-0.025824368000030518,0.4518561065196991,0.09751768410205841,0.3543384224176407,-0.062373608350753784,-0.7716769427061081,0.7093033343553543
2090,rust,error,exception,warning,diagnostic,0.8801117367933934,0.8801117367933934,0.0,0.875,0.875,0.0,0.9057384395961088,0.8926784002698543,0.013060039326254436,0.8737244897959183,0.8737244897959183,0.0,0.9876952171325684,0.9883072376251221,-0.0006120204925537109,0.9765676856040955,0.5339680910110474,0.4425995945930481,0.9741159023251384,0.5306282881647348,0.4434876141604036
2094,rust,methods,functions,attributes,close_entity,0.8242367502646057,0.8242367502646057,0.0,0.9230769230769231,0.9230769230769231,0.0,0.8766057253141972,0.8741056852915832,0.0025000400226140584,0.920940170940171,0.920940170940171,0.0,0.9949033260345459,0.9896286129951477,0.005274713039398193,0.9747254252433777,0.9676433801651001,0.007082045078277588,0.9668656615540385,0.9557811412960291,0.011084520258009434
2103,rust,functions,methods,variables,close_entity,0.8091067115702206,0.8091067115702206,0.0,0.8571428571428571,0.8571428571428571,0.0,0.8018603221498601,0.7903399375251332,0.011520384624726931,0.8551587301587302,0.8551587301587302,0.0,0.9888344407081604,0.9828439354896545,0.005990505218505859,0.9508292078971863,0.06665969640016556,0.8841695114970207,0.9406115245074034,-0.19465997070074081,1.1352714952081442
2160,rust,log,trace,output,infrastructure,0.7071067811865478,0.7071067811865478,0.0,0.9,0.9,0.0,0.8779760765006217,0.8776313464438614,0.00034473005676027846,0.8950617283950617,0.8950617283950617,0.0,0.9806357026100159,0.983345627784729,-0.0027099251747131348,0.8734841346740723,0.9255090951919556,-0.0520249605178833,0.7860736027359962,0.9025820102542639,-0.11650840751826763
2207,rust,tests,checks,configs,infrastructure,0.6687403049764218,0.6687403049764218,0.0,0.8000000000000002,0.8000000000000002,0.0,0.8085861859513305,0.7964641525936745,0.012122033357655937,0.7937500000000002,0.7937500000000002,0.0,0.9740801453590393,0.9558687806129456,0.01821136474609375,0.9752100706100464,0.04298926144838333,0.932220809161663,0.9728569178842008,-0.4302569255232811,1.403113843407482
2208,rust,error,exception,warning,diagnostic,0.7071067811865478,0.7071067811865478,0.0,0.875,0.875,0.0,0.8107535989895134,0.8019264351140553,0.008827163875458122,0.864795918367347,0.864795918367347,0.0,0.9868836402893066,0.9873785972595215,-0.0004949569702148438,0.9894706010818481,0.9578943252563477,0.03157627582550049,0.9880084097385406,0.9574805122101679,0.030527897528372705
2208,rust,log,trace,output,infrastructure,0.8408964152537145,0.8408964152537145,0.0,0.875,0.875,0.0,0.9076618638222582,0.9027605070881691,0.004901356734089091,0.8737244897959183,0.8737244897959183,0.0,0.9748412370681763,0.9826573729515076,-0.007816135883331299,0.6458750367164612,0.7984760403633118,-0.15260100364685059,0.3861965835094452,0.7131473645567894,-0.3269507810473442
2241,rust,comment,note,command,infrastructure,0.5000000000000001,0.5000000000000001,0.0,0.875,0.875,0.0,0.7525622656389779,0.8422309819368644,-0.08966871629788653,0.864795918367347,0.864795918367347,0.0,0.9806448221206665,0.9576873779296875,0.022957444190979004,0.98833829164505,0.5997623205184937,0.3885759711265564,0.9873214750550687,0.5402784310281277,0.44704304402694106
2350,rust,warning,alert,error,diagnostic,0.8091067115702206,0.8091067115702206,0.0,0.9230769230769231,0.9230769230769231,0.0,0.8074141342521454,0.8039127306615211,0.0035014035906242302,0.920940170940171,0.920940170940171,0.0,0.9807912111282349,0.9749747514724731,0.005816459655761719,0.9743999242782593,0.2765207290649414,0.6978791952133179,0.9536814577877522,-0.3610690236091614,1.3147504813969135
2350,rust,log,trace,output,infrastructure,0.9193227152249175,0.9193227152249175,0.0,0.9230769230769231,0.9230769230769231,0.0,0.9258235129543767,0.9218022950144131,0.004021217939963573,0.9228098290598291,0.9228098290598291,0.0,0.9817991852760315,0.9871447086334229,-0.005345523357391357,0.7108203172683716,0.6172707080841064,0.09354960918426514,0.45679810643196106,0.26923757791519165,0.1875605285167694
2376,rust,tests,checks,configs,infrastructure,0.7071067811865478,0.7071067811865478,0.0,0.8333333333333334,0.8333333333333334,0.0,0.8389362048116696,0.8296703921086122,0.009265812703057485,0.7937500000000002,0.7937500000000002,0.0,0.9861904978752136,0.9689784049987793,0.017212092876434326,0.9921643733978271,0.006378376390784979,0.9857859970070422,0.9910973432706669,-0.8801433206535876,1.8712406639242545
2392,rust,log,trace,output,infrastructure,0.8666415730847506,0.8666415730847506,0.0,0.9333333333333333,0.9333333333333333,0.0,0.924717874270887,0.9244224947754421,0.00029537949544489184,0.9319727891156462,0.9319727891156462,0.0,0.9820319414138794,0.9849191904067993,-0.002887248992919922,0.343105286359787,0.09188660234212875,0.25121868401765823,-0.2170272171497345,-0.7272420302033424,0.5102148130536079
2863,rust,error,exception,warning,diagnostic,0.7825422900366438,0.7825422900366438,0.0,0.875,0.875,0.0,0.82062703653445,0.8037346129583274,0.01689242357612264,0.864795918367347,0.864795918367347,0.0,0.9856321811676025,0.9901027679443359,-0.0044705867767333984,0.992916464805603,0.9736239910125732,0.019292473793029785,0.9916497223312035,0.9731311752111651,0.01851854712003842
2892,rust,function,method,variable,close_entity,0.8091067115702206,0.8091067115702206,0.0,0.8571428571428571,0.8571428571428571,0.0,0.8179543073577541,0.8059927732853667,0.011961534072387425,0.8551587301587302,0.8551587301587302,0.0,0.9688360095024109,0.9759738445281982,-0.0071378350257873535,0.9684819579124451,0.20526012778282166,0.7632218301296234,0.9651114759035408,-0.19829019904136658,1.1634016749449074
2894,rust,functions,methods,variables,close_entity,0.7071067811865478,0.7071067811865478,0.0,0.875,0.875,0.0,0.8109620454969745,0.8017581302653444,0.009203915231630111,0.864795918367347,0.864795918367347,0.0,0.9848035573959351,0.9775673747062683,0.007236182689666748,0.9875587224960327,0.10225927829742432,0.8852994441986084,0.9856178301852196,-0.7118577361106873,1.697475566295907
3048,rust,functions,methods,variables,close_entity,0.6434588841607617,0.6434588841607617,0.0,0.8571428571428571,0.8571428571428571,0.0,0.698433067790861,0.6846791088599798,0.01375395893088116,0.8412698412698414,0.8412698412698414,0.0,0.9857437610626221,0.972777783870697,0.012965977191925049,0.9956929087638855,0.1867051124572754,0.8089877963066101,0.9946342242183164,-0.5547023415565491,1.5493365657748654
3164,rust,error,exception,warning,diagnostic,0.5969491792019644,0.5969491792019644,0.0,0.8888888888888888,0.8888888888888888,0.0,0.8059642828031646,0.7875283867580579,0.018435896045106648,0.8819444444444444,0.8819444444444444,0.0,0.9752523899078369,0.9542827606201172,0.020969629287719727,0.9868330359458923,0.5675174593925476,0.4193155765533447,0.9843846692238003,0.49205073714256287,0.49233393208123744
3390,rust,argument,parameter,keyword,close_entity,0.9157103753711765,0.9157103753711765,0.0,0.9642857142857143,0.9642857142857143,0.0,0.927011821333706,0.9208383151552375,0.0061735061784684575,0.9597222222222221,0.9597222222222221,0.0,0.9963458776473999,0.9920275211334229,0.004318356513977051,0.883908748626709,0.031423069536685944,0.852485679090023,0.877957378514111,0.029938003979623318,0.8480193745344877
3496,rust,errors,exceptions,warnings,diagnostic,0.8242367502646057,0.8242367502646057,0.0,0.9333333333333333,0.9333333333333333,0.0,0.9106101126612939,0.9026466619917108,0.007963450669583039,0.9319727891156462,0.9319727891156462,0.0,0.9863445162773132,0.9879421591758728,-0.0015976428985595703,0.6856639981269836,0.2969627380371094,0.38870126008987427,0.44173696637153625,0.1797570064663887,0.26197995990514755
3605,rust,error,exception,warning,diagnostic,0.3688939732334405,0.3688939732334405,0.0,0.6666666666666666,0.6666666666666666,0.0,0.5329950459381945,0.48665463453148383,0.046340411406710635,0.5260416666666666,0.5260416666666666,0.0,0.9746075868606567,0.9686543941497803,0.005953192710876465,0.03470553085207939,0.0243719182908535,0.010333612561225891,-0.9052029736340046,-0.8029786385595798,-0.10222433507442474
3672,rust,arguments,parameters,keywords,close_entity,0.5969491792019644,0.5969491792019644,0.0,0.9,0.9,0.0,0.773386598915435,0.7619090427520284,0.011477556163406621,0.8819444444444444,0.8819444444444444,0.0,0.9924745559692383,0.9840359091758728,0.008438646793365479,0.9857479929924011,0.08323951810598373,0.9025084748864174,0.9833500883542001,-0.3293165937066078,1.312666682060808
3672,rust,test,check,config,infrastructure,0.8633400213704508,0.8633400213704508,0.0,0.9,0.9,0.0,0.9051690044933827,0.8972733914207934,0.007895613072589236,0.8880208333333333,0.8880208333333333,0.0,0.9870748519897461,0.9834203720092773,0.00365447998046875,0.9357569217681885,0.09260708838701248,0.843149833381176,0.9328766856342554,-0.09857570379972458,1.03145238943398
3673,rust,argument,parameter,keyword,close_entity,0.7825422900366432,0.7825422900366432,0.0,0.9285714285714286,0.9285714285714286,0.0,0.8329913716358303,0.8276033326531372,0.005388038982693022,0.9268808114961962,0.9268808114961962,0.0,0.9948640465736389,0.9863249063491821,0.008539140224456787,0.990888237953186,0.5147432088851929,0.47614502906799316,0.9891113768098876,0.4750271178781986,0.514084258931689
3813,rust,function,method,variable,close_entity,0.7506238537503396,0.7506238537503396,0.0,0.875,0.875,0.0,0.7803281299834982,0.7678337605969184,0.012494369386579773,0.8737244897959183,0.8737244897959183,0.0,0.9812606573104858,0.9845113754272461,-0.003250718116760254,0.9906414151191711,0.7138904929161072,0.27675092220306396,0.9887048304080963,0.5867941081523895,0.4019107222557068
3854,rust,error,exception,warning,diagnostic,0.3799178428257963,0.3799178428257963,0.0,0.8333333333333334,0.8333333333333334,0.0,0.7680191634123084,0.7454719580767375,0.022547205335570863,0.8066666666666668,0.8066666666666668,0.0,0.972220778465271,0.9779319763183594,-0.005711197853088379,0.9908690452575684,0.9025847315788269,0.08828431367874146,0.9893480385653675,0.8860318269580603,0.1033162116073072
3869,rust,errors,exceptions,warnings,diagnostic,0.6434588841607617,0.6434588841607617,0.0,0.8571428571428571,0.8571428571428571,0.0,0.8250335486873503,0.8086000830783232,0.016433465609027142,0.8412698412698414,0.8412698412698414,0.0,0.9846157431602478,0.9853039979934692,-0.0006882548332214355,0.9526773691177368,0.8959782719612122,0.05669909715652466,0.9279104378074408,0.8856546301394701,0.04225580766797066
3872,rust,methods,functions,attributes,close_entity,0.4889230224349009,0.4889230224349009,0.0,0.875,0.875,0.0,0.7825566980014422,0.7786608055717481,0.0038958924296941255,0.8412698412698414,0.8412698412698414,0.0,0.9670568108558655,0.974651575088501,-0.007594764232635498,0.9833143949508667,0.8642690181732178,0.11904537677764893,0.9786985940299928,0.8033266589045525,0.17537193512544036
3997,rust,test,check,config,infrastructure,0.9525618205602057,0.9525618205602057,0.0,0.98,0.98,0.0,0.9719814432265527,0.9704453244350688,0.0015361187914838537,0.9786831838474843,0.9786831838474843,0.0,0.9979493618011475,0.9913575053215027,0.006591856479644775,0.8280563950538635,0.04544016718864441,0.7826162278652191,0.8155577005818486,0.02854153886437416,0.7870161617174745
4000,rust,function,method,variable,close_entity,0.7611606003349888,0.7611606003349888,0.0,0.9,0.9,0.0,0.7950799857200395,0.7852614923551906,0.009818493364848857,0.8819444444444444,0.8819444444444444,0.0,0.993923544883728,0.9885923862457275,0.005331158638000488,0.9832108020782471,0.32882463932037354,0.6543861627578735,0.978718722704798,0.16255073249340057,0.8161679902113974
4028,rust,function,method,variable,close_entity,0.7419446627365011,0.7419446627365011,0.0,0.9,0.9,0.0,0.8489891888774236,0.8413558897042216,0.007633299173201991,0.8950617283950617,0.8950617283950617,0.0,0.9941037893295288,0.9850242137908936,0.009079575538635254,0.9728244543075562,0.6381043791770935,0.33472007513046265,0.9679503417573869,0.5205227062106133,0.44742763554677367
4209,rust,function,method,variable,close_entity,0.8153551038173119,0.8153551038173119,0.0,0.9166666666666666,0.9166666666666666,0.0,0.8213454399212599,0.8125564897206509,0.008788950200608991,0.9054545454545455,0.9054545454545455,0.0,0.9888356924057007,0.9818212985992432,0.0070143938064575195,0.9562616348266602,0.5880876183509827,0.3681740164756775,0.9506595977582037,0.41799114644527435,0.5326684513129294
4376,rust,tests,checks,configs,infrastructure,0.8492326635760686,0.8492326635760686,0.0,0.9444444444444444,0.9444444444444444,0.0,0.9347738154881126,0.931309247558002,0.003464567930110518,0.943675509419454,0.943675509419454,0.0,0.9916623830795288,0.9845980405807495,0.007064342498779297,0.9570971131324768,0.35127151012420654,0.6058256030082703,0.9535593877080828,0.14137974381446838,0.8121796438936144
4405,rust,function,method,variable,close_entity,0.8371170098777919,0.8371170098777919,0.0,0.9375,0.9375,0.0,0.8946280486204592,0.889065336191059,0.005562712429400207,0.9363888888888889,0.9363888888888889,0.0,0.9961531162261963,0.9888297319412231,0.0073233842849731445,0.9914515614509583,0.5308970808982849,0.46055448055267334,0.9895151853561401,0.1798766851425171,0.809638500213623
4496,rust,method,function,attribute,close_entity,0.7016879391277372,0.7016879391277372,0.0,0.9,0.9,0.0,0.8192995573653217,0.8158966077436182,0.0034029496217035105,0.8819444444444444,0.8819444444444444,0.0,0.993547260761261,0.9817322492599487,0.011815011501312256,0.9771602153778076,0.648064911365509,0.3290953040122986,0.9715357623063028,0.481638103723526,0.4898976585827768
4566,rust,test,check,config,infrastructure,0.8408964152537145,0.8408964152537145,0.0,0.9,0.9,0.0,0.9151566990583843,0.9080252500650883,0.007131448993295986,0.8737244897959183,0.8737244897959183,0.0,0.9872193336486816,0.9775486588478088,0.009670674800872803,0.9732576608657837,0.07433497160673141,0.8989226892590523,0.9720722754718736,-0.02516467124223709,0.9972369467141107
4574,rust,inputs,entries,outputs,directional,0.6687403049764218,0.6687403049764218,0.0,0.8000000000000002,0.8000000000000002,0.0,0.8174980135840181,0.8492284946650543,-0.031730481081036266,0.7937500000000002,0.7937500000000002,0.0,0.9781959056854248,0.9851630926132202,-0.00696718692779541,0.47297483682632446,0.005639453884214163,0.4673353829421103,0.005288630723953247,-0.9743222990073264,0.9796109297312796
4591,rust,function,method,variable,close_entity,0.82651681837938,0.82651681837938,0.0,0.9090909090909091,0.9090909090909091,0.0,0.824514009313955,0.8157011438087012,0.008812865505253842,0.9054545454545455,0.9054545454545455,0.0,0.986524224281311,0.988908052444458,-0.0023838281631469727,0.987413763999939,0.19093479216098785,0.7964789718389511,0.9823268139734864,-0.35474972426891327,1.3370765382423997
4722,rust,function,method,variable,close_entity,0.6606328636027612,0.6606328636027612,0.0,0.875,0.875,0.0,0.8072271250206322,0.7978764933915294,0.009350631629102768,0.8412698412698414,0.8412698412698414,0.0,0.9898653030395508,0.9820330142974854,0.00783228874206543,0.9949471354484558,0.2452639937400818,0.749683141708374,0.9936433949042112,-0.4017237424850464,1.3953671373892576
4727,rust,function,method,variable,close_entity,0.5969491792019644,0.5969491792019644,0.0,0.8888888888888888,0.8888888888888888,0.0,0.7597462745964053,0.7486475851620491,0.011098689434356213,0.8819444444444444,0.8819444444444444,0.0,0.991744875907898,0.9819765686988831,0.009768307209014893,0.9395103454589844,0.03150097653269768,0.9080093689262867,0.9103775508701801,-0.753998477011919,1.6643760278820992
4745,rust,function,method,variable,close_entity,0.7071067811865478,0.7071067811865478,0.0,0.9090909090909091,0.9090909090909091,0.0,0.8033414864975312,0.7938396468892347,0.009501839608296536,0.8950617283950617,0.8950617283950617,0.0,0.9901841878890991,0.977974534034729,0.012209653854370117,0.9538876414299011,0.1643032282590866,0.7895844131708145,0.9296470768749714,-0.25315339863300323,1.1828004755079746
4747,rust,inputs,entries,outputs,directional,0.9036020036098446,0.9036020036098446,0.0,0.9166666666666666,0.9166666666666666,0.0,0.9000393908438841,0.917731171705039,-0.01769178086115497,0.9163223140495868,0.9163223140495868,0.0,0.9800499677658081,0.9812332391738892,-0.0011832714080810547,0.9393542408943176,0.018851861357688904,0.9205023795366287,0.93295618891716,-0.8019596487283707,1.7349158376455307
4749,rust,function,method,variable,close_entity,0.902927430112354,0.902927430112354,0.0,0.9545454545454546,0.9545454545454546,0.0,0.9064010922518115,0.9012453370530236,0.00515575519878797,0.954371521335807,0.954371521335807,0.0,0.9967806339263916,0.9941054582595825,0.002675175666809082,0.9797335267066956,0.4587043821811676,0.521029144525528,0.9790908697759733,0.24558058381080627,0.733510285965167
4749,rust,input,entry,output,directional,0.9427781070492712,0.9427781070492712,0.0,0.9772727272727273,0.9772727272727273,0.0,0.9648631798636912,0.9769683568678263,-0.01210517700413516,0.9772235606470329,0.9772235606470329,0.0,0.9964879751205444,0.9975305795669556,-0.0010426044464111328,0.9097164273262024,0.026179742068052292,0.8835366852581501,0.9078067365335301,-0.8274119384586811,1.7352186749922112
4749,rust,inputs,entries,outputs,directional,0.9427781070492712,0.9427781070492712,0.0,0.9772727272727273,0.9772727272727273,0.0,0.9647248704762349,0.9769683568678263,-0.012243486391591452,0.9772235606470329,0.9772235606470329,0.0,0.9969414472579956,0.9982020258903503,-0.0012605786323547363,0.9032219648361206,0.027201194316148758,0.8760207705199718,0.9010768786538392,-0.34094155952334404,1.2420184381771833
4758,rust,function,method,variable,close_entity,0.7506238537503396,0.7506238537503396,0.0,0.8888888888888888,0.8888888888888888,0.0,0.7608329631708682,0.7491664791087128,0.011666484062155424,0.8819444444444444,0.8819444444444444,0.0,0.9895150065422058,0.9835288524627686,0.005986154079437256,0.9868803024291992,0.47010189294815063,0.5167784094810486,0.9834030086640269,0.15045294165611267,0.8329500670079142
4808,rust,method,function,attribute,close_entity,0.7825422900366432,0.7825422900366432,0.0,0.9285714285714286,0.9285714285714286,0.0,0.8026257999148136,0.8026458047089541,-2.0004794140437987e-05,0.9268808114961962,0.9268808114961962,0.0,0.9934390783309937,0.9877952337265015,0.0056438446044921875,0.9746979475021362,0.8451471924781799,0.1295507550239563,0.967596204020083,0.790725689381361,0.17687051463872194
4825,rust,parameters,arguments,constants,close_entity,0.3799178428257963,0.3799178428257963,0.0,0.8333333333333334,0.8333333333333334,0.0,0.625835318846747,0.5916956563913578,0.03413966245538924,0.8066666666666668,0.8066666666666668,0.0,0.9684823751449585,0.9654651880264282,0.0030171871185302734,0.955030083656311,0.8846710324287415,0.07035905122756958,0.9438022440299392,0.842648234218359,0.10115400981158018
4838,rust,function,method,variable,close_entity,0.4272870063962342,0.4272870063962342,0.0,0.8000000000000002,0.8000000000000002,0.0,0.6330804444420796,0.6183721854986223,0.014708258943457286,0.7500000000000001,0.7500000000000001,0.0,0.9885107278823853,0.9806450009346008,0.007865726947784424,0.9826929569244385,0.17800083756446838,0.8046921193599701,0.9789086822420359,-0.5233047306537628,1.5022134128957987
4838,rust,inputs,entries,outputs,directional,0.6687403049764218,0.6687403049764218,0.0,0.8000000000000002,0.8000000000000002,0.0,0.7973925166893727,0.8324635965926284,-0.03507107990325564,0.7937500000000002,0.7937500000000002,0.0,0.9746063947677612,0.9864304065704346,-0.01182401180267334,0.3502245843410492,0.005405510310083628,0.34481907403096557,-0.2373175323009491,-0.965642964001745,0.7283254317007959
4901,rust,log,trace,output,infrastructure,0.9157103753711765,0.9157103753711765,0.0,0.967741935483871,0.967741935483871,0.0,0.9550939517046294,0.9548862022582305,0.00020774944639889714,0.9675985663082438,0.9675985663082438,0.0,0.9955720901489258,0.9940296411514282,0.0015424489974975586,0.8274003863334656,0.7731457352638245,0.05425465106964111,0.70209039747715,0.6372462064027786,0.06484419107437134
4924,rust,function,method,variable,close_entity,0.7910665071754353,0.7910665071754353,0.0,0.9230769230769231,0.9230769230769231,0.0,0.8418709087306879,0.8337933058668797,0.008077602863808209,0.920940170940171,0.920940170940171,0.0,0.9908798933029175,0.9892891645431519,0.001590728759765625,0.506545901298523,0.007993659004569054,0.4985522422939539,0.06455516815185547,-0.9607910308986902,1.0253461990505457
4924,rust,method,function,attribute,close_entity,0.9121679090703875,0.9121679090703875,0.0,0.9230769230769231,0.9230769230769231,0.0,0.9017047207360837,0.8987995275504297,0.0029051931856539648,0.9158653846153847,0.9228098290598291,-0.00694444444444442,0.9923692345619202,0.9855227470397949,0.006846487522125244,0.629993736743927,0.08769464492797852,0.5422990918159485,0.5704924315214157,0.04768520966172218,0.5228072218596935
4937,rust,function,method,variable,close_entity,0.8633400213704508,0.8633400213704508,0.0,0.9,0.9,0.0,0.8483841398325004,0.8381145526357322,0.010269587196768182,0.8880208333333333,0.8880208333333333,0.0,0.9931172132492065,0.9849516153335571,0.008165597915649414,0.9022334218025208,0.22793389856815338,0.6742995232343674,0.8784070890396833,0.17518963664770126,0.7032174523919821
4991,rust,function,method,variable,close_entity,0.8843865924896839,0.8843865924896839,0.0,0.9565217391304348,0.9565217391304348,0.0,0.9155813118030843,0.9110374497773869,0.004543862025697454,0.9561624146604384,0.9561624146604384,0.0,0.9979699850082397,0.9931853413581848,0.004784643650054932,0.9604350924491882,0.6513633728027344,0.30907171964645386,0.9566899542696774,0.4610890746116638,0.4956008796580136
5024,rust,log,trace,output,infrastructure,0.6434588841607617,0.6434588841607617,0.0,0.8571428571428571,0.8571428571428571,0.0,0.8229669749558637,0.8227006413982759,0.00026633355758776123,0.8412698412698414,0.8412698412698414,0.0,0.9723731875419617,0.9723258018493652,4.738569259643555e-05,0.027885254472494125,0.4834986627101898,-0.4556134082376957,-0.9162043370306492,0.15464216470718384,-1.070846501737833
5025,rust,method,function,attribute,close_entity,0.6606328636027612,0.6606328636027612,0.0,0.8888888888888888,0.8888888888888888,0.0,0.8230364621966589,0.8229812189228393,5.5243273819671757e-05,0.8819444444444444,0.8819444444444444,0.0,0.9909977912902832,0.9656484723091125,0.025349318981170654,0.9020128846168518,0.766817033290863,0.13519585132598877,0.8946435716934502,0.7154922969639301,0.17915127472952008
5076,rust,function,method,variable,close_entity,0.7071067811865478,0.7071067811865478,0.0,0.875,0.875,0.0,0.7253164391791083,0.7124139633330809,0.012902475846027328,0.864795918367347,0.864795918367347,0.0,0.9916872978210449,0.9786214828491211,0.013065814971923828,0.9897225499153137,0.3992201089859009,0.5905024409294128,0.9867650258820504,0.0051087141036987305,0.9816563117783517
5083,rust,function,method,variable,close_entity,0.6434588841607617,0.6434588841607617,0.0,0.8571428571428571,0.8571428571428571,0.0,0.6882596779492488,0.6742023313943502,0.014057346554898653,0.8412698412698414,0.8412698412698414,0.0,0.9798341393470764,0.9765415787696838,0.003292560577392578,0.9935665726661682,0.8548526167869568,0.13871395587921143,0.9925062761176378,0.7941111773252487,0.19839509879238904
5102,rust,function,method,variable,close_entity,0.7506238537503396,0.7506238537503396,0.0,0.8888888888888888,0.8888888888888888,0.0,0.7451528918537071,0.7283382938955696,0.016814597958137556,0.8819444444444444,0.8819444444444444,0.0,0.9810684323310852,0.9780163168907166,0.0030521154403686523,0.9927901029586792,0.7915834784507751,0.20120662450790405,0.9914404544979334,0.6896650120615959,0.30177544243633747
5130,rust,error,exception,warning,diagnostic,0.7506238537503396,0.7506238537503396,0.0,0.875,0.875,0.0,0.8370416647514313,0.8218474620456806,0.01519420270575067,0.8412698412698414,0.8412698412698414,0.0,0.9920580387115479,0.9910746216773987,0.00098341703414917,0.9773844480514526,0.7940155267715454,0.18336892127990723,0.9752617490012199,0.7472711093723774,0.22799063962884247
5135,rust,function,method,variable,close_entity,0.7071067811865478,0.7071067811865478,0.0,0.9,0.9,0.0,0.7860930283912356,0.7759375421320381,0.010155486259197488,0.8950617283950617,0.8950617283950617,0.0,0.9949072003364563,0.9864460825920105,0.0084611177444458,0.9850152730941772,0.702516496181488,0.2824987769126892,0.9801963535137475,0.5329568237066269,0.44723952980712056
5161,rust,error,exception,warning,diagnostic,0.6434588841607617,0.6434588841607617,0.0,0.8571428571428571,0.8571428571428571,0.0,0.8111116081944314,0.7932204011312707,0.01789120706316072,0.8412698412698414,0.8412698412698414,0.0,0.9795926809310913,0.9541407823562622,0.0254518985748291,0.6527602076530457,0.008377328515052795,0.6443828791379929,0.3413253426551819,-0.8868484348058701,1.228173777461052
5161,rust,errors,exceptions,warnings,diagnostic,0.8091067115702206,0.8091067115702206,0.0,0.8571428571428571,0.8571428571428571,0.0,0.8564346043359514,0.8390420423281397,0.017392562007811696,0.8551587301587302,0.8551587301587302,0.0,0.9806970357894897,0.977878212928772,0.0028188228607177734,0.8472856283187866,0.03147003799676895,0.8158155903220177,0.8107834160327911,-0.849672757089138,1.6604561731219292
5236,rust,function,method,variable,close_entity,0.6606328636027612,0.6606328636027612,0.0,0.8888888888888888,0.8888888888888888,0.0,0.8145548582194843,0.8054933483022643,0.00906150991721999,0.8819444444444444,0.8819444444444444,0.0,0.9862703680992126,0.9732164144515991,0.013053953647613525,0.9907358288764954,0.8622066974639893,0.1285291314125061,0.9887991797877476,0.8175990879535675,0.17120009183418006
5301,rust,function,method,variable,close_entity,0.8423626743789745,0.8423626743789745,0.0,0.9285714285714286,0.9285714285714286,0.0,0.8367585014370094,0.8281610232966011,0.008597478140408232,0.920940170940171,0.920940170940171,0.0,0.9929906129837036,0.9886738657951355,0.004316747188568115,0.988953709602356,0.49167600274086,0.49727770686149597,0.9875042163766921,0.4555213190615177,0.5319828973151743
5308,rust,function,method,variable,close_entity,0.9036020036098446,0.9036020036098446,0.0,0.9375,0.9375,0.0,0.84661608060023,0.8388806646698136,0.007735415930416378,0.9139118457300276,0.9139118457300276,0.0,0.9959482550621033,0.9894078969955444,0.006540358066558838,0.9018357396125793,0.2738756239414215,0.6279601156711578,0.8891225894913077,0.10672610998153687,0.7823964795097709
5349,rust,function,method,variable,close_entity,0.7611606003349888,0.7611606003349888,0.0,0.9,0.9,0.0,0.8577897170155441,0.8505398904506197,0.007249826564924344,0.864795918367347,0.864795918367347,0.0,0.9939451813697815,0.9904632568359375,0.003481924533843994,0.981255292892456,0.7955217957496643,0.18573349714279175,0.9760395027697086,0.7164351493120193,0.2596043534576893
5354,rust,error,exception,warning,diagnostic,0.8942255541978504,0.8942255541978504,0.0,0.9523809523809523,0.9523809523809523,0.0,0.9404617824943649,0.9352570959700087,0.005204686524356128,0.943675509419454,0.943675509419454,0.0,0.9958087205886841,0.9955371618270874,0.0002715587615966797,0.9687095284461975,0.6930781602859497,0.2756313681602478,0.9666727143339813,0.682813229970634,0.2838594843633473
5456,rust,function,method,variable,close_entity,0.6580370064762461,0.6580370064762461,0.0,0.875,0.875,0.0,0.8072271250206322,0.8010211474795796,0.006205977541052565,0.8412698412698414,0.8412698412698414,0.0,0.9953035712242126,0.9881798028945923,0.007123768329620361,0.9901121258735657,0.9089005589485168,0.08121156692504883,0.9870666633360088,0.8695664741098881,0.11750018922612071
5493,rust,function,method,variable,close_entity,0.7825422900366432,0.7825422900366432,0.0,0.9166666666666666,0.9166666666666666,0.0,0.8213454399212599,0.8125564897206509,0.008788950200608991,0.9139118457300276,0.9139118457300276,0.0,0.9963221549987793,0.9888933897018433,0.007428765296936035,0.8884801864624023,0.45956951379776,0.42891067266464233,0.8287489712238312,0.1522715985774994,0.6764773726463318
5501,rust,function,method,variable,close_entity,0.8070557274927979,0.8070557274927979,0.0,0.9090909090909091,0.9090909090909091,0.0,0.8018118605996039,0.7917292941433948,0.010082566456209086,0.9054545454545455,0.9054545454545455,0.0,0.9916624426841736,0.9855353832244873,0.006127059459686279,0.9910085797309875,0.6930341720581055,0.2979744076728821,0.9895182934124023,0.5468153208494186,0.44270297256298363
5502,rust,function,method,variable,close_entity,0.7419446627365011,0.7419446627365011,0.0,0.9090909090909091,0.9090909090909091,0.0,0.8143222626744052,0.8050914635986777,0.009230799075727547,0.9054545454545455,0.9054545454545455,0.0,0.9932417273521423,0.9735261797904968,0.019715547561645508,0.9914584755897522,0.008748594671487808,0.9827098809182644,0.9887834647670388,-0.9378827773034573,1.926666242070496
5508,rust,error,exception,warning,diagnostic,0.5410822690539397,0.5410822690539397,0.0,0.75,0.75,0.0,0.6609507703789529,0.6230918744718826,0.037858895907070256,0.7361111111111112,0.7361111111111112,0.0,0.967760443687439,0.9562388062477112,0.011521637439727783,0.351893812417984,0.00862520094960928,0.34326861146837473,-0.22218963503837585,-0.9066534722223878,0.6844638371840119
5569,rust,comment,note,command,infrastructure,0.7071067811865478,0.7071067811865478,0.0,0.9,0.9,0.0,0.7643742484630869,0.8467727095436075,-0.08239846108052062,0.8950617283950617,0.8950617283950617,0.0,0.9507168531417847,0.9492264986038208,0.0014903545379638672,0.9045594930648804,0.21720468997955322,0.6873548030853271,0.8796071019023657,-0.34909528493881226,1.228702386841178
5618,rust,methods,functions,attributes,close_entity,0.8633400213704508,0.8633400213704508,0.0,0.8888888888888888,0.8888888888888888,0.0,0.8419555822211214,0.8381357957030957,0.003819786518025725,0.8880208333333333,0.8880208333333333,0.0,0.9932100772857666,0.9816964864730835,0.011513590812683105,0.9436393976211548,0.07863616198301315,0.8650032356381416,0.9370578154921532,-0.14218837767839432,1.0792461931705475
5728,rust,warning,alert,error,diagnostic,0.7506238537503396,0.7506238537503396,0.0,0.8888888888888888,0.8888888888888888,0.0,0.8233248131637229,0.8201562435480777,0.003168569615645156,0.8819444444444444,0.8819444444444444,0.0,0.9904201030731201,0.9790569543838501,0.01136314868927002,0.9709020256996155,0.8004324436187744,0.17046958208084106,0.9508923962712288,0.7177901938557625,0.2331022024154663
5769,rust,log,trace,output,infrastructure,0.3799178428257963,0.3799178428257963,0.0,0.8333333333333334,0.8333333333333334,0.0,0.8229669749558637,0.8227006413982759,0.00026633355758776123,0.8066666666666668,0.8066666666666668,0.0,0.9736738204956055,0.9641717672348022,0.009502053260803223,0.9753153324127197,0.9673207998275757,0.007994532585144043,0.9681077557615936,0.9639355943072587,0.004172161454334855
5790,rust,errors,exceptions,warnings,diagnostic,0.4111336169005196,0.4111336169005196,0.0,0.8571428571428571,0.8571428571428571,0.0,0.8005280047839463,0.7815134792953634,0.019014525488582845,0.8412698412698414,0.8412698412698414,0.0,0.9840222597122192,0.9830607771873474,0.0009614825248718262,0.983954906463623,0.8105653524398804,0.17338955402374268,0.9799014809541404,0.781256627291441,0.19864485366269946
5801,rust,error,exception,warning,diagnostic,0.7071067811865478,0.7071067811865478,0.0,0.875,0.875,0.0,0.7753438766143549,0.7536035150716376,0.0217403615427173,0.864795918367347,0.864795918367347,0.0,0.986812949180603,0.9880348443984985,-0.0012218952178955078,0.9829067587852478,0.6042149066925049,0.3786918520927429,0.9807415432296693,0.5915870303288102,0.3891545129008591
5813,rust,error,exception,warning,diagnostic,0.5000000000000001,0.5000000000000001,0.0,0.875,0.875,0.0,0.8441704001318834,0.8297040040289939,0.014466396102889467,0.864795918367347,0.864795918367347,0.0,0.9833263754844666,0.9854870438575745,-0.00216066837310791,0.9782055020332336,0.8192908763885498,0.15891462564468384,0.9750947342254221,0.8177255181362852,0.1573692160891369
5935,rust,comment,note,command,infrastructure,0.5946035575013611,0.5946035575013611,0.0,0.8888888888888888,0.8888888888888888,0.0,0.8259137226000022,0.8884823806179889,-0.06256865801798672,0.864795918367347,0.864795918367347,0.0,0.9891394376754761,0.9783331155776978,0.01080632209777832,0.9763047695159912,0.36633315682411194,0.6099716126918793,0.9743605441180989,0.20372971892356873,0.7706308251945302
5961,rust,warning,alert,error,diagnostic,0.7016879391277372,0.7016879391277372,0.0,0.9,0.9,0.0,0.830176571003349,0.8271240664536416,0.003052504549707402,0.8819444444444444,0.8819444444444444,0.0,0.9869327545166016,0.9832406044006348,0.003692150115966797,0.9880189299583435,0.644957959651947,0.3430609703063965,0.9867432974278927,0.6304345326498151,0.3563087647780776
5995,rust,error,exception,warning,diagnostic,0.35355339059327373,0.35355339059327373,0.0,0.75,0.75,0.0,0.7228039671267649,0.6951346832900499,0.027669283836714964,0.6388888888888888,0.6388888888888888,0.0,0.9708013534545898,0.9729287624359131,-0.002127408981323242,0.9920810461044312,0.9751541018486023,0.016926944255828857,0.9905797069659457,0.9737084521912038,0.01687125477474183
6027,rust,warning,alert,error,diagnostic,0.7016879391277372,0.7016879391277372,0.0,0.9,0.9,0.0,0.8196871063739483,0.8164571302210791,0.0032299761528691295,0.8950617283950617,0.8950617283950617,0.0,0.9782073497772217,0.9789769053459167,-0.0007695555686950684,0.9963476061820984,0.9565993547439575,0.03974825143814087,0.9956227807560936,0.94985072594136,0.045772054814733565
6027,rust,log,trace,output,infrastructure,0.7419446627365011,0.7419446627365011,0.0,0.9,0.9,0.0,0.8804512798396082,0.880106523750589,0.00034475608901929355,0.8950617283950617,0.8950617283950617,0.0,0.9701492786407471,0.9785138964653015,-0.008364617824554443,0.8412535786628723,0.9197970628738403,-0.07854348421096802,0.7499676272273064,0.8812028169631958,-0.13123518973588943
6049,rust,method,function,attribute,close_entity,0.8153551038173119,0.8153551038173119,0.0,0.9375,0.9375,0.0,0.8879127145230494,0.8898783461752326,-0.0019656316521832196,0.9363888888888889,0.9363888888888889,0.0,0.994598388671875,0.989700436592102,0.004897952079772949,0.9723074436187744,0.9246244430541992,0.047683000564575195,0.9670419506728649,0.9191066646017134,0.047935286071151495
6081,rust,method,function,attribute,close_entity,0.9234732618882049,0.9234732618882049,0.0,0.9615384615384616,0.9615384615384616,0.0,0.9358027466850051,0.9356362789597311,0.00016646772527395548,0.943675509419454,0.943675509419454,0.0,0.9975811243057251,0.9943227171897888,0.0032584071159362793,0.945068359375,0.8994215726852417,0.0456467866897583,0.9436779179377481,0.8964863873552531,0.047191530582495034
6081,rust,methods,functions,attributes,close_entity,0.7742512525806917,0.7742512525806917,0.0,0.8846153846153846,0.8846153846153846,0.0,0.8085561498764711,0.8049728740184002,0.0035832758580708335,0.8254320987654322,0.8254320987654322,0.0,0.9946978092193604,0.9882481098175049,0.006449699401855469,0.9546935558319092,0.5736601948738098,0.38103336095809937,0.9522851689253002,0.5064477846026421,0.4458373843226582
6081,rust,error,exception,warning,diagnostic,0.9472731793786383,0.9472731793786383,0.0,0.9615384615384616,0.9615384615384616,0.0,0.9466918785617131,0.942050325480892,0.004641553080821148,0.943675509419454,0.943675509419454,0.0,0.9960604906082153,0.9975842237472534,-0.001523733139038086,0.8615275621414185,0.8907822966575623,-0.0292547345161438,0.8556522531434894,0.8854445181787014,-0.02979226503521204
6081,rust,test,check,config,infrastructure,0.9234732618882049,0.9234732618882049,0.0,0.9615384615384616,0.9615384615384616,0.0,0.9509401117780506,0.9482979042767316,0.0026422075013190494,0.943675509419454,0.943675509419454,0.0,0.9922168254852295,0.9943833351135254,-0.0021665096282958984,0.9477930068969727,0.6450778841972351,0.30271512269973755,0.9460240975022316,0.6355355009436607,0.31048859655857086
6114,rust,test,check,config,infrastructure,0.6580370064762461,0.6580370064762461,0.0,0.8888888888888888,0.8888888888888888,0.0,0.8675963704096945,0.8676254002392989,-2.9029829604398927e-05,0.864795918367347,0.864795918367347,0.0,0.9878385066986084,0.9653943181037903,0.022444188594818115,0.9949156045913696,0.42651262879371643,0.5684029757976532,0.9938697372563183,0.18214836716651917,0.8117213700897992
6125,rust,methods,functions,attributes,close_entity,0.7691605673134587,0.7691605673134587,0.0,0.9090909090909091,0.9090909090909091,0.0,0.8396180019172624,0.8365164856840254,0.003101516233237067,0.9054545454545455,0.9054545454545455,0.0,0.987118124961853,0.9856764078140259,0.0014417171478271484,0.9886518120765686,0.9609694480895996,0.027682363986968994,0.9851096961647272,0.9406424295157194,0.0444672666490078
6160,rust,error,exception,warning,diagnostic,0.3799178428257963,0.3799178428257963,0.0,0.8333333333333334,0.8333333333333334,0.0,0.7428583992830063,0.7174910945962003,0.025367304686806036,0.8066666666666668,0.8066666666666668,0.0,0.9754700660705566,0.975068211555481,0.0004018545150756836,0.7068945169448853,0.6623024344444275,0.044592082500457764,0.662141140550375,0.6474548606202006,0.01468627993017435
6160,rust,errors,exceptions,warnings,diagnostic,0.7598356856515927,0.7598356856515927,0.0,0.8333333333333334,0.8333333333333334,0.0,0.805133276816662,0.7807114623106561,0.02442181450600589,0.8300000000000002,0.8300000000000002,0.0,0.9799092411994934,0.9737623929977417,0.006146848201751709,0.5831190347671509,0.10399900376796722,0.47912003099918365,0.5722687114030123,-0.016838446259498596,0.5891071576625109
6169,rust,error,exception,warning,diagnostic,0.7071067811865478,0.7071067811865478,0.0,0.8571428571428571,0.8571428571428571,0.0,0.8111116081944314,0.7932204011312707,0.01789120706316072,0.8066666666666668,0.8066666666666668,0.0,0.976558268070221,0.9814467430114746,-0.004888474941253662,0.9758760333061218,0.6797609925270081,0.29611504077911377,0.9748867661692202,0.6716765826568007,0.30321018351241946
6274,rust,test,check,config,infrastructure,0.3799178428257963,0.3799178428257963,0.0,0.8333333333333334,0.8333333333333334,0.0,0.7588900933746825,0.7479861942697235,0.010903899104959036,0.8066666666666668,0.8066666666666668,0.0,0.9768358469009399,0.9667702913284302,0.010065555572509766,0.9809699058532715,0.31376150250434875,0.6672084033489227,0.9761388306505978,-0.004868566989898682,0.9810073976404965
6342,rust,test,check,config,infrastructure,0.30213753973567675,0.30213753973567675,0.0,0.8000000000000002,0.8000000000000002,0.0,0.689938299124898,0.676853982522572,0.013084316602326007,0.7500000000000001,0.7500000000000001,0.0,0.9778103828430176,0.9674224853515625,0.010387897491455078,0.9907109141349792,0.19966310262680054,0.7910478115081787,0.9887224675621837,-0.2381460964679718,1.2268685640301555
6380,rust,function,method,variable,close_entity,0.7598356856515927,0.7598356856515927,0.0,0.8333333333333334,0.8333333333333334,0.0,0.8031309008454506,0.7903892686787425,0.012741632166708095,0.8300000000000002,0.8300000000000002,0.0,0.9915632605552673,0.9824991226196289,0.009064137935638428,0.9664308428764343,0.5876408219337463,0.378790020942688,0.9618005566298962,0.5463038198649883,0.41549673676490784
6427,rust,function,method,variable,close_entity,0.5946035575013611,0.5946035575013611,0.0,0.8571428571428571,0.8571428571428571,0.0,0.7180556977234864,0.7056003613279155,0.012455336395570948,0.8412698412698414,0.8412698412698414,0.0,0.9929088354110718,0.9808810353279114,0.0120278000831604,0.9781754612922668,0.003997718915343285,0.9741777423769236,0.967102606780827,-0.9729238990694284,1.9400265058502555
6487,rust,argument,parameter,keyword,close_entity,0.5946035575013611,0.5946035575013611,0.0,0.8888888888888888,0.8888888888888888,0.0,0.6886329670035133,0.6719438160648356,0.016689150938677733,0.864795918367347,0.864795918367347,0.0,0.9793804287910461,0.9748622179031372,0.0045182108879089355,0.9641308188438416,0.01896830089390278,0.9451625179499388,0.9587779738940299,-0.6630102824419737,1.6217882563360035
6560,rust,functions,methods,variables,close_entity,0.8666415730847506,0.8666415730847506,0.0,0.9166666666666666,0.9166666666666666,0.0,0.8484223252873193,0.839888426341585,0.008533898945734308,0.9086363636363638,0.9086363636363638,0.0,0.9955143928527832,0.9881036281585693,0.007410764694213867,0.7672809958457947,0.01255225483328104,0.7547287410125136,0.5969789922237396,-0.868496066890657,1.4654750591143966
6569,rust,errors,exceptions,warnings,diagnostic,0.8801117367933934,0.8801117367933934,0.0,0.8888888888888888,0.8888888888888888,0.0,0.8669357982245551,0.8509281745189581,0.01600762370559705,0.8737244897959183,0.8737244897959183,0.0,0.9842806458473206,0.9819823503494263,0.002298295497894287,0.6822187900543213,0.1710023432970047,0.5112164467573166,0.6767152701504529,0.06744984537363052,0.6092654247768223
6652,rust,parameter,argument,constant,close_entity,0.961284287232436,0.961284287232436,0.0,0.9761904761904762,0.9761904761904762,0.0,0.9468749297496024,0.942566043056552,0.004308886693050407,0.9761338205716552,0.9761338205716552,0.0,0.9984861612319946,0.9955567121505737,0.0029294490814208984,0.7706807255744934,0.05398739501833916,0.7166933305561543,0.6815522685647011,-0.7928370125591755,1.4743892811238766
6724,rust,function,method,variable,close_entity,0.8942255541978504,0.8942255541978504,0.0,0.9565217391304348,0.9565217391304348,0.0,0.9155813118030843,0.9110374497773869,0.004543862025697454,0.9561624146604384,0.9561624146604384,0.0,0.9970639944076538,0.9939343929290771,0.00312960147857666,0.8334110379219055,0.4503149092197418,0.3830961287021637,0.823535562492907,0.43517948780208826,0.3883560746908188
6772,rust,method,function,attribute,close_entity,0.9127592114472296,0.9127592114472296,0.0,0.96,0.96,0.0,0.9244824964354208,0.9228622013099184,0.0016202951255024356,0.9494459833795015,0.9494459833795015,0.0,0.9967992305755615,0.9927452206611633,0.004054009914398193,0.8598323464393616,0.40823936462402344,0.45159298181533813,0.8461585668846965,0.3422180637717247,0.5039405031129718
6792,rust,functions,methods,variables,close_entity,0.8867047947918719,0.8867047947918719,0.0,0.9500000000000001,0.9500000000000001,0.0,0.9117673083821358,0.9070347826678935,0.004732525714242319,0.9494459833795015,0.9494459833795015,0.0,0.9972008466720581,0.9939455389976501,0.003255307674407959,0.9683535695075989,0.0292400810867548,0.9391134884208441,0.96557403402403,-0.8720745947211981,1.837648628745228
6792,rust,parameters,arguments,constants,close_entity,0.8725129388059685,0.8725129388059685,0.0,0.9500000000000001,0.9500000000000001,0.0,0.9055489124808436,0.9011422556811582,0.004406656799685327,0.9494459833795015,0.9494459833795015,0.0,0.9942487478256226,0.9923044443130493,0.0019443035125732422,0.23914018273353577,0.004680222366005182,0.23445996036753058,-0.43824025988578796,-0.9695529281161726,0.5313126682303846
7588,rust,test,check,config,infrastructure,0.82651681837938,0.82651681837938,0.0,0.9,0.9,0.0,0.8572601354853875,0.8495931378148334,0.007666997670554121,0.864795918367347,0.864795918367347,0.0,0.9859723448753357,0.9705111384391785,0.015461206436157227,0.9885511994361877,0.03167657181620598,0.9568746276199818,0.9868291823659092,-0.85413433983922,1.8409635222051293
7600,rust,test,check,config,infrastructure,0.7825422900366438,0.7825422900366438,0.0,0.9,0.9,0.0,0.8519602509638152,0.8446522700991944,0.007307980864620811,0.8819444444444444,0.8819444444444444,0.0,0.9829487204551697,0.9659798741340637,0.016968846321105957,0.9407614469528198,0.12006278336048126,0.8206986635923386,0.935009591281414,-0.14713071286678314,1.0821403041481972
7624,rust,error,exception,warning,diagnostic,0.537284965911771,0.537284965911771,0.0,0.8571428571428571,0.8571428571428571,0.0,0.8111116081944314,0.7932204011312707,0.01789120706316072,0.8066666666666668,0.8066666666666668,0.0,0.9764955639839172,0.9798662662506104,-0.0033707022666931152,0.9757770299911499,0.35312336683273315,0.6226536631584167,0.9698282107710838,0.25241825729608536,0.7174099534749985
7688,rust,error,exception,warning,diagnostic,0.35355339059327373,0.35355339059327373,0.0,0.75,0.75,0.0,0.7115512468305347,0.6825690890607531,0.028982157769781636,0.6388888888888888,0.6388888888888888,0.0,0.9808679819107056,0.9747634530067444,0.006104528903961182,0.616802990436554,0.18331772089004517,0.4334852695465088,0.29303187131881714,-0.4642411470413208,0.7572730183601379
7703,rust,function,method,variable,close_entity,0.6606328636027612,0.6606328636027612,0.0,0.8888888888888888,0.8888888888888888,0.0,0.7007379220885669,0.6877678132184774,0.012970108870089536,0.8819444444444444,0.8819444444444444,0.0,0.9918923377990723,0.9837421178817749,0.008150219917297363,0.9614583849906921,0.48367172479629517,0.477786660194397,0.9456531200557947,0.14823120832443237,0.7974219117313623
7703,rust,log,trace,output,infrastructure,0.7506238537503396,0.7506238537503396,0.0,0.8888888888888888,0.8888888888888888,0.0,0.8282748490685132,0.8279749430840142,0.00029990598449902706,0.8819444444444444,0.8819444444444444,0.0,0.9840542674064636,0.9855164289474487,-0.0014621615409851074,0.018422674387693405,0.0063272519037127495,0.012095422483980656,-0.9239613898098469,-0.9527931408956647,0.028831751085817814
7109,rust,parameters,arguments,constants,close_entity,0.7076534431960266,0.7076534431960266,0.0,0.8666666666666667,0.8666666666666667,0.0,0.7844579551927563,0.7708833474225645,0.013574607770191816,0.8436109345200256,0.8436109345200256,0.0,0.9858582019805908,0.984325110912323,0.0015330910682678223,0.10598637908697128,0.022332506254315376,0.0836538728326559,-0.49853334575891495,-0.8747139405459166,0.3761805947870016
7110,rust,imports,includes,exports,directional,0.8394327083733333,0.8394327083733333,0.0,0.9333333333333333,0.9333333333333333,0.0,0.9086470895895259,0.9463150216640631,-0.037667932074537225,0.9268808114961962,0.9268808114961962,0.0,0.982215166091919,0.9941174983978271,-0.011902332305908203,0.6318374872207642,0.0028864946216344833,0.6289509925991297,0.30607590079307556,-0.9853199515491724,1.291395852342248
7127,rust,method,function,attribute,close_entity,0.9440602839389663,0.9440602839389663,0.0,0.9743589743589743,0.9743589743589743,0.0,0.949143220890814,0.9489976319348442,0.00014558895596983312,0.9721315192743764,0.9721315192743764,0.0,0.9965429306030273,0.9918335676193237,0.004709362983703613,0.9637083411216736,0.04673201963305473,0.9169763214886189,0.9631445800187066,-0.101632509380579,1.0647770893992856
7289,rust,tests,checks,configs,infrastructure,0.855526185871245,0.855526185871245,0.0,0.9090909090909091,0.9090909090909091,0.0,0.9178921598152064,0.9128205112310358,0.0050716485841706405,0.9086363636363638,0.9086363636363638,0.0,0.991492509841919,0.9831575155258179,0.008334994316101074,0.8748067021369934,0.0864628255367279,0.7883438766002655,0.835291188210249,-0.6728754937648773,1.5081666819751263
7299,rust,functions,methods,variables,close_entity,0.9318384811154838,0.9318384811154838,0.0,0.967741935483871,0.967741935483871,0.0,0.9427847893003631,0.9396281101790356,0.0031566791213275547,0.9653413089373681,0.9653413089373681,0.0,0.9980180859565735,0.9958028793334961,0.0022152066230773926,0.9256229400634766,0.34544047713279724,0.5801824629306793,0.9235373041592538,-0.05461302399635315,0.978150328155607
7387,rust,test,check,config,infrastructure,0.8725129388059685,0.8725129388059685,0.0,0.9473684210526315,0.9473684210526315,0.0,0.9422683083784498,0.9391820198956805,0.0030862884827692616,0.9467186484730344,0.9467186484730344,0.0,0.9939205646514893,0.9854991436004639,0.00842142105102539,0.9483148455619812,0.33487480878829956,0.6134400367736816,0.9472592223901302,0.3277688352391124,0.6194903871510178
7424,rust,function,method,variable,close_entity,0.8153551038173119,0.8153551038173119,0.0,0.9285714285714286,0.9285714285714286,0.0,0.8832917915036327,0.8771957881165973,0.00609600338703542,0.9268808114961962,0.9268808114961962,0.0,0.9953723549842834,0.9939209818840027,0.0014513731002807617,0.9803553819656372,0.6628047227859497,0.3175506591796875,0.9726641527377069,0.4461576044559479,0.526506548281759
7439,rust,function,method,variable,close_entity,0.7611606003349888,0.7611606003349888,0.0,0.9230769230769231,0.9230769230769231,0.0,0.8306467150775076,0.8222383384782487,0.008408376599258971,0.920940170940171,0.920940170940171,0.0,0.9933076500892639,0.9894455671310425,0.0038620829582214355,0.890352189540863,0.05183359235525131,0.8385185971856117,0.8764920895919204,-0.093897245824337,0.9703893354162574
7439,rust,argument,parameter,keyword,close_entity,0.7611606003349888,0.7611606003349888,0.0,0.9230769230769231,0.9230769230769231,0.0,0.8358686614714641,0.8277988731178367,0.008069788353627372,0.920940170940171,0.920940170940171,0.0,0.9938926696777344,0.9837665557861328,0.010126113891601562,0.9874210357666016,0.11074245721101761,0.876678578555584,0.9831317290663719,0.05186843499541283,0.9312632940709591
7588,rust,test,check,config,infrastructure,0.82651681837938,0.82651681837938,0.0,0.9,0.9,0.0,0.8572601354853875,0.8495931378148334,0.007666997670554121,0.864795918367347,0.864795918367347,0.0,0.9859723448753357,0.9705111384391785,0.015461206436157227,0.9885511994361877,0.03167657181620598,0.9568746276199818,0.9868291823659092,-0.85413433983922,1.8409635222051293
7624,rust,error,exception,warning,diagnostic,0.537284965911771,0.537284965911771,0.0,0.8571428571428571,0.8571428571428571,0.0,0.8111116081944314,0.7932204011312707,0.01789120706316072,0.8066666666666668,0.8066666666666668,0.0,0.9764955639839172,0.9798662662506104,-0.0033707022666931152,0.9757770299911499,0.35312336683273315,0.6226536631584167,0.9698282107710838,0.25241825729608536,0.7174099534749985
7688,rust,error,exception,warning,diagnostic,0.35355339059327373,0.35355339059327373,0.0,0.75,0.75,0.0,0.7115512468305347,0.6825690890607531,0.028982157769781636,0.6388888888888888,0.6388888888888888,0.0,0.9808679819107056,0.9747634530067444,0.006104528903961182,0.616802990436554,0.18331772089004517,0.4334852695465088,0.29303187131881714,-0.4642411470413208,0.7572730183601379
7703,rust,function,method,variable,close_entity,0.6606328636027612,0.6606328636027612,0.0,0.8888888888888888,0.8888888888888888,0.0,0.7007379220885669,0.6877678132184774,0.012970108870089536,0.8819444444444444,0.8819444444444444,0.0,0.9918923377990723,0.9837421178817749,0.008150219917297363,0.9614583849906921,0.48367172479629517,0.477786660194397,0.9456531200557947,0.14823120832443237,0.7974219117313623
7703,rust,log,trace,output,infrastructure,0.7506238537503396,0.7506238537503396,0.0,0.8888888888888888,0.8888888888888888,0.0,0.8282748490685132,0.8279749430840142,0.00029990598449902706,0.8819444444444444,0.8819444444444444,0.0,0.9840542674064636,0.9855164289474487,-0.0014621615409851074,0.018422674387693405,0.0063272519037127495,0.012095422483980656,-0.9239613898098469,-0.9527931408956647,0.028831751085817814
7819,rust,error,exception,warning,diagnostic,0.3466806371753173,0.3466806371753173,0.0,0.6666666666666666,0.6666666666666666,0.0,0.45089005849863306,0.3853118250093518,0.06557823348928127,0.3333333333333333,0.3333333333333333,0.0,0.9611045122146606,0.9536448121070862,0.007459700107574463,0.9857261180877686,0.9130685329437256,0.07265758514404297,0.9810814931988716,0.9104732177220285,0.07060827547684312
