diff_id,language,anchor,synonym,antonym,entail_syn,entail_ant,contra_syn,contra_ant,signed_syn,signed_ant,entail_delta,signed_delta
227,cpp,allow,permit,forbid,0.9957066178321838,0.00039986890624277294,0.0009665321558713913,0.9991047978401184,0.9947400856763124,-0.9987049289338756,0.9953067489259411,1.993445014610188
634,cpp,add,insert,remove,0.9302112460136414,0.0002273009595228359,0.05665596202015877,0.9991305470466614,0.8735552839934826,-0.9989032460871385,0.9299839450541185,1.8724585300806211
932,cpp,add,insert,remove,0.9859243035316467,0.0001669508492341265,0.005920435767620802,0.9989972710609436,0.9800038677640259,-0.9988303202117095,0.9857573526824126,1.9788341879757354
932,cpp,disable,block,enable,0.9853261709213257,0.0006263732793740928,0.006990264169871807,0.9965189695358276,0.9783359067514539,-0.9958925962564535,0.9846997976419516,1.9742285030079074
932,cpp,create,build,destroy,0.9315698742866516,0.0002356753684580326,0.025200773030519485,0.9970781803131104,0.9063691012561321,-0.9968425049446523,0.9313341989181936,1.9032116062007844
1558,cpp,adding,inserting,removing,0.6182935833930969,9.491921082371846e-05,0.35832831263542175,0.9997617602348328,0.25996527075767517,-0.999666841024009,0.6181986641822732,1.2596321117816842
2427,cpp,added,inserted,removed,0.9870097637176514,0.00016992478049360216,0.007216146681457758,0.9993556141853333,0.9797936170361936,-0.9991856894048396,0.9868398389371578,1.9789793064410333
2909,cpp,remove,delete,insert,0.9862596988677979,0.0003216167096979916,0.0029797744937241077,0.9989976286888123,0.9832799243740737,-0.9986760119791143,0.9859380821580999,1.981955936353188
3149,cpp,added,inserted,removed,0.9958786964416504,0.0001032115105772391,0.0012775419745594263,0.9996460676193237,0.994601154467091,-0.9995428561087465,0.9957754849310732,1.9941440105758375
4054,cpp,add,insert,remove,0.9907934069633484,0.0001445085508748889,0.0011480592656880617,0.9986864924430847,0.9896453476976603,-0.9985419838922098,0.9906488984124735,1.9881873315898702
4103,cpp,adds,inserts,removes,0.9889348149299622,0.0001269470085389912,0.005689404439181089,0.9996709823608398,0.9832454104907811,-0.9995440353523009,0.9888078679214232,1.982789445843082
4442,cpp,add,insert,remove,0.9883221983909607,0.00010733436647569761,0.004171885084360838,0.9991791844367981,0.9841503133065999,-0.9990718500703224,0.988214864024485,1.9832221633769223
4496,cpp,added,inserted,removed,0.9566468000411987,0.00015250559954438359,0.03225097805261612,0.9992601275444031,0.9243958219885826,-0.9991076219448587,0.9564942944416543,1.9235034439334413
4496,cpp,allow,permit,forbid,0.9944766163825989,0.0002011736505664885,0.0011609832290560007,0.99952232837677,0.9933156331535429,-0.9993211547262035,0.9942754427320324,1.9926367878797464
5010,cpp,remove,delete,insert,0.9911535382270813,0.00018068654753733426,0.0026381437201052904,0.9993183612823486,0.988515394506976,-0.9991376747348113,0.990972851679544,1.9876530692417873
5208,cpp,include,contain,exclude,0.9251660108566284,0.00012682851229328662,0.021740805357694626,0.9994506239891052,0.9034252054989338,-0.9993237954768119,0.9250391823443351,1.9027490009757457
5697,cpp,add,insert,remove,0.9908673763275146,0.00011432696919655427,0.0026306025683879852,0.9991652965545654,0.9882367737591267,-0.9990509695853689,0.9907530493583181,1.9872877433444955
5709,cpp,remove,delete,insert,0.9700535535812378,0.0004200451949145645,0.006283045746386051,0.99595707654953,0.9637705078348517,-0.9955370313546155,0.9696335083863232,1.9593075391894672
5709,cpp,includes,contains,excludes,0.9564557075500488,0.0007291012443602085,0.007413074374198914,0.9974527955055237,0.9490426331758499,-0.9967236942611635,0.9557266063056886,1.9457663274370134
5971,cpp,added,inserted,removed,0.9961535334587097,0.00013447515084408224,0.001541933510452509,0.9992250204086304,0.9946115999482572,-0.9990905452577863,0.9960190583078656,1.9937021452060435
6312,cpp,disable,block,enable,0.9600799083709717,0.0018478988204151392,0.004218606278300285,0.989391565322876,0.9558613020926714,-0.9875436665024608,0.9582320095505565,1.9434049685951322
6449,cpp,add,insert,remove,0.7614695429801941,0.00013888286775909364,0.21947865188121796,0.9992984533309937,0.5419908910989761,-0.9991595704632346,0.761330660112435,1.5411504615622107
6547,cpp,add,insert,remove,0.910262405872345,0.0001318982831435278,0.06887137144804001,0.999133288860321,0.841391034424305,-0.9990013905771775,0.9101305075892014,1.8403924250014825
7572,cpp,adding,inserting,removing,0.9742137789726257,0.00023513182532042265,0.005088763777166605,0.998977780342102,0.9691250151954591,-0.9987426485167816,0.9739786471473053,1.9678676637122408
7590,cpp,adding,inserting,removing,0.9679703116416931,0.005676573608070612,0.023314449936151505,0.8999972343444824,0.9446558617055416,-0.8943206607364118,0.9622937380336225,1.8389765224419534
8146,cpp,allow,permit,forbid,0.996762752532959,0.0004447362734936178,0.0007384367054328322,0.9990599751472473,0.9960243158275262,-0.9986152388737537,0.9963180162594654,1.9946395547012798
8313,cpp,start,begin,stop,0.9757541418075562,0.007451897952705622,0.0017543911235406995,0.9774695038795471,0.9739997506840155,-0.9700176059268415,0.9683022438548505,1.944017356610857
8542,cpp,removed,deleted,inserted,0.994607150554657,0.00018877082038670778,0.0006502486066892743,0.999401330947876,0.9939569019479677,-0.9992125601274893,0.9944183797342703,1.993169462075457
8543,cpp,add,insert,remove,0.989984393119812,0.00010864003706956282,0.0024700656067579985,0.9990233182907104,0.987514327513054,-0.9989146782536409,0.9898757530827424,1.986429005766695
8543,cpp,remove,delete,insert,0.5104466676712036,0.000737119116820395,0.14796148240566254,0.9877756834030151,0.3624851852655411,-0.9870385642861947,0.5097095485543832,1.3495237495517358
8735,cpp,add,insert,remove,0.9963341951370239,0.0001707587653072551,0.000506154668983072,0.9989952445030212,0.9958280404680409,-0.998824485737714,0.9961634363717167,1.9946525262057548
8875,cpp,allow,permit,forbid,0.9975413084030151,0.00031149780261330307,0.0006625500391237438,0.9993805885314941,0.9968787583638914,-0.9990690907288808,0.9972298106004018,1.9959478490927722
9568,cpp,add,insert,remove,0.9864713549613953,0.00016510314890183508,0.006653197109699249,0.9985927939414978,0.979818157851696,-0.998427690792596,0.9863062518124934,1.978245848644292
10309,cpp,remove,delete,insert,0.9939606189727783,0.00028510368429124355,0.0021367589943110943,0.9983752965927124,0.9918238599784672,-0.9980901929084212,0.9936755152884871,1.9899140528868884
10309,cpp,allow,permit,forbid,0.9942521452903748,0.000971607631072402,0.001441705273464322,0.9969825148582458,0.9928104400169104,-0.9960109072271734,0.9932805376593024,1.9888213472440839
10504,cpp,allow,permit,forbid,0.9933831095695496,0.00045523495646193624,0.0026475009508430958,0.9987319111824036,0.9907356086187065,-0.9982766762259416,0.9929278746130876,1.989012284844648
11034,cpp,add,insert,remove,0.9808377623558044,0.0007196012884378433,0.012751050293445587,0.9975665807723999,0.9680867120623589,-0.9968469794839621,0.9801181610673666,1.964933691546321
11174,cpp,started,began,stopped,0.7616062164306641,0.0030222570057958364,0.03001425787806511,0.9332266449928284,0.731591958552599,-0.9302043879870325,0.7585839594248682,1.6617963465396315
11339,cpp,add,insert,remove,0.9935613870620728,0.00013879124890081584,0.0023326948285102844,0.9987840056419373,0.9912286922335625,-0.9986452143930364,0.9934225958131719,1.989873906626599
12096,cpp,remove,delete,insert,0.9966766834259033,0.00024367799051105976,0.0008002502145245671,0.9978737831115723,0.9958764332113788,-0.9976301051210612,0.9964330054353923,1.99350653833244
12097,cpp,add,insert,remove,0.9889886975288391,0.0001860331540228799,0.0020749405957758427,0.9991569519042969,0.9869137569330633,-0.998970918750274,0.9888026643748162,1.9858846756833373
12116,cpp,remove,delete,insert,0.9904576539993286,0.0002598711580503732,0.003120720386505127,0.9991981387138367,0.9873369336128235,-0.9989382675557863,0.9901977828412782,1.9862752011686098
12116,cpp,include,contain,exclude,0.8902636170387268,0.007286338601261377,0.07530494034290314,0.9724962711334229,0.8149586766958237,-0.9652099325321615,0.8829772784374654,1.7801686092279851
12213,cpp,add,insert,remove,0.944001317024231,0.0002717335300985724,0.006233911495655775,0.9984495639801025,0.9377674055285752,-0.998177830450004,0.9437295834941324,1.9359452359785791
12345,cpp,add,insert,remove,0.951127827167511,0.0001404492650181055,0.034374091774225235,0.9992825388908386,0.9167537353932858,-0.9991420896258205,0.9509873779024929,1.9158958250191063
12518,cpp,disable,block,enable,0.9938064813613892,0.0005349144339561462,0.0006193196168169379,0.9961827397346497,0.9931871617445722,-0.9956478253006935,0.993271566927433,1.9888349870452657
13200,cpp,add,insert,remove,0.9837878942489624,0.0002097466931445524,0.006589815020561218,0.9985164999961853,0.9771980792284012,-0.9983067533030408,0.9835781475558178,1.975504832531442
13296,cpp,add,insert,remove,0.9697712659835815,0.0001710945798549801,0.01586848311126232,0.9988009929656982,0.9539027828723192,-0.9986298983858433,0.9696001714037266,1.9525326812581625
13516,cpp,show,display,hide,0.9983285069465637,0.00021990100503899157,0.0002416128700133413,0.9993847608566284,0.9980868940765504,-0.9991648598515894,0.9981086059415247,1.9972517539281398
14126,cpp,adds,inserts,removes,0.9904589653015137,8.874321792973205e-05,0.002455900888890028,0.9996145963668823,0.9880030644126236,-0.9995258531489526,0.9903702220835839,1.9875289175615762
14436,cpp,added,inserted,removed,0.9767909049987793,0.00010876277519855648,0.016657261177897453,0.9996428489685059,0.9601336438208818,-0.9995340861933073,0.9766821422235807,1.9596677300141891
14515,cpp,remove,delete,insert,0.9946253895759583,0.00023337392485700548,0.0011105220764875412,0.9982512593269348,0.9935148674994707,-0.9980178854020778,0.9943920156511012,1.9915327529015485
14946,cpp,add,insert,remove,0.9822965264320374,0.0003303849371150136,0.00666210800409317,0.9979603290557861,0.9756344184279442,-0.9976299441186711,0.9819661414949223,1.9732643625466153
15525,cpp,add,insert,remove,0.9900602102279663,0.00021624348300974816,0.0031274021603167057,0.9985195994377136,0.9869328080676496,-0.9983033559547039,0.9898439667449566,1.9852361640223535
15899,cpp,create,build,destroy,0.5828770399093628,0.00012671331933233887,0.040783897042274475,0.9978060126304626,0.5420931428670883,-0.9976792993111303,0.5827503265900305,1.5397724421782186
16836,cpp,added,inserted,removed,0.9904475212097168,7.6544180046767e-05,0.0017331833951175213,0.9996258020401001,0.9887143378145993,-0.9995492578600533,0.99037097702967,1.9882635956746526
17076,cpp,adds,inserts,removes,0.9849622249603271,0.0008533835643902421,0.009486028924584389,0.9969090819358826,0.9754761960357428,-0.9960556983714923,0.9841088413959369,1.971531894407235
17174,cpp,added,inserted,removed,0.9907240271568298,0.0001117173014790751,0.003690983634442091,0.9996985197067261,0.9870330435223877,-0.999586802405247,0.9906123098553508,1.9866198459276347
17525,cpp,show,display,hide,0.986448347568512,0.00014045443094801158,0.00223658699542284,0.9992163181304932,0.9842117605730891,-0.9990758636995452,0.986307893137564,1.9832876242726343
17954,cpp,add,insert,remove,0.9950968623161316,0.00014069300959818065,0.0008585563045926392,0.9991863369941711,0.994238306011539,-0.999045643984573,0.9949561693065334,1.993283949996112
18064,cpp,removing,deleting,inserting,0.981920063495636,0.0006601211498491466,0.003043076489120722,0.9717947244644165,0.9788769870065153,-0.9711346033145674,0.9812599423457868,1.9500115903210826
18200,cpp,add,insert,remove,0.9958000779151917,0.0002115367678925395,0.0011314436560496688,0.9993187189102173,0.994668634259142,-0.9991071821423247,0.9955885411472991,1.9937758164014667
18904,cpp,removing,deleting,inserting,0.9770280122756958,0.0005486704176291823,0.003628141712397337,0.9455927014350891,0.9733998705632985,-0.9450440310174599,0.9764793418580666,1.9184439015807584
19017,cpp,remove,delete,insert,0.9948205947875977,0.00011043722770409659,0.0013047383399680257,0.997582197189331,0.9935158564476296,-0.997471759961627,0.9947101575598936,1.9909876164092566
20346,cpp,added,inserted,removed,0.9538024067878723,0.0006935056298971176,0.004335570149123669,0.9960202574729919,0.9494668366387486,-0.9953267518430948,0.9531089011579752,1.9447935884818435
20349,cpp,increase,raise,decrease,0.9933215975761414,0.0002971049980260432,0.0016436341684311628,0.9991922974586487,0.9916779634077102,-0.9988951924606226,0.9930244925781153,1.9905731558683328
20800,cpp,remove,delete,insert,0.9921858310699463,0.00017875911726150662,0.0022798108402639627,0.9993712306022644,0.9899060202296823,-0.9991924714850029,0.9920070719526848,1.9890984917146852
20812,cpp,created,built,destroyed,0.987070620059967,6.894065882079303e-05,0.0017344200750812888,0.9995751976966858,0.9853361999848858,-0.999506257037865,0.9870016794011462,1.9848424570227508
20958,cpp,create,build,destroy,0.9813055396080017,0.07464181631803513,0.008733314462006092,0.7689869403839111,0.9725722251459956,-0.694345124065876,0.9066637232899666,1.6669173492118716
21282,cpp,allow,permit,forbid,0.9948583841323853,0.00042414708877913654,0.0009757309453561902,0.9989426732063293,0.9938826531870291,-0.9985185261175502,0.9944342370436061,1.9924011793045793
21431,cpp,remove,delete,insert,0.992620587348938,0.0003789098409470171,0.0011807444971054792,0.996823787689209,0.9914398428518325,-0.996444877848262,0.992241677507991,1.9878847207000945
21556,cpp,show,display,hide,0.9907475709915161,0.5436302423477173,0.002159719355404377,0.341617226600647,0.9885878516361117,0.2020130157470703,0.44711732864379883,0.7865748358890414
21571,cpp,remove,delete,insert,0.9913530945777893,0.0004387792432680726,0.002899931976571679,0.9977649450302124,0.9884531626012176,-0.9973261657869443,0.9909143153345212,1.985779328388162
21832,cpp,allow,permit,forbid,0.9953160285949707,0.0003361172566656023,0.0013201968977227807,0.999060332775116,0.9939958316972479,-0.9987242155184504,0.9949799113383051,1.9927200472156983
22303,cpp,add,insert,remove,0.991081178188324,0.00022681757400278002,0.0016237987438216805,0.9978733062744141,0.9894573794445023,-0.9976464887004113,0.9908543606143212,1.9871038681449136
22666,cpp,disable,block,enable,0.9832000732421875,0.007594727911055088,0.0015774044441059232,0.9706193804740906,0.9816226687980816,-0.9630246525630355,0.9756053453311324,1.944647321361117
22746,cpp,add,insert,remove,0.9876746535301208,0.0002162121527362615,0.0040470813401043415,0.9987043142318726,0.9836275721900165,-0.9984881020791363,0.9874584413773846,1.9821156742691528
22746,cpp,open,unlock,close,0.9887068271636963,0.0011182627640664577,0.0008729459950700402,0.974062979221344,0.9878338811686262,-0.9729447164572775,0.9875885643996298,1.9607785976259038
23048,cpp,allow,permit,forbid,0.990215539932251,0.2925254702568054,0.006659369450062513,0.699970006942749,0.9835561704821885,-0.4074445366859436,0.6976900696754456,1.391000707168132
24219,cpp,show,display,hide,0.9803865551948547,0.00010924077650997788,0.005037240218371153,0.9993914365768433,0.9753493149764836,-0.9992821958003333,0.9802773144183448,1.9746315107768169
24483,cpp,added,inserted,removed,0.9862106442451477,0.00016631156904622912,0.006747172214090824,0.9993070363998413,0.9794634720310569,-0.9991407248307951,0.9860443326761015,1.978604196861852
24989,cpp,includes,contains,excludes,0.992927610874176,0.0003848750202450901,0.0017001882661134005,0.9988399147987366,0.9912274226080626,-0.9984550397784915,0.9925427358539309,1.989682462386554
25202,cpp,added,inserted,removed,0.9929763674736023,0.0003684547555167228,0.0020902734249830246,0.9987887740135193,0.9908860940486193,-0.9984203192580026,0.9926079127180856,1.9893064133066218
25263,cpp,increase,raise,decrease,0.9959003329277039,0.00033959600841626525,0.000951907888520509,0.9990253448486328,0.9949484250391833,-0.9986857488402165,0.9955607369192876,1.9936341738794
25366,cpp,added,inserted,removed,0.9979128241539001,0.0001579676172696054,0.0005335378809832036,0.9994964599609375,0.9973792862729169,-0.9993384923436679,0.9977548565366305,1.9967177786165848
25527,cpp,increased,raised,decreased,0.9968671202659607,0.000155483721755445,0.00034271410549990833,0.9995396137237549,0.9965244061604608,-0.9993841300019994,0.9967116365442052,1.9959085361624602
26005,cpp,opening,unlocking,closing,0.970987856388092,0.00026767325471155345,0.009161523543298244,0.9946554899215698,0.9618263328447938,-0.9943878166668583,0.9707201831333805,1.956214149511652
26407,cpp,add,insert,remove,0.9377518892288208,0.001358494278974831,0.0034480413887649775,0.9977148771286011,0.9343038478400558,-0.9963563828496262,0.936393394949846,1.930660230689682
26407,cpp,disable,block,enable,0.9456589818000793,0.000629427086096257,0.0015028774505481124,0.998418927192688,0.9441561043495312,-0.9977895001065917,0.9450295547139831,1.941945604456123
26479,cpp,show,display,hide,0.9956179857254028,0.0005122669390402734,0.0004876373859588057,0.9981374740600586,0.995130348339444,-0.9976252071210183,0.9951057187863626,1.9927555554604623
26977,cpp,allow,permit,forbid,0.9974160194396973,0.0004841723130084574,0.0008019343949854374,0.9989732503890991,0.9966140850447118,-0.9984890780760907,0.9969318471266888,1.9951031631208025
27525,cpp,adding,inserting,removing,0.9966806769371033,0.00016274164954666048,0.0006304416456259787,0.9995759129524231,0.9960502352914773,-0.9994131713028764,0.9965179352875566,1.9954634065943537
27671,cpp,adding,inserting,removing,0.9602054953575134,0.00010231976193608716,0.02732299640774727,0.9996631145477295,0.9328824989497662,-0.9995607947857934,0.9601031755955773,1.9324432937355596
27872,cpp,added,inserted,removed,0.9970977306365967,0.00010286877659382299,0.001129257958382368,0.9996939897537231,0.9959684726782143,-0.9995911209771293,0.9969948618600029,1.9955595936553436
28246,cpp,remove,delete,insert,0.9926800727844238,0.00018143710622098297,0.0017101216362789273,0.9994589686393738,0.9909699511481449,-0.9992775315331528,0.9924986356782028,1.9902474826812977
28525,cpp,add,insert,remove,0.9856154918670654,0.00021111690148245543,0.003919273614883423,0.9985571503639221,0.981696218252182,-0.9983460334624397,0.985404374965583,1.9800422517146217
28635,cpp,disabled,blocked,enabled,0.949263870716095,0.0002880536194425076,0.003969093784689903,0.9967806339263916,0.9452947769314051,-0.9964925803069491,0.9489758170966525,1.9417873572383542
28981,cpp,disable,block,enable,0.989312469959259,0.0003157985338475555,0.0020741051994264126,0.9974033236503601,0.9872383647598326,-0.9970875251165126,0.9889966714254115,1.9843258898763452
29129,cpp,adding,inserting,removing,0.9798317551612854,0.08434980362653732,0.010859845206141472,0.8394362926483154,0.9689719099551439,-0.7550864890217781,0.8954819515347481,1.724058398976922
29182,cpp,remove,delete,insert,0.9716623425483704,0.0003210428694728762,0.005815694108605385,0.9984437823295593,0.965846648439765,-0.9981227394600864,0.9713412996788975,1.9639693878998514
29517,cpp,added,inserted,removed,0.962921679019928,0.00040098035242408514,0.0067381844855844975,0.9921525120735168,0.9561834945343435,-0.9917515317210928,0.9625206986675039,1.9479350262554362
29670,cpp,add,insert,remove,0.9879078269004822,0.00025155514595098794,0.003500206395983696,0.9984191656112671,0.9844076205044985,-0.9981676104653161,0.9876562717545312,1.9825752309698146
29745,cpp,add,insert,remove,0.9714600443840027,0.00014437279605772346,0.005836736876517534,0.9992117881774902,0.9656233075074852,-0.9990674153814325,0.971315671587945,1.9646907228889177
29776,cpp,show,display,hide,0.9886083602905273,0.00029144276049919426,0.0016023735515773296,0.9976938366889954,0.98700598673895,-0.9974023939284962,0.9883169175300281,1.9844083806674462
30426,cpp,allow,permit,forbid,0.9966974258422852,0.0005191226373426616,0.0008179197902791202,0.9987407326698303,0.995879506052006,-0.9982216100324877,0.9961783032049425,1.9941011160844937
30778,cpp,added,inserted,removed,0.9903398156166077,0.00010574064799584448,0.0020670185331255198,0.9995601773262024,0.9882727970834821,-0.9994544366782065,0.9902340749686118,1.9877272337616887
31182,cpp,add,insert,remove,0.9854283928871155,0.0002521291607990861,0.0027333712205290794,0.9975065588951111,0.9826950216665864,-0.997254429734312,0.9851762637263164,1.9799494514008984
31840,cpp,added,inserted,removed,0.9961309432983398,0.00020154565572738647,0.002138592768460512,0.9993804693222046,0.9939923505298793,-0.9991789236664772,0.9959293976426125,1.9931712741963565
32361,cpp,add,insert,remove,0.9689053297042847,0.00015563219494652003,0.017505282536149025,0.9992676377296448,0.9514000471681356,-0.9991120055346983,0.9687496975093381,1.950512052702834
32780,cpp,enable,permit,disable,0.9976255297660828,0.0007117150817066431,0.0007623755373060703,0.9927672147750854,0.9968631542287767,-0.9920554996933788,0.9969138146843761,1.9889186539221555
32882,cpp,show,display,hide,0.9941695928573608,0.00014233519323170185,0.00065186049323529,0.9982075691223145,0.9935177323641255,-0.9980652339290828,0.9940272576641291,1.9915829662932083
33018,cpp,added,inserted,removed,0.9892197251319885,0.00010010533878812566,0.0017097871750593185,0.9991136193275452,0.9875099379569292,-0.999013513988757,0.9891196197932004,1.9865234519456862
33295,cpp,opened,unlocked,closed,0.959080159664154,0.0014406474074348807,0.021283026784658432,0.9781796932220459,0.9377971328794956,-0.976739045814611,0.9576395122567192,1.9145361786941066
33995,cpp,add,insert,remove,0.9615210890769958,0.000214647181564942,0.02608104795217514,0.9979947805404663,0.9354400411248207,-0.9977801333589014,0.9613064418954309,1.933220174483722
34036,cpp,allow,permit,forbid,0.9962037205696106,0.0005169247160665691,0.0009694608161225915,0.9981204867362976,0.995234259753488,-0.997603562020231,0.995686795853544,1.992837821773719
34036,cpp,open,unlock,close,0.9762232303619385,0.004979592282325029,0.0057486267760396,0.9500252604484558,0.9704746035858989,-0.9450456681661308,0.9712436380796134,1.9155202717520297
34070,cpp,add,insert,remove,0.9816552400588989,0.00011871193419210613,0.006303634028881788,0.9992393255233765,0.9753516060300171,-0.9991206135891844,0.9815365281247068,1.9744722196192015
34438,cpp,added,inserted,removed,0.9906688332557678,0.0001594962232047692,0.002191174542531371,0.9995488524436951,0.9884776587132365,-0.9993893562204903,0.990509337032563,1.9878670149337268
34510,cpp,add,insert,remove,0.9542336463928223,0.0001459061895729974,0.005934822838753462,0.9986415505409241,0.9482988235540688,-0.9984956443513511,0.9540877402032493,1.9467944679054199
34804,cpp,remove,delete,insert,0.9925011992454529,0.00016794598195701838,0.002578359330072999,0.99937903881073,0.9899228399153799,-0.999211092828773,0.9923332532634959,1.9891339327441528
35088,cpp,adds,inserts,removes,0.9910701513290405,0.00010639944230206311,0.0025296651292592287,0.999636173248291,0.9885404861997813,-0.999529773805989,0.9909637518867385,1.9880702600057703
35191,cpp,add,insert,remove,0.9912541508674622,0.0003114682622253895,0.003603085409849882,0.997532844543457,0.9876510654576123,-0.9972213762812316,0.9909426826052368,1.984872441738844
35254,cpp,add,insert,remove,0.9500564336776733,0.00016599142691120505,0.04054240509867668,0.9991389513015747,0.9095140285789967,-0.9989729598746635,0.9498904422507621,1.9084869884536602
35623,cpp,creating,building,destroying,0.9708451628684998,0.00023809446429368109,0.005795876495540142,0.9672747254371643,0.9650492863729596,-0.9670366309728706,0.9706070684042061,1.9320859173458302
35838,cpp,increase,raise,decrease,0.9933606386184692,0.00018572527915239334,0.0011784029193222523,0.9995393753051758,0.992182235699147,-0.9993536500260234,0.9931749133393168,1.9915358857251704
36179,cpp,enable,permit,disable,0.9134431481361389,0.0005045459838584065,0.03869900479912758,0.9928593635559082,0.8747441433370113,-0.9923548175720498,0.9129386021522805,1.8670989609090611
36293,cpp,allow,permit,forbid,0.9968411922454834,0.0003432187077123672,0.0010494671296328306,0.9988768696784973,0.9957917251158506,-0.998533650970785,0.996497973537771,1.9943253760866355
36401,cpp,added,inserted,removed,0.9984221458435059,0.00015406364400405437,0.00026345739024691284,0.9993021488189697,0.998158688453259,-0.9991480851749657,0.9982680821995018,1.9973067736282246
37000,cpp,add,insert,remove,0.9940202236175537,0.0002314895245945081,0.002461859490722418,0.9987462759017944,0.9915583641268313,-0.9985147863771999,0.9937887340929592,1.9900731505040312
37143,cpp,add,insert,remove,0.9859828352928162,0.00010723112791310996,0.005949989892542362,0.9988847374916077,0.9800328454002738,-0.9987775063636946,0.985875604164903,1.9788103517639684
38037,cpp,enable,permit,disable,0.9967324733734131,0.0018456053221598268,0.0007609673775732517,0.9937034249305725,0.9959715059958398,-0.9918578196084127,0.9948868680512533,1.9878293256042525
38968,cpp,adding,inserting,removing,0.9900145530700684,0.00010366638889536262,0.0024911959189921618,0.9997149109840393,0.9875233571510762,-0.9996112445951439,0.989910886681173,1.9871346017462201
39004,cpp,added,inserted,removed,0.9900936484336853,0.00018712568271439523,0.0030442907009273767,0.9994619488716125,0.9870493577327579,-0.9992748231888982,0.9899065227509709,1.986324180921656
39097,cpp,allow,permit,forbid,0.9967066645622253,0.0004800594469998032,0.0012289773439988494,0.9987133741378784,0.9954776872182265,-0.9982333146908786,0.9962266051152255,1.993711001909105
39271,cpp,added,inserted,removed,0.9949021339416504,0.00017623354506213218,0.0017699794843792915,0.9993441700935364,0.9931321544572711,-0.9991679365484742,0.9947259003965883,1.9923000910057453
39316,cpp,enable,permit,disable,0.9804666638374329,0.00019077319302596152,0.003922852221876383,0.9988430738449097,0.9765438116155565,-0.9986523006518837,0.9802758906444069,1.9751961122674402
39418,cpp,remove,delete,insert,0.9221368432044983,0.00016079934721346945,0.004415634088218212,0.9988183379173279,0.9177212091162801,-0.9986575385701144,0.9219760438572848,1.9163787476863945
39650,cpp,enabling,permitting,disabling,0.9523454308509827,0.00030447295284830034,0.005190426483750343,0.9897969365119934,0.9471550043672323,-0.9894924635591451,0.9520409578981344,1.9366474679263774
39650,cpp,allow,permit,forbid,0.9899753928184509,0.00012508804502431303,0.0021258944179862738,0.999489426612854,0.9878494984004647,-0.9993643385678297,0.9898503047734266,1.9872138369682943
40254,cpp,enabled,permitted,disabled,0.950186550617218,0.0012244997778907418,0.005849492736160755,0.9917715191841125,0.9443370578810573,-0.9905470194062218,0.9489620508393273,1.934884077287279
40593,cpp,added,inserted,removed,0.8815043568611145,0.0002682683989405632,0.01389175746589899,0.9987320303916931,0.8676125993952155,-0.9984637619927526,0.8812360884621739,1.866076361387968
41009,cpp,add,insert,remove,0.9586640000343323,0.0004255718376953155,0.02045021392405033,0.9931869506835938,0.9382137861102819,-0.9927613788458984,0.958238428196637,1.9309751649561804
41009,cpp,allow,permit,forbid,0.9890366196632385,0.00015711193555034697,0.0033971071243286133,0.9993236064910889,0.9856395125389099,-0.9991664945555385,0.9888795077276882,1.9848060070944484
41128,cpp,create,build,destroy,0.9787037968635559,0.00010239769471809268,0.005517573561519384,0.9992050528526306,0.9731862233020365,-0.9991026551579125,0.9786013991688378,1.972288878459949
41230,cpp,add,insert,remove,0.8039190769195557,0.00014783968799747527,0.17161190509796143,0.9992913007736206,0.6323071718215942,-0.9991434610856231,0.8037712372315582,1.6314506329072174
41304,cpp,open,unlock,close,0.49389633536338806,0.002620464423671365,0.397198885679245,0.9917325973510742,0.09669744968414307,-0.9891121329274029,0.4912758709397167,1.085809582611546
41553,cpp,remove,delete,insert,0.9947092533111572,0.0005769411800429225,0.00100317585747689,0.9965832829475403,0.9937060774536803,-0.9960063417674974,0.9941323121311143,1.9897124192211777
41830,cpp,remove,delete,insert,0.9908602237701416,0.00022180989617481828,0.001826022518798709,0.9983008503913879,0.9890342012513429,-0.9980790404952131,0.9906384138739668,1.987113241746556
41861,cpp,added,inserted,removed,0.997584342956543,0.00020764228247571737,0.000519055116456002,0.9994990825653076,0.997065287840087,-0.9992914402828319,0.9973767006740673,1.9963567281229189
41968,cpp,add,insert,remove,0.981717586517334,0.00019110849825665355,0.0056875948794186115,0.9987205862998962,0.9760299916379154,-0.9985294778016396,0.9815264780190773,1.974559469439555
42105,cpp,added,inserted,removed,0.99774169921875,0.00017935158393811435,0.0004425718798302114,0.9995937943458557,0.9972991273389198,-0.9994144427619176,0.9975623476348119,1.9967135701008374
42263,cpp,remove,delete,insert,0.9955507516860962,0.0003651301085483283,0.0014063306152820587,0.9970257878303528,0.9941444210708141,-0.9966606577218045,0.9951856215775479,1.9908050787926186
42979,cpp,disable,block,enable,0.9780327081680298,0.000771452090702951,0.0005812977906316519,0.9903596639633179,0.9774514103773981,-0.9895882118726149,0.9772612560773268,1.967039622250013
43447,cpp,remove,delete,insert,0.9593205451965332,0.00030454111401923,0.014162817969918251,0.9989495873451233,0.945157727226615,-0.9986450462311041,0.959016004082514,1.943802773457719
43531,cpp,allow,permit,forbid,0.9964079260826111,0.00028392981039360166,0.0009622336947359145,0.9993076324462891,0.9954456923878752,-0.9990237026358955,0.9961239962722175,1.9944693950237706
43561,cpp,add,insert,remove,0.9707014560699463,0.00012068568321410567,0.018214896321296692,0.9994981288909912,0.9524865597486496,-0.9993774432077771,0.9705807703867322,1.9518640029564267
43570,cpp,show,display,hide,0.8465887904167175,0.6562104821205139,0.0025302290450781584,0.16099174320697784,0.8440585613716394,0.49521873891353607,0.1903783082962036,0.3488398224581033
43597,cpp,enabled,permitted,disabled,0.6559357047080994,0.10586640238761902,0.17073450982570648,0.694638192653656,0.4852011948823929,-0.588771790266037,0.5500693023204803,1.0739729851484299
43650,cpp,add,insert,remove,0.9853354692459106,0.00013132068852428347,0.003959090448915958,0.9992495179176331,0.9813763787969947,-0.9991181972291088,0.9852041485573864,1.9804945760261035
44334,cpp,including,containing,excluding,0.9861840605735779,0.0002361768129048869,0.0013314011739566922,0.9989051818847656,0.9848526593996212,-0.9986690050718607,0.985947883760673,1.983521664471482
44635,cpp,enabled,permitted,disabled,0.9874717593193054,0.006331672891974449,0.0023368571419268847,0.9309815168380737,0.9851349021773785,-0.9246498439460993,0.981140086427331,1.9097847461234778
44875,cpp,add,insert,remove,0.9598617553710938,9.261017112294212e-05,0.024130798876285553,0.9994638562202454,0.9357309564948082,-0.9993712460491224,0.9597691451999708,1.9351022025439306
281,cs,add,insert,remove,0.981270968914032,0.00023262760078068823,0.005513312295079231,0.9993917942047119,0.9757576566189528,-0.9991591666039312,0.9810383413132513,1.974916823222884
281,cs,show,display,hide,0.9853819608688354,0.00034343384322710335,0.001120266504585743,0.9970096349716187,0.9842616943642497,-0.9966662011283915,0.9850385270256083,1.9809278954926413
354,cs,adding,inserting,removing,0.9949912428855896,0.00010490129352547228,0.0015803126152604818,0.9994100332260132,0.9934109302703291,-0.9993051319324877,0.9948863415920641,1.9927160622028168
427,cs,added,inserted,removed,0.9956064820289612,9.181680070469156e-05,0.001555316848680377,0.9996234178543091,0.9940511651802808,-0.9995316010536044,0.9955146652282565,1.9935827662338852
461,cs,add,insert,remove,0.9856410622596741,0.00014921478577889502,0.0060842824168503284,0.9992656111717224,0.9795567798428237,-0.9991163963859435,0.9854918474738952,1.9786731762287673
884,cs,add,insert,remove,0.6564924716949463,0.00011504637222969905,0.31275904178619385,0.9989857077598572,0.34373342990875244,-0.9988706613876275,0.6563774253227166,1.34260409129638
1012,cs,add,insert,remove,0.719950795173645,0.004902788903564215,0.25916919112205505,0.9905067682266235,0.46078160405158997,-0.9856039793230593,0.7150480062700808,1.4463855833746493
1012,cs,removed,deleted,inserted,0.9713326096534729,0.00027270213468000293,0.01989208161830902,0.9972391128540039,0.9514405280351639,-0.9969664107193239,0.9710599075187929,1.9484069387544878
1332,cs,adding,inserting,removing,0.9895452857017517,8.966182940639555e-05,0.002401473466306925,0.9996378421783447,0.9871438122354448,-0.9995481803489383,0.9894556238723453,1.9866919925843831
1332,cs,enable,permit,disable,0.9894099235534668,0.0001887008111225441,0.002400119323283434,0.9983059167861938,0.9870098042301834,-0.9981172159750713,0.9892212227423443,1.9851270202052547
2034,cs,add,insert,remove,0.9884107112884521,0.00017043552361428738,0.003105566371232271,0.9989583492279053,0.9853051449172199,-0.998787913704291,0.9882402757648379,1.9840930586215109
2656,cs,creating,building,destroying,0.9855253100395203,0.0021905400790274143,0.0012830322375521064,0.9364920854568481,0.9842422778019682,-0.9343015453778207,0.9833347699604928,1.9185438231797889
2747,cs,remove,delete,insert,0.9733123183250427,0.00026472806348465383,0.008147131651639938,0.9986889958381653,0.9651651866734028,-0.9984242677746806,0.9730475902615581,1.9635894544480834
4034,cs,added,inserted,removed,0.9977667331695557,0.00010440814367029816,0.0007081719231791794,0.9995757937431335,0.9970585612463765,-0.9994713855994632,0.9976623250258854,1.9965299468458397
4252,cs,add,insert,remove,0.9798888564109802,0.00018597528105601668,0.0021491344086825848,0.9985947012901306,0.9777397220022976,-0.9984087260090746,0.9797028811299242,1.9761484480113722
5020,cs,add,insert,remove,0.9938619136810303,0.00017851432494353503,0.0012797232484444976,0.9989520311355591,0.9925821904325858,-0.9987735168106155,0.9936833993560867,1.9913557072432013
5431,cs,include,contain,exclude,0.9907196760177612,0.0006309263408184052,0.0018364812713116407,0.9984086155891418,0.9888831947464496,-0.9977776892483234,0.9900887496769428,1.986660883994773
5857,cs,add,insert,remove,0.9901388883590698,0.00010787565406644717,0.0006805692100897431,0.998867392539978,0.9894583191489801,-0.9987595168859116,0.9900310127050034,1.9882178360348917
6208,cs,add,insert,remove,0.9886224865913391,9.174218575935811e-05,0.001367649994790554,0.9994379878044128,0.9872548365965486,-0.9993462456186535,0.9885307444055798,1.986601082215202
7248,cs,add,insert,remove,0.9882166981697083,0.00016132292512338609,0.004076545592397451,0.9992772936820984,0.9841401525773108,-0.999115970756975,0.9880553752445849,1.9832561233342858
7766,cs,add,insert,remove,0.9866604804992676,0.00020882741955574602,0.0031826708000153303,0.9991016387939453,0.9834778096992522,-0.9988928113743896,0.9864516530797118,1.9823706210736418
8050,cs,remove,delete,insert,0.9579149484634399,0.0002835077466443181,0.010782187804579735,0.9991925358772278,0.9471327606588602,-0.9989090281305835,0.9576314407167956,1.9460417887894437
8262,cs,added,inserted,removed,0.9978446960449219,9.612797293812037e-05,0.0006188299739733338,0.9996968507766724,0.9972258660709485,-0.9996007228037342,0.9977485680719838,1.9968265888746828
8374,cs,added,inserted,removed,0.9946990013122559,0.00010890886187553406,0.0016471263952553272,0.9994650483131409,0.9930518749170005,-0.9993561394512653,0.9945900924503803,1.9924080143682659
8735,cs,add,insert,remove,0.5608684420585632,9.70708642853424e-05,0.4173479676246643,0.9992326498031616,0.14352047443389893,-0.9991355789388763,0.5607713711942779,1.1426560533727752
8878,cs,allow,permit,forbid,0.9946995973587036,0.0003448441857472062,0.00215295166708529,0.9982743263244629,0.9925466456916183,-0.9979294821387157,0.9943547531729564,1.990476127830334
9927,cs,add,insert,remove,0.799925684928894,0.00020214883261360228,0.1841941922903061,0.9985606074333191,0.615731492638588,-0.9983584586007055,0.7997235360962804,1.6140899512392934
10601,cs,added,inserted,removed,0.9962314963340759,0.0001560841774335131,0.001076428685337305,0.9996345043182373,0.9951550676487386,-0.9994784201408038,0.9960754121566424,1.9946334877895424
10601,cs,open,unlock,close,0.9617515802383423,0.02944563329219818,0.01848152093589306,0.9659576416015625,0.9432700593024492,-0.9365120083093643,0.9323059469461441,1.8797820676118135
11254,cs,added,inserted,removed,0.992236316204071,0.0001467954571126029,0.003424491733312607,0.9988476037979126,0.9888118244707584,-0.9987008083408,0.9920895207469584,1.9875126328115584
11402,cs,added,inserted,removed,0.9909003973007202,0.00015615818847436458,0.005145925097167492,0.9994658827781677,0.9857544722035527,-0.9993097245896934,0.9907442391122459,1.985064196793246
11402,cs,allowed,permitted,forbade,0.9966429471969604,0.0002973127120640129,0.0008662542677484453,0.9983291029930115,0.995776692929212,-0.9980317902809475,0.9963456344848964,1.9938084832101595
11411,cs,add,insert,remove,0.9862317442893982,0.0002023547567659989,0.0052574798464775085,0.9985982775688171,0.9809742644429207,-0.9983959228120511,0.9860293895326322,1.9793701872549718
11883,cs,added,inserted,removed,0.9968189001083374,0.00013006814697291702,0.001154030323959887,0.9994094371795654,0.9956648697843775,-0.9992793690325925,0.9966888319613645,1.99494423881697
11990,cs,added,inserted,removed,0.9719065427780151,0.0002104827726725489,0.004130637738853693,0.9985759258270264,0.9677759050391614,-0.9983654430543538,0.9716960600053426,1.9661413480935153
12597,cs,creating,building,destroying,0.9786677956581116,0.00019144608813803643,0.0022919035982340574,0.9858335852622986,0.9763758920598775,-0.9856421391741605,0.9784763495699735,1.962018031234038
12622,cs,added,inserted,removed,0.9865250587463379,0.00010991411545546725,0.005501405335962772,0.999550998210907,0.9810236534103751,-0.9994410840954515,0.9864151446308824,1.9804647375058266
12708,cs,add,insert,remove,0.9406616687774658,0.0002077833196381107,0.02117140404880047,0.9988721013069153,0.9194902647286654,-0.9986643179872772,0.9404538854578277,1.9181545827159425
12749,cs,add,insert,remove,0.982002854347229,0.000231022437219508,0.010183583945035934,0.998688280582428,0.9718192704021931,-0.9984572581452085,0.9817718319100095,1.9702765285474015
15362,cs,add,insert,remove,0.01657092571258545,0.0013204615097492933,0.9179269671440125,0.9714941382408142,-0.901356041431427,-0.9701736767310649,0.015250464202836156,0.06881763529963791
16048,cs,add,insert,remove,0.9068459272384644,0.08127541095018387,0.007098229136317968,0.8541887998580933,0.8997476981021464,-0.7729133889079094,0.8255705162882805,1.6726610870100558
16048,cs,remove,delete,insert,0.880667507648468,0.04450066015124321,0.005776331759989262,0.7156487107276917,0.8748911758884788,-0.6711480505764484,0.8361668474972248,1.5460392264649272
16117,cs,added,inserted,removed,0.9885482788085938,8.875857020029798e-05,0.003284779842942953,0.9994692206382751,0.9852634989656508,-0.9993804620680748,0.9884595202383935,1.9846439610337256
16341,cs,added,inserted,removed,0.9868699908256531,0.00023331645934376866,0.005592158529907465,0.9992645382881165,0.9812778322957456,-0.9990312218287727,0.9866366743663093,1.9803090541245183
16341,cs,allows,permits,forbids,0.9906478524208069,0.000655657087918371,0.00139584147837013,0.9977313876152039,0.9892520109424368,-0.9970757305272855,0.9899921953328885,1.9863277414697222
16366,cs,create,build,destroy,0.9837793707847595,4.712046938948333e-05,0.0021739916410297155,0.9994144439697266,0.9816053791437298,-0.9993673235003371,0.98373225031537,1.9809727026440669
16542,cs,added,inserted,removed,0.9972654581069946,0.00012762444384861737,0.0007287185289897025,0.9995753169059753,0.9965367395780049,-0.9994476924621267,0.997137833663146,1.9959844320401317
16542,cs,open,unlock,close,0.840975284576416,0.002987426705658436,0.07591293007135391,0.9654974937438965,0.7650623545050621,-0.962510067038238,0.8379878578707576,1.7275724215433002
17126,cs,add,insert,remove,0.9132686257362366,8.917225932236761e-05,0.07385825365781784,0.9992784857749939,0.8394103720784187,-0.9991893135156715,0.9131794534769142,1.8385996855940903
17339,cs,removed,deleted,inserted,0.9944413304328918,9.944721387000754e-05,0.00190704595297575,0.9995154142379761,0.9925342844799161,-0.9994159670241061,0.9943418832190218,1.9919502515040222
17461,cs,add,insert,remove,0.5804794430732727,0.00023324253561440855,0.39781904220581055,0.9986764788627625,0.18266040086746216,-0.998443236327148,0.5802462005376583,1.1811036371946102
18093,cs,adding,inserting,removing,0.981717586517334,0.00014453109179157764,0.007452767807990313,0.9995854496955872,0.9742648187093437,-0.9994409186037956,0.9815730554255424,1.9737057373131393
18370,cs,added,inserted,removed,0.9976755976676941,0.00014962893328629434,0.0008905789582058787,0.9995260238647461,0.9967850187094882,-0.9993763949314598,0.9975259687344078,1.996161413640948
18514,cs,adding,inserting,removing,0.9949544072151184,0.00013122439850121737,0.0010427982779219747,0.9995754361152649,0.9939116089371964,-0.9994442117167637,0.9948231828166172,1.99335582065396
18609,cs,disable,block,enable,0.9841634631156921,0.0003423447487875819,0.0007421302725560963,0.9979604482650757,0.983421332843136,-0.9976181035162881,0.9838211183669046,1.9810394363594241
19565,cs,added,inserted,removed,0.9967818260192871,0.00012528750812634826,0.0009155786246992648,0.9994547963142395,0.9958662473945878,-0.9993295088061132,0.9966565385111608,1.995195756200701
20882,cs,added,inserted,removed,0.9972904920578003,9.296564530814067e-05,0.00045961671276018023,0.9993744492530823,0.9968308753450401,-0.9992814836077741,0.9971975264124922,1.9961123589528142
21208,cs,added,inserted,removed,0.9942646622657776,0.00012520559539552778,0.0013381646713241935,0.9995827078819275,0.9929264975944534,-0.999457502286532,0.9941394566703821,1.9923839998809854
21208,cs,allow,permit,forbid,0.9884634613990784,0.00018442948930896819,0.0013801088789477944,0.9988508224487305,0.9870833525201306,-0.9986663929594215,0.9882790319097694,1.985749745479552
21342,cs,remove,delete,insert,0.9939349293708801,0.00018654638552106917,0.0007440093904733658,0.9985737800598145,0.9931909199804068,-0.9983872336742934,0.9937483829853591,1.9915781536547001
21655,cs,remove,delete,insert,0.9908671379089355,0.0003222158702556044,0.0017713212873786688,0.9979802966117859,0.9890958166215569,-0.9976580807415303,0.9905449220386799,1.9867538973630872
23109,cs,allow,permit,forbid,0.9908700585365295,0.001158451079390943,0.002103406237438321,0.9958080053329468,0.9887666522990912,-0.9946495542535558,0.9897116074571386,1.983416206552647
23216,cs,add,insert,remove,0.9881595373153687,0.00018749340961221606,0.0028755846433341503,0.9982726573944092,0.9852839526720345,-0.998085163984797,0.9879720439057564,1.9833691166568315
23725,cs,add,insert,remove,0.9878546595573425,0.00017503101844340563,0.004254724830389023,0.9992513060569763,0.9835999347269535,-0.9990762750385329,0.9876796285388991,1.9826762097654864
23725,cs,showing,displaying,hiding,0.9649941325187683,0.00022348797938320786,0.006052189040929079,0.9961430430412292,0.9589419434778392,-0.995919555061846,0.9647706445393851,1.9548614985396853
25140,cs,add,insert,remove,0.9772721529006958,0.00014800915960222483,0.015525096096098423,0.9993078708648682,0.9617470568045974,-0.9991598617052659,0.9771241437410936,1.9609069185098633
25609,cs,added,inserted,removed,0.9889805316925049,0.00022336833353620023,0.001496007083915174,0.9990708827972412,0.9874845246085897,-0.998847514463705,0.9887571633589687,1.9863320390722947
25682,cs,added,inserted,removed,0.9940111041069031,0.00012761361722368747,0.0013375325361266732,0.999441921710968,0.9926735715707764,-0.9993143080937443,0.9938834904896794,1.9919878796645207
26021,cs,remove,delete,insert,0.9957970380783081,0.00012171432172181085,0.0009024662431329489,0.9986829161643982,0.9948945718351752,-0.9985612018426764,0.9956753237565863,1.9934557736778515
26269,cs,remove,delete,insert,0.9905857443809509,0.00018769330927170813,0.003329876810312271,0.9988101720809937,0.9872558675706387,-0.9986224787717219,0.9903980510716792,1.9858783463423606
26329,cs,added,inserted,removed,0.9965965151786804,0.000122122946777381,0.0010625020368024707,0.9992989301681519,0.995534013141878,-0.9991768072213745,0.996474392231903,1.9947108203632524
26473,cs,creating,building,destroying,0.9641860723495483,0.018684061244130135,0.010247589088976383,0.35739487409591675,0.953938483260572,-0.3387108128517866,0.9455020111054182,1.2926492961123586
26624,cs,added,inserted,removed,0.9584336280822754,0.002258246997371316,0.010606181807816029,0.9945710301399231,0.9478274462744594,-0.9923127831425518,0.9561753810849041,1.9401402294170111
26624,cs,remove,delete,insert,0.9806727766990662,0.0002146995539078489,0.0033135332632809877,0.999367892742157,0.9773592434357852,-0.9991531931882491,0.9804580771451583,1.9765124366240343
26739,cs,add,insert,remove,0.993680477142334,0.00023723578487988561,0.0018081825692206621,0.9971112012863159,0.9918722945731133,-0.996873965501436,0.9934432413574541,1.9887462600745494
26739,cs,removing,deleting,inserting,0.9917035102844238,0.00021000510605517775,0.0016858902527019382,0.9954929351806641,0.9900176200317219,-0.9952829300746089,0.9914935051783687,1.9853005501063308
27284,cs,add,insert,remove,0.9919213056564331,0.00016588334983680397,0.0039339084178209305,0.9992676377296448,0.9879873972386122,-0.999101754379808,0.9917554223065963,1.9870891516184201
27306,cs,allow,permit,forbid,0.9929525256156921,0.0001793955743778497,0.0015232431469485164,0.9995262622833252,0.9914292824687436,-0.9993468667089473,0.9927731300413143,1.990776149177691
27469,cs,add,insert,remove,0.2865949869155884,0.00019191399042028934,0.7016474008560181,0.9989026784896851,-0.4150524139404297,-0.9987107644992648,0.2864030729251681,0.5836583505588351
27649,cs,add,insert,remove,0.9894846081733704,0.00011569781054276973,0.0033717567566782236,0.9989339709281921,0.9861128514166921,-0.9988182731176494,0.9893689103628276,1.9849311245343415
27882,cs,add,insert,remove,0.9899910688400269,0.00023045219131745398,0.0029246360063552856,0.9985669255256653,0.9870664328336716,-0.9983364733343478,0.9897606166487094,1.9854029061680194
27924,cs,remove,delete,insert,0.9917441010475159,0.00016664362919982523,0.0010575758060440421,0.9987874627113342,0.9906865252414718,-0.9986208190821344,0.991577457418316,1.9893073443236062
28473,cs,disable,block,enable,0.9416911005973816,0.00027358069201000035,0.005661230534315109,0.9977649450302124,0.9360298700630665,-0.9974913643382024,0.9414175199053716,1.9335212344012689
28513,cs,added,inserted,removed,0.9978188276290894,0.00018477710545994341,0.0008543432923033834,0.999372661113739,0.996964484336786,-0.9991878840082791,0.9976340505236294,1.996152368345065
28520,cs,removed,deleted,inserted,0.9969918727874756,0.00018308385915588588,0.0006563800852745771,0.9988608360290527,0.996335492702201,-0.9986777521698968,0.9968087889283197,1.9950132448720979
28544,cs,add,insert,remove,0.9858065843582153,0.00016700144624337554,0.004367230925709009,0.998891294002533,0.9814393534325063,-0.9987242925562896,0.985639582911972,1.980163645988796
28601,cs,add,insert,remove,0.9740133285522461,0.0001589370222063735,0.01821787655353546,0.9988325238227844,0.9557954519987106,-0.998673586800578,0.9738543915300397,1.9544690387992887
28817,cs,add,insert,remove,0.9810448884963989,0.00011821227963082492,0.005618300288915634,0.999445378780365,0.9754265882074833,-0.9993271665007342,0.9809266762167681,1.9747537547082175
29189,cs,remove,delete,insert,0.9636790156364441,0.00019739528943318874,0.004096092190593481,0.9982902407646179,0.9595829234458506,-0.9980928454751847,0.9634816203470109,1.9576757689210353
29766,cs,creating,building,destroying,0.9632171392440796,0.3915354609489441,0.004891752731055021,0.054253239184617996,0.9583253865130246,0.3372822217643261,0.5716816782951355,0.6210431647486985
30017,cs,add,insert,remove,0.9866819381713867,0.00023845935356803238,0.005671211052685976,0.9978943467140198,0.9810107271187007,-0.9976558873604517,0.9864434788178187,1.9786666144791525
30271,cs,adding,inserting,removing,0.9899195432662964,8.761155913816765e-05,0.005423489026725292,0.9997218251228333,0.9844960542395711,-0.9996342135636951,0.9898319317071582,1.9841302678032662
30289,cs,added,inserted,removed,0.9949150085449219,0.00015476808766834438,0.002461108146235347,0.9993076324462891,0.9924539003986865,-0.9991528643586207,0.9947602404572535,1.9916067647573072
31754,cs,added,inserted,removed,0.9942704439163208,0.00011218723375350237,0.0024712104350328445,0.9996389150619507,0.991799233481288,-0.9995267278281972,0.9941582566825673,1.9913259613094851
32313,cs,add,insert,remove,0.1956530213356018,0.00016077262989711016,0.7826657295227051,0.999076247215271,-0.5870127081871033,-0.9989154745853739,0.1954922487057047,0.4119027663982706
33223,cs,start,begin,stop,0.9735118746757507,0.0018222760409116745,0.0032739124726504087,0.985081672668457,0.9702379622031003,-0.9832593966275454,0.9716895986348391,1.9534973588306457
33226,cs,add,insert,remove,0.3042401969432831,0.00023111846530809999,0.6768302917480469,0.9982852339744568,-0.3725900948047638,-0.9980541155091487,0.304009078477975,0.6254640207043849
33272,cs,add,insert,remove,0.08674558997154236,0.00019145631813444197,0.8984828591346741,0.9989222288131714,-0.8117372691631317,-0.998730772495037,0.08655413365340792,0.18699350333190523
33366,cs,disable,block,enable,0.9745647311210632,0.00042303354712203145,0.0003684941038955003,0.9984017014503479,0.9741962370171677,-0.9979786679032259,0.9741416975739412,1.9721749049203936
33371,cs,add,insert,remove,0.9037389755249023,0.0001464670494897291,0.08375044167041779,0.9991958737373352,0.8199885338544846,-0.9990494066878455,0.9035925084754126,1.81903794054233
33559,cs,added,inserted,removed,0.998007595539093,7.167111471062526e-05,0.0004966271226294339,0.9996625185012817,0.9975109684164636,-0.9995908473865711,0.9979359244243824,1.9971018158030347
33579,cs,add,insert,remove,0.9812615513801575,0.0002123703743563965,0.0037176047917455435,0.9984784722328186,0.9775439465884119,-0.9982661018584622,0.9810491810058011,1.9758100484468741
34124,cs,adding,inserting,removing,0.9796605706214905,0.00010070621647173539,0.011509058997035027,0.9996198415756226,0.9681515116244555,-0.9995191353591508,0.9795598644050187,1.9676706469836063
34620,cs,added,inserted,removed,0.9978522062301636,0.00019903303473256528,0.0005653926054947078,0.9994552731513977,0.9972868136246689,-0.9992562401166651,0.997653173195431,1.996543053741334
34620,cs,allow,permit,forbid,0.9965307116508484,0.0004860801564063877,0.0005436530918814242,0.9809229969978333,0.995987058558967,-0.9804369168414269,0.996044631494442,1.9764239754003938
35217,cs,added,inserted,removed,0.9938349723815918,0.0001253610389539972,0.00038202456198632717,0.9994720816612244,0.9934529478196055,-0.9993467206222704,0.9937096113426378,1.9927996684418758
35393,cs,added,inserted,removed,0.9919153451919556,9.028713247971609e-05,0.0034127149265259504,0.9997441172599792,0.9885026302654296,-0.9996538301274995,0.9918250580594759,1.9881564603929291
36074,cs,added,inserted,removed,0.9869222044944763,0.00012341920228209347,0.007489953190088272,0.999426007270813,0.979432251304388,-0.9993025880685309,0.9867987852921942,1.978734839372919
36324,cs,added,inserted,removed,0.9964516162872314,0.00011716111475834623,0.0005241154576651752,0.9995342493057251,0.9959275008295663,-0.9994170881909668,0.9963344551724731,1.995344589020533
36324,cs,allow,permit,forbid,0.9888153672218323,0.00019987905398011208,0.0011054167989641428,0.9967222809791565,0.9877099504228681,-0.9965224019251764,0.9886154881678522,1.9842323523480445
36569,cs,enable,permit,disable,0.9947965741157532,0.0005004791310057044,0.0010133013129234314,0.9956539869308472,0.9937832728028297,-0.9951535077998415,0.9942960949847475,1.9889367806026712
36795,cs,disable,block,enable,0.9888774752616882,0.00035834324080497026,0.0007360191084444523,0.9947929978370667,0.9881414561532438,-0.9944346545962617,0.9885191320208833,1.9825761107495055
36959,cs,add,insert,remove,0.9681015610694885,9.047296771313995e-05,0.022587357088923454,0.9992284774780273,0.9455142039805651,-0.9991380045103142,0.9680110881017754,1.9446522084908793
37055,cs,added,inserted,removed,0.9968211650848389,9.186580427922308e-05,0.0007576341740787029,0.9997115731239319,0.9960635309107602,-0.9996197073196527,0.9967292992805596,1.9956832382304128
37908,cs,remove,delete,insert,0.982756495475769,0.00013982118980493397,0.004448477178812027,0.9991418123245239,0.978308018296957,-0.999001991134719,0.9826166742859641,1.977310009431676
38242,cs,enable,permit,disable,0.8891435861587524,0.0008235131972469389,0.05884571745991707,0.9966482520103455,0.8302978686988354,-0.9958247388130985,0.8883200729615055,1.826122607511934
38892,cs,remove,delete,insert,0.996216356754303,0.0001362172479275614,0.0009047136409208179,0.9988170862197876,0.9953116431133822,-0.99868086897186,0.9960801395063754,1.9939925120852422
39450,cs,added,inserted,removed,0.9859791398048401,0.00013967027189210057,0.006018751300871372,0.9994606375694275,0.9799603885039687,-0.9993209672975354,0.985839469532948,1.979281355801504
39648,cs,accept,take,reject,0.010370039381086826,0.0009457507403567433,0.8250254392623901,0.9377043843269348,-0.8146553998813033,-0.9367586335865781,0.009424288640730083,0.12210323370527476
204,cs,allow,permit,forbid,0.9939966201782227,0.0007677115499973297,0.0025135802570730448,0.997788667678833,0.9914830399211496,-0.9970209561288357,0.9932289086282253,1.9885039960499853
520,cs,added,inserted,removed,0.9951326251029968,0.0001273344678338617,0.0017067709704861045,0.9990766048431396,0.9934258541325107,-0.9989492703753058,0.995005290635163,1.9923751245078165
1400,cs,add,insert,remove,0.9901094436645508,0.00022083046496845782,0.005445087794214487,0.9988899827003479,0.9846643558703363,-0.9986691522353794,0.9898886131995823,1.9833335081057157
1638,cs,start,begin,stop,0.9905930161476135,0.0010356231359764934,0.0013187340227887034,0.9894264936447144,0.9892742821248248,-0.9883908705087379,0.989557393011637,1.9776651526335627
2387,cs,removed,deleted,inserted,0.968482494354248,0.0009246806730516255,0.0007592537440359592,0.9979450106620789,0.9677232406102121,-0.9970203299890272,0.9675578136811964,1.9647435705992393
2730,cs,added,inserted,removed,0.9959805011749268,0.00018288243154529482,0.0013502344954758883,0.9992921352386475,0.9946302666794509,-0.9991092528071022,0.9957976187433815,1.993739519486553
3351,cs,create,build,destroy,0.9897312521934509,0.00010843135532923043,0.0017071225447580218,0.9988080263137817,0.9880241296486929,-0.9986995949584525,0.9896228208381217,1.9867237246071454
3572,cs,opening,unlocking,closing,0.9391242265701294,0.0020704271737486124,0.030397552996873856,0.9788987040519714,0.9087266735732555,-0.9768282768782228,0.9370537993963808,1.8855549504514784
4419,cs,allow,permit,forbid,0.996394693851471,0.0002602010208647698,0.0008755099843256176,0.9991162419319153,0.9955191838671453,-0.9988560409110505,0.9961344928306062,1.9943752247781958
5153,cs,added,inserted,removed,0.9937833547592163,0.00013307433982845396,0.003061015624552965,0.9993972778320312,0.9907223391346633,-0.9992642034922028,0.9936502804193879,1.9899865426268661
5425,cs,added,inserted,removed,0.9971574544906616,0.00012341771798674017,0.0008654654957354069,0.9994853734970093,0.9962919889949262,-0.9993619557790225,0.9970340367726749,1.9956539447739488
6928,cs,added,inserted,removed,0.9917429089546204,0.00019671552581712604,0.0039697131142020226,0.9994780421257019,0.9877731958404183,-0.9992813265998848,0.9915461934288032,1.9870545224403031
9077,cs,opening,unlocking,closing,0.5015381574630737,0.0003278532240074128,0.3320467174053192,0.9613315463066101,0.16949144005775452,-0.9610036930826027,0.5012103042390663,1.1304951331403572
9077,cs,created,built,destroyed,0.9782119989395142,0.00013161334209144115,0.0034067765809595585,0.9985754489898682,0.9748052223585546,-0.9984438356477767,0.9780803855974227,1.9732490580063313
10393,cs,allow,permit,forbid,0.9959083795547485,0.8391804695129395,0.0018864814192056656,0.15607577562332153,0.9940218981355429,0.6831046938896179,0.15672791004180908,0.31091720424592495
10877,cs,add,insert,remove,0.9855923652648926,0.0002505410520825535,0.00446350546553731,0.9984052777290344,0.9811288597993553,-0.9981547366769519,0.98534182421281,1.9792835964763071
10877,cs,creating,building,destroying,0.9689348936080933,0.0001634166546864435,0.0036766272969543934,0.9815642237663269,0.9652582663111389,-0.9814008071116405,0.9687714769534068,1.9466590734227793
11130,cs,add,insert,remove,0.9821897745132446,0.0001471754803787917,0.0052301534451544285,0.9986391663551331,0.9769596210680902,-0.9984919908747543,0.9820425990328658,1.9754516119428445
11832,cs,allow,permit,forbid,0.9948921203613281,0.0003147762326989323,0.00210275175049901,0.9981550574302673,0.9927893686108291,-0.9978402811975684,0.9945773441286292,1.9906296498083975
12962,cs,add,insert,remove,0.6222185492515564,0.0001903682859847322,0.3497583568096161,0.9980558156967163,0.2724601924419403,-0.9978654474107316,0.6220281809655717,1.2703256398526719
13006,cs,add,insert,remove,0.6823097467422485,7.83161012805067e-05,0.2847367525100708,0.9995445609092712,0.39757299423217773,-0.9994662448079907,0.682231430640968,1.3970392390401685
13245,cs,add,insert,remove,0.9885585308074951,0.00021759993978776038,0.003411351004615426,0.9987414479255676,0.9851471798028797,-0.9985238479857799,0.9883409308677074,1.9836710277886596
13546,cs,disable,block,enable,0.9678832292556763,0.00029308462399058044,0.007746129762381315,0.9975242018699646,0.960137099493295,-0.997231117245974,0.9675901446316857,1.957368216739269
17934,cs,add,insert,remove,0.970852792263031,0.00023100349062588066,0.011001360602676868,0.9990313053131104,0.9598514316603541,-0.9988003018224845,0.9706217887724051,1.9586517334828386
20966,cs,started,began,stopped,0.9962499737739563,0.0002748649858403951,0.0006099924794398248,0.9992884397506714,0.9956399812945165,-0.999013574764831,0.9959751087881159,1.9946535560593475
28092,cs,remove,delete,insert,0.9975590705871582,0.000815026112832129,0.00039732467848807573,0.9979573488235474,0.9971617459086701,-0.9971423227107152,0.9967440444743261,1.9943040686193854
29058,cs,added,inserted,removed,0.993443489074707,0.00012242030061315745,0.0025267479941248894,0.9995256662368774,0.9909167410805821,-0.9994032459362643,0.9933210687740939,1.9903199870168464
32030,cs,hide,cover,show,0.8605866432189941,0.0004492916923481971,0.09287256002426147,0.9974685907363892,0.7677140831947327,-0.997019299044041,0.8601373515266459,1.7647333822387736
33765,cs,allow,permit,forbid,0.9905681014060974,0.0005502294516190886,0.0027063919696956873,0.9986127614974976,0.9878617094364017,-0.9980625320458785,0.9900178719544783,1.9859242414822802
38648,cs,added,inserted,removed,0.9894004464149475,0.00011936122609768063,0.00466955779120326,0.9993789196014404,0.9847308886237442,-0.9992595583753427,0.9892810851888498,1.983990446999087
39734,cs,enable,permit,disable,0.9889141917228699,0.00040148149128071964,0.005167048890143633,0.9988577365875244,0.9837471428327262,-0.9984562550962437,0.9885127102315892,1.98220339792897
41252,cs,added,inserted,removed,0.9780722856521606,0.0004909518174827099,0.004840042907744646,0.9958271384239197,0.973232242744416,-0.995336186606437,0.9775813338346779,1.968568429350853
41252,cs,disable,block,enable,0.9692046642303467,0.0008082256535999477,0.0004275228129699826,0.9917260408401489,0.9687771414173767,-0.990917815186549,0.9683964385767467,1.9596949566039257
41479,cs,added,inserted,removed,0.9970884919166565,0.00018841253768187016,0.0005962392897345126,0.9993916749954224,0.996492252626922,-0.9992032624577405,0.9969000793789746,1.9956955150846625
42344,cs,add,insert,remove,0.9882015585899353,0.00018785880820360035,0.003952276427298784,0.9976136684417725,0.9842492821626365,-0.9974258096335689,0.9880136997817317,1.9816750917962054
42959,cs,added,inserted,removed,0.9966855645179749,9.124977077590302e-05,0.001095654210075736,0.9996722936630249,0.9955899103078991,-0.999581043892249,0.996594314747199,1.9951709542001481
43406,cs,add,insert,remove,0.96885746717453,0.00020634772954508662,0.016001949086785316,0.9980248212814331,0.9528555180877447,-0.997818473551888,0.9686511194449849,1.9506739916396327
44858,cs,adding,inserting,removing,0.9943699240684509,0.0001445728266844526,0.0014160731807351112,0.9996015429496765,0.9929538508877158,-0.9994569701229921,0.9942253512417665,1.9924108210107079
845,cs,added,inserted,removed,0.9598796367645264,9.160614717984572e-05,0.029042689129710197,0.9993894100189209,0.9308369476348162,-0.999297803871741,0.9597880306173465,1.9301347515065572
973,cs,allow,permit,forbid,0.9937460422515869,0.0005528634646907449,0.0018423959845677018,0.9982250332832336,0.9919036462670192,-0.9976721698185429,0.9931931787868962,1.989575816085562
1435,cs,added,inserted,removed,0.9823054075241089,0.00014081293193157762,0.011963819153606892,0.9991876482963562,0.970341588370502,-0.9990468353644246,0.9821645945921773,1.9693884237349266
1646,cs,add,insert,remove,0.9916402101516724,0.0001742576714605093,0.003542711026966572,0.9987003803253174,0.9880974991247058,-0.9985261226538569,0.9914659524802119,1.9866236217785627
3910,cs,add,insert,remove,0.9872491955757141,0.00014097829989623278,0.005675110034644604,0.9991102814674377,0.9815740855410695,-0.9989693031675415,0.9871082172758179,1.980543388708611
4052,cs,add,insert,remove,0.9855239987373352,0.00014078426465857774,0.008581500500440598,0.9990280866622925,0.9769424982368946,-0.9988873023976339,0.9853832144726766,1.9758298006345285
4655,cs,allow,permit,forbid,0.9954943656921387,0.000268035801127553,0.001349621918052435,0.9993508458137512,0.9941447437740862,-0.9990828100126237,0.9952263298910111,1.99322755378671
4655,cs,accepted,took,rejected,0.989287257194519,0.00017696840222924948,0.004711872432380915,0.9991662502288818,0.9845753847621381,-0.9989892818266526,0.9891102887922898,1.9835646665887907
4918,cs,add,insert,remove,0.9920937418937683,0.00027797589427791536,0.0032178403344005346,0.996593177318573,0.9888759015593678,-0.9963152014242951,0.9918157659994904,1.9851911029836629
6317,cs,add,insert,remove,0.9714395403862,0.00022128238924778998,0.015623543411493301,0.9980973601341248,0.9558159969747066,-0.997876077744877,0.9712182579969522,1.9536920747195836
7660,cs,disable,block,enable,0.9914799928665161,0.0003586439706850797,0.0005222858744673431,0.9954588413238525,0.9909577069920488,-0.9951001973531675,0.991121348895831,1.9860579043452162
8372,cs,add,insert,remove,0.9282529354095459,0.00014524678408633918,0.048095520585775375,0.9990695118904114,0.8801574148237705,-0.998924265106325,0.9281076886254596,1.8790816799300956
9588,cs,included,contained,excluded,0.9794161319732666,0.0004565316194202751,0.002129500498995185,0.9778262376785278,0.9772866314742714,-0.9773697060591076,0.9789596003538463,1.954656337533379
10237,cs,allow,permit,forbid,0.9915197491645813,0.0007588164298795164,0.0015476326225325465,0.9981330037117004,0.9899721165420488,-0.9973741872818209,0.9907609327347018,1.9873463038238697
11590,cs,add,insert,remove,0.9789531230926514,0.0001507469278294593,0.013334461487829685,0.9963726997375488,0.9656186616048217,-0.9962219528097194,0.9788023761648219,1.961840614414541
11590,cs,added,inserted,removed,0.9924203753471375,0.00013418940943665802,0.00273470813408494,0.9993933439254761,0.9896856672130525,-0.9992591545160394,0.9922861859377008,1.988944821729092
11605,cs,add,insert,remove,0.9876821637153625,0.0001704131136648357,0.001942862174473703,0.9989965558052063,0.9857393015408888,-0.9988261426915415,0.9875117506016977,1.9845654442324303
13107,cs,add,insert,remove,0.9955801367759705,0.00014203529281076044,0.0010176905198022723,0.9993213415145874,0.9945624462561682,-0.9991793062217766,0.9954381014831597,1.9937417524779448
13377,cs,add,insert,remove,0.993946373462677,0.00018161280604545027,0.0010444404324516654,0.9992274045944214,0.9929019330302253,-0.9990457917883759,0.9937647606566316,1.9919477248186013
14121,cs,increase,raise,decrease,0.996920108795166,0.0005545832682400942,0.00037688581505790353,0.9987642765045166,0.9965432229801081,-0.9982096932362765,0.9963655255269259,1.9947529162163846
15072,cs,allow,permit,forbid,0.9921922087669373,0.0006531257531605661,0.002505951328203082,0.9977703094482422,0.9896862574387342,-0.9971171836950816,0.9915390830137767,1.9868034411338158
16256,cs,enable,permit,disable,0.9596132636070251,0.6329573392868042,0.009657800197601318,0.27883002161979675,0.9499554634094238,0.35412731766700745,0.32665592432022095,0.5958281457424164
17366,cs,add,insert,remove,0.9525609612464905,0.00032981985714286566,0.012344536371529102,0.9983038902282715,0.9402164248749614,-0.9979740703711286,0.9522311413893476,1.93819049524609
18507,cs,added,inserted,removed,0.995980978012085,0.00013718374248128384,0.0014469686429947615,0.999413251876831,0.9945340093690902,-0.9992760681343498,0.9958437942696037,1.99381007750344
18952,cs,add,insert,remove,0.8614053130149841,0.0001268101332243532,0.11433545500040054,0.9990111589431763,0.7470698580145836,-0.9988843488099519,0.8612785028817598,1.7459542068245355
19073,cs,add,insert,remove,0.9938210844993591,0.0002508533070795238,0.001323202857747674,0.9978997707366943,0.9924978816416115,-0.9976489174296148,0.9935702311922796,1.9901467990712263
19372,cs,added,inserted,removed,0.9931907057762146,0.00019268975302111357,0.0033239051699638367,0.9990875720977783,0.9898668006062508,-0.9988948823447572,0.9929980160231935,1.988761682951008
19453,cs,add,insert,remove,0.989062488079071,0.00014228509098757058,0.003477036952972412,0.9992675185203552,0.9855854511260986,-0.9991252334293677,0.9889202029880835,1.9847106845554663
19528,cs,adding,inserting,removing,0.9846612811088562,9.884215978672728e-05,0.0069812447763979435,0.9997410178184509,0.9776800363324583,-0.9996421756586642,0.9845624389490695,1.9773222119911225
20910,cs,show,display,hide,0.9929308891296387,0.00018830224871635437,0.001522367587313056,0.9993718266487122,0.9914085215423256,-0.9991835243999958,0.9927425868809223,1.9905920459423214
20920,cs,remove,delete,insert,0.9930235147476196,0.00010356399434385821,0.0017430365551263094,0.9988283514976501,0.9912804781924933,-0.9987247875033063,0.9929199507532758,1.9900052656957996
20980,cs,adding,inserting,removing,0.6501978635787964,0.00028613893664442003,0.3390645980834961,0.9979420304298401,0.3111332654953003,-0.9976558914931957,0.649911724642152,1.308789156988496
21388,cs,added,inserted,removed,0.9973486661911011,0.00019032608543056995,0.0006467427010647953,0.9992352724075317,0.9967019234900363,-0.9990449463221012,0.9971583401056705,1.9957468698121374
21472,cs,add,insert,remove,0.39124783873558044,0.00016827494255267084,0.5901415944099426,0.998874843120575,-0.19889375567436218,-0.9987065681780223,0.3910795637930278,0.7998128125036601
22393,cs,add,insert,remove,0.9886154532432556,0.00014635158004239202,0.006286405026912689,0.999116837978363,0.9823290482163429,-0.9989704863983206,0.9884691016632132,1.9812995346146636
24079,cs,open,unlock,close,0.9755445122718811,0.0007312925881706178,0.0042505725286901,0.995541512966156,0.971293939743191,-0.9948102203779854,0.9748132196837105,1.9661041601211764
25399,cs,add,insert,remove,0.9819359183311462,0.00018764997366815805,0.00506966607645154,0.9986756443977356,0.9768662522546947,-0.9984879944240674,0.9817482683574781,1.9753542466787621
26638,cs,added,inserted,removed,0.9972121119499207,0.00028537632897496223,0.0010484207887202501,0.9993396401405334,0.9961636911612004,-0.9990542638115585,0.9969267356209457,1.995217954972759
26638,cs,disable,block,enable,0.9932678937911987,0.0018763014813885093,0.0014698203885927796,0.9766125679016113,0.991798073402606,-0.9747362664202228,0.9913915923098102,1.9665343398228288
27508,cs,add,insert,remove,0.9273862242698669,0.00019190854800399393,0.05746540054678917,0.9990707039833069,0.8699208237230778,-0.9988787954353029,0.927194315721863,1.8687996191583807
28269,cs,add,insert,remove,0.9083909392356873,0.00018453919619787484,0.06644022464752197,0.9981591105461121,0.8419507145881653,-0.9979745713499142,0.9082064000394894,1.8399252859380795
29071,cs,allow,permit,forbid,0.9939320087432861,0.00187371124047786,0.001865496626123786,0.9950001239776611,0.9920665121171623,-0.9931264127371833,0.9920582975028083,1.9851929248543456
29412,cs,allow,permit,forbid,0.9961363673210144,0.000610791496001184,0.0009245100081898272,0.9987342953681946,0.9952118573128246,-0.9981235038721934,0.9955255758250132,1.993335361185018
29859,cs,added,inserted,removed,0.9942692518234253,0.00011418206850066781,0.0018306891433894634,0.9993846416473389,0.9924385626800358,-0.9992704595788382,0.9941550697549246,1.991709022258874
46,go,remove,delete,insert,0.8926616311073303,0.0008504335419274867,0.09869540482759476,0.998222291469574,0.7939662262797356,-0.9973718579276465,0.8918111975654028,1.791338084207382
77,go,add,insert,remove,0.992062509059906,0.0003773146017920226,0.003985839430242777,0.9981071949005127,0.9880766696296632,-0.9977298802987207,0.991685194458114,1.985806549928384
94,go,remove,delete,insert,0.992649257183075,0.0003140217449981719,0.002253767102956772,0.9980899691581726,0.9903954900801182,-0.9977759474131744,0.9923352354380768,1.9881714374932926
151,go,show,display,hide,0.9291500449180603,0.0025176717899739742,0.006209947634488344,0.9960881471633911,0.922940097283572,-0.9935704753734171,0.9266323731280863,1.916510572656989
162,go,add,insert,remove,0.9214789271354675,0.000210159647394903,0.0566139854490757,0.9992103576660156,0.8648649416863918,-0.9990001980186207,0.9212687674880726,1.8638651397050126
316,go,removed,deleted,inserted,0.8868010640144348,0.0003306281578261405,0.010406720452010632,0.9993752837181091,0.8763943435624242,-0.999044655560283,0.8864704358566087,1.8754389991227072
316,go,start,begin,stop,0.84788978099823,0.21958281099796295,0.0118810273706913,0.6349843740463257,0.8360087536275387,-0.41540156304836273,0.628306970000267,1.2514103166759014
398,go,remove,delete,insert,0.9944019913673401,0.00023387714463751763,0.0007197531522251666,0.9983470439910889,0.9936822382151149,-0.9981131668464513,0.9941681142227026,1.9917954050615663
431,go,add,insert,remove,0.9868699908256531,0.00023607019102200866,0.003559477161616087,0.9985857009887695,0.983310513664037,-0.9983496307977475,0.9866339206346311,1.9816601444617845
502,go,show,display,hide,0.9725898504257202,0.0015619222540408373,0.0037907969672232866,0.9972483515739441,0.9687990534584969,-0.9956864293199033,0.9710279281716794,1.9644854827784002
513,go,add,insert,remove,0.8703311085700989,0.01979915052652359,0.0036595771089196205,0.9767167568206787,0.8666715314611793,-0.9569176062941551,0.8505319580435753,1.8235891377553344
524,go,start,begin,stop,0.9020236730575562,0.02145085483789444,0.0022860427852720022,0.9265661239624023,0.8997376302722842,-0.9051152691245079,0.8805728182196617,1.804852899396792
538,go,showing,displaying,hiding,0.8986231684684753,0.7449954748153687,0.01209709420800209,0.06381664425134659,0.8865260742604733,0.6811788305640221,0.1536276936531067,0.2053472436964512
605,go,added,inserted,removed,0.9396299123764038,0.00023536573280580342,0.03967783600091934,0.9995883107185364,0.8999520763754845,-0.9993529449857306,0.939394546643598,1.899305021361215
605,go,included,contained,excluded,0.9057278037071228,0.0001644892035983503,0.011671407148241997,0.9996156692504883,0.8940563965588808,-0.9994511800468899,0.9055633145035245,1.8935075766057707
679,go,allow,permit,forbid,0.9965683221817017,0.0012039721477776766,0.000739359122235328,0.996037483215332,0.9958289630594663,-0.9948335110675544,0.995364350033924,1.9906624741270207
715,go,add,insert,remove,0.9892045855522156,0.00022377569985110313,0.0037399770226329565,0.9985484480857849,0.9854646085295826,-0.9983246723859338,0.9889808098523645,1.9837892809155164
729,go,add,insert,remove,0.9903239011764526,0.00022805308981332928,0.000928153342101723,0.999212384223938,0.9893957478343509,-0.9989843311341247,0.9900958480866393,1.9883800789684756
749,go,add,insert,remove,0.6333995461463928,0.00013048583059571683,0.3566106855869293,0.9996095299720764,0.2767888605594635,-0.9994790441414807,0.6332690603157971,1.2762679047009442
814,go,enable,permit,disable,0.9912400841712952,0.0008239119197241962,0.0021069988142699003,0.9958816766738892,0.9891330853570253,-0.995057764754165,0.990416172251571,1.9841908501111902
857,go,allows,permits,forbids,0.9770359396934509,0.00027458404656499624,0.0015959988813847303,0.9995531439781189,0.9754399408120662,-0.9992785599315539,0.9767613556468859,1.97471850074362
875,go,include,contain,exclude,0.9930417537689209,0.00021386798471212387,0.000938603188842535,0.9993247985839844,0.9921031505800784,-0.9991109305992723,0.9928278857842088,1.9912140811793506
906,go,add,insert,remove,0.9889073371887207,0.00022608936706092209,0.0038523166440427303,0.998281717300415,0.985055020544678,-0.9980556279333541,0.9886812478216598,1.983110648478032
913,go,create,build,destroy,0.9915151596069336,0.00021491589723154902,0.0009670528816059232,0.9993022680282593,0.9905481067253277,-0.9990873521310277,0.991300243709702,1.9896354588563554
975,go,add,insert,remove,0.9681486487388611,0.0004323903704062104,0.021220121532678604,0.9990112781524658,0.9469285272061825,-0.9985788877820596,0.9677162583684549,1.945507414988242
975,go,disable,block,enable,0.9547592997550964,0.0007439242908731103,0.009536731988191605,0.9990344047546387,0.9452225677669048,-0.9982904804637656,0.9540153754642233,1.9435130482306704
978,go,add,insert,remove,0.9817017316818237,0.0001424140646122396,0.0071217697113752365,0.9986777901649475,0.9745799619704485,-0.9985353761003353,0.9815593176172115,1.9731153380707838
1046,go,allow,permit,forbid,0.955547571182251,0.0012439095880836248,0.011872082948684692,0.9982839226722717,0.9436754882335663,-0.9970400130841881,0.9543036615941674,1.9407155013177544
1120,go,open,unlock,close,0.2573719620704651,0.5070133805274963,0.0622745007276535,0.41767194867134094,0.19509746134281158,0.0893414318561554,-0.24964141845703125,0.10575602948665619
1163,go,add,insert,remove,0.9919008016586304,0.00013343770115170628,0.0012329178862273693,0.9991355538368225,0.990667883772403,-0.9990021161356708,0.9917673639574787,1.9896699999080738
1166,go,start,begin,stop,0.9326623678207397,0.023904994130134583,0.002699298784136772,0.950373649597168,0.929963069036603,-0.9264686554670334,0.9087573736906052,1.8564317245036364
1176,go,adding,inserting,removing,0.9554621577262878,9.956191934179515e-05,0.02428651601076126,0.999599039554596,0.9311756417155266,-0.9994994776352542,0.955362595806946,1.9306751193507807
1177,go,adding,inserting,removing,0.9615388512611389,0.0003427538613323122,0.005275394767522812,0.9987891316413879,0.9562634564936161,-0.9984463777800556,0.9611960973998066,1.9547098342736717
1183,go,adding,inserting,removing,0.988361656665802,0.00010672647476894781,0.006123383529484272,0.9995664954185486,0.9822382731363177,-0.9994597689437796,0.988254930191033,1.9816980420800974
1188,go,adding,inserting,removing,0.7639790773391724,6.729569577146322e-05,0.21568627655506134,0.9997411370277405,0.548292800784111,-0.999673841331969,0.7639117816434009,1.54796664211608
1188,go,shows,displays,hides,0.45932498574256897,0.002720486605539918,0.4975987374782562,0.9956908822059631,-0.038273751735687256,-0.9929703956004232,0.45660449913702905,0.954696643864736
1210,go,start,begin,stop,0.8573635816574097,0.06040677800774574,0.00394618371501565,0.48264279961586,0.853417397942394,-0.42223602160811424,0.7969568036496639,1.2756534195505083
1228,go,allow,permit,forbid,0.9942595958709717,0.0005384952528402209,0.0018599365139380097,0.9978105425834656,0.9923996593570337,-0.9972720473306254,0.9937211006181315,1.989671706687659
1254,go,adding,inserting,removing,0.9927540421485901,0.00012810024782083929,0.002973944880068302,0.9996020197868347,0.9897800972685218,-0.9994739195390139,0.9926259419007692,1.9892540168075357
1258,go,remove,delete,insert,0.9851353764533997,0.00018527344218455255,0.0006664128159172833,0.9989370703697205,0.9844689636374824,-0.9987517969275359,0.9849501030112151,1.9832207605650183
1268,go,add,insert,remove,0.9652517437934875,8.02638751338236e-05,0.01635703071951866,0.9992794394493103,0.9488947130739689,-0.9991991755741765,0.9651714799183537,1.9480938886481454
1274,go,add,insert,remove,0.7133633494377136,0.00017168582417070866,0.26245787739753723,0.9979596138000488,0.4509054720401764,-0.9977879279758781,0.7131916636135429,1.4486934000160545
1280,go,adding,inserting,removing,0.9604042768478394,0.04581953212618828,0.010824489407241344,0.9423715472221375,0.949579787440598,-0.8965520150959492,0.9145847447216511,1.8461318025365472
1288,go,add,insert,remove,0.9838685393333435,0.0002217625005869195,0.0020543846767395735,0.9966616630554199,0.9818141546566039,-0.996439900554833,0.9836467768327566,1.978254055211437
1288,go,added,inserted,removed,0.997983455657959,0.0001324700133409351,0.0003514127747621387,0.9996110796928406,0.9976320428831968,-0.9994786096794996,0.997850985644618,1.9971106525626965
1316,go,add,insert,remove,0.9928297400474548,0.0001444936206098646,0.0010111469309777021,0.999365508556366,0.9918185931164771,-0.9992210149357561,0.992685246426845,1.9910396080522332
1423,go,add,insert,remove,0.9935247898101807,0.00014780006313230842,0.000994411064311862,0.999259889125824,0.9925303787458688,-0.9991120890626917,0.9933769897470484,1.9916424678085605
1515,go,add,insert,remove,0.02208702266216278,0.008053557947278023,0.9759958386421204,0.9904724359512329,-0.9539088159799576,-0.9824188780039549,0.014033464714884758,0.028510062023997307
1515,go,remove,delete,insert,0.06236734613776207,0.009389543905854225,0.9347540140151978,0.9889638423919678,-0.8723866678774357,-0.9795742984861135,0.052977802231907845,0.10718763060867786
1587,go,adding,inserting,removing,0.6628095507621765,0.000971348665188998,0.3195725083351135,0.9979057312011719,0.343237042427063,-0.9969343825359829,0.6618382020969875,1.3401714249630459
1620,go,added,inserted,removed,0.9706122875213623,0.0001944453688338399,0.007325873710215092,0.999480664730072,0.9632864138111472,-0.9992862193612382,0.9704178421525285,1.9625726331723854
1630,go,allow,permit,forbid,0.9867134094238281,0.009528001770377159,0.0006789741455577314,0.987392246723175,0.9860344352782704,-0.9778642449527979,0.977185407653451,1.9638986802310683
1704,go,add,insert,remove,0.892134428024292,0.00023135497758630663,0.07874935865402222,0.9991810917854309,0.8133850693702698,-0.9989497368078446,0.8919030730467057,1.8123348061781144
1704,go,adds,inserts,removes,0.9818456172943115,0.00027164662606082857,0.003822518978267908,0.9995085000991821,0.9780230983160436,-0.9992368534731213,0.9815739706682507,1.977259951789165
1729,go,add,insert,remove,0.9770964980125427,0.00017190133803524077,0.007315040100365877,0.9983407258987427,0.9697814579121768,-0.9981688245607074,0.9769245966745075,1.9679502824728843
1780,go,allow,permit,forbid,0.9961515069007874,0.0008105472079478204,0.0013444948708638549,0.9978072047233582,0.9948070120299235,-0.9969966575154103,0.9953409596928395,1.9918036695453338
1796,go,add,insert,remove,0.9939473867416382,0.0002838488726411015,0.0009544610511511564,0.998414158821106,0.992992925690487,-0.9981303099484649,0.9936635378689971,1.9911232356389519
1822,go,allow,permit,forbid,0.995563268661499,0.0003448732022661716,0.0007581621175631881,0.9987934827804565,0.9948051065439358,-0.9984486095781904,0.9952183954592329,1.9932537161221262
1882,go,allows,permits,forbids,0.9926823973655701,0.0003084546187892556,0.0007080696523189545,0.9993506073951721,0.9919743277132511,-0.9990421527763829,0.9923739427467808,1.991016480489634
1892,go,adding,inserting,removing,0.9897651672363281,0.00011762153008021414,0.005472046788781881,0.9994832277297974,0.9842931204475462,-0.9993656061997171,0.9896475457062479,1.9836587266472634
1911,go,disabled,blocked,enabled,0.959283173084259,0.0025392239913344383,0.001197881530970335,0.9642142653465271,0.9580852915532887,-0.9616750413551927,0.9567439490929246,1.9197603329084814
1935,go,add,insert,remove,0.9944410920143127,0.0001918257330544293,0.0011450243182480335,0.9986109733581543,0.9932960676960647,-0.9984191476250999,0.9942492662812583,1.9917152153211646
1976,go,add,insert,remove,0.9807738661766052,0.0002925793523900211,0.0057237716391682625,0.9980785846710205,0.975050094537437,-0.9977860053186305,0.9804812868242152,1.9728360998560674
1991,go,adds,inserts,removes,0.9892879724502563,0.0001685811294009909,0.0010608292650431395,0.9996688365936279,0.9882271431852132,-0.9995002554642269,0.9891193913208554,1.9877273986494401
2013,go,enabled,permitted,disabled,0.9590872526168823,0.003690480487421155,0.001573640969581902,0.9469252228736877,0.9575136116473004,-0.9432347423862666,0.9553967721294612,1.900748354033567
2020,go,allows,permits,forbids,0.9203020930290222,0.00043858247227035463,0.0030824230052530766,0.9992731213569641,0.9172196700237691,-0.9988345388846938,0.9198635105567519,1.916054208908463
2031,go,add,insert,remove,0.9818779826164246,0.00014072244812268764,0.009718242101371288,0.9988523721694946,0.9721597405150533,-0.9987116497213719,0.9817372601683019,1.9708713902364252
2106,go,enable,permit,disable,0.9881474375724792,0.0011816495098173618,0.0024454619269818068,0.9937404990196228,0.9857019756454974,-0.9925588495098054,0.9869657880626619,1.9782608251553029
2129,go,add,insert,remove,0.9898868203163147,0.00025190587621182203,0.003572628367692232,0.9989877343177795,0.9863141919486225,-0.9987358284415677,0.9896349144401029,1.9850500203901902
2205,go,remove,delete,insert,0.978731632232666,5.238394805928692e-05,0.0036658707540482283,0.9993329644203186,0.9750657614786178,-0.9992805804722593,0.9786792482846067,1.974346341950877
2229,go,add,insert,remove,0.9876249432563782,0.00015458873531315476,0.0015333782648667693,0.9988589286804199,0.9860915649915114,-0.9987043399451068,0.987470354521065,1.9847959049366182
2259,go,add,insert,remove,0.9858561754226685,8.34561578813009e-05,0.009528737515211105,0.9996190071105957,0.9763274379074574,-0.9995355509527144,0.9857727192647872,1.9758629888601718
2277,go,remove,delete,insert,0.9648075699806213,0.00032297600409947336,0.002987477695569396,0.9992019534111023,0.9618200922850519,-0.9988789774070028,0.9644845939765219,1.9606990696920548
2277,go,allows,permits,forbids,0.9605860710144043,0.0005668808007612824,0.0020527697633951902,0.9987099170684814,0.9585333012510091,-0.9981430362677202,0.960019190213643,1.9566763375187293
2279,go,add,insert,remove,0.9837234020233154,0.00016503987717442214,0.006753601599484682,0.9979540109634399,0.9769698004238307,-0.9977889710862655,0.983558362146141,1.9747587715100963
2304,go,hidden,covered,shown,0.0598500594496727,0.0004266966425348073,0.9374219179153442,0.9992347955703735,-0.8775718584656715,-0.9988080989278387,0.05942336280713789,0.12123624046216719
2318,go,create,build,destroy,0.9708490967750549,0.0002522485447116196,0.009426327422261238,0.9990083575248718,0.9614227693527937,-0.9987561089801602,0.9705968482303433,1.960178878332954
2320,go,add,insert,remove,0.9824348092079163,0.0004403745988383889,0.0032956562936306,0.9982938170433044,0.9791391529142857,-0.997853442444466,0.9819944346090779,1.9769925953587517
2350,go,add,insert,remove,0.9298991560935974,0.00010673051292542368,0.05536949634552002,0.9996005892753601,0.8745296597480774,-0.9994938587624347,0.929792425580672,1.874023518510512
2363,go,create,build,destroy,0.5116907358169556,0.00011905956489499658,0.38486555218696594,0.9983716607093811,0.12682518362998962,-0.9982526011444861,0.5115716762520606,1.1250777847744757
2372,go,allow,permit,forbid,0.9786778688430786,0.0005469900206662714,0.0051599410362541676,0.9988870024681091,0.9735179278068244,-0.9983400124474429,0.9781308788224123,1.9718579402542673
2378,go,start,begin,stop,0.9481925368309021,0.08857932686805725,0.012085805647075176,0.8746145963668823,0.9361067311838269,-0.7860352694988251,0.8596132099628448,1.722142000682652
2379,go,accept,take,reject,0.8527013659477234,0.0007071360014379025,0.10854816436767578,0.9983664155006409,0.7441532015800476,-0.997659279499203,0.8519942299462855,1.7418124810792506
2380,go,remove,delete,insert,0.9548649787902832,0.0006454583490267396,0.01846747100353241,0.998516857624054,0.9363975077867508,-0.9978713992750272,0.9542195204412565,1.934268907061778
2380,go,removed,deleted,inserted,0.9758520722389221,0.00038574033533222973,0.00890891533344984,0.9992408752441406,0.9669431569054723,-0.9988551349088084,0.9754663319035899,1.9657982918142807
2399,go,add,insert,remove,0.944514274597168,8.720413461560383e-05,0.0020161159336566925,0.9995868802070618,0.9424981586635113,-0.9994996760724462,0.9444270704625524,1.9419978347359574
2405,go,add,insert,remove,0.8821943402290344,0.0001214713993249461,0.09289352595806122,0.9996026158332825,0.7893008142709732,-0.9994811444339575,0.8820728688297095,1.7887819587049307
2409,go,add,insert,remove,0.9529926180839539,0.0002394974435446784,0.0004584028501994908,0.9989816546440125,0.9525342152337544,-0.9987421572004678,0.9527531206404092,1.9512763724342221
2409,go,created,built,destroyed,0.8559560179710388,0.0014503829879686236,0.0013999708462506533,0.9858400821685791,0.8545560471247882,-0.9843896991806105,0.8545056349830702,1.8389457463053986
2418,go,add,insert,remove,0.627661943435669,0.00017306489462498575,0.001350920065306127,0.9991291165351868,0.6263110233703628,-0.9989560516405618,0.627488878541044,1.6252670750109246
2418,go,start,begin,stop,0.6258962154388428,0.35172516107559204,0.0013914554147049785,0.0030622989870607853,0.6245047600241378,0.34866286208853126,0.27417105436325073,0.27584189793560654
2418,go,created,built,destroyed,0.6447626352310181,0.02425054833292961,0.0010939884232357144,0.6913285851478577,0.6436686468077824,-0.667078036814928,0.6205120868980885,1.3107466836227104
2424,go,add,insert,remove,0.33158594369888306,0.00015826419985387474,0.017113925889134407,0.9962616562843323,0.31447201780974865,-0.9961033920844784,0.3314276794990292,1.310575409894227
2424,go,start,begin,stop,0.5696789026260376,0.00011926287697860971,0.00865951832383871,0.9992013573646545,0.5610193843021989,-0.9990820944876759,0.569559639749059,1.5601014787898748
2444,go,add,insert,remove,0.9876928925514221,0.000181331648491323,0.007559583056718111,0.9985972046852112,0.980133309494704,-0.9984158730367199,0.9875115609029308,1.9785491825314239
2451,go,add,insert,remove,0.9885828495025635,0.00019578369392547756,0.000796282256487757,0.9991970658302307,0.9877865672460757,-0.9990012821363052,0.988387065808638,1.986787849382381
2451,go,adding,inserting,removing,0.9626821279525757,0.000272273930022493,0.0009842648869380355,0.9993347525596619,0.9616978630656376,-0.9990624786296394,0.9624098540225532,1.960760341695277
2453,go,add,insert,remove,0.8883808255195618,0.0014943663263693452,0.10124583542346954,0.996759831905365,0.7871349900960922,-0.9952654655789956,0.8868864591931924,1.7824004556750879
2458,go,included,contained,excluded,0.5724391937255859,0.0007247035391628742,0.049767330288887024,0.998701810836792,0.5226718634366989,-0.9979771072976291,0.5717144901864231,1.520648970734328
2463,go,add,insert,remove,0.98732590675354,0.00010278043191647157,0.007764075417071581,0.9994490742683411,0.9795618313364685,-0.9993462938364246,0.9872231263216236,1.978908125172893
2492,go,show,display,hide,0.8745816946029663,0.41377532482147217,0.034368421882390976,0.5441625714302063,0.8402132727205753,-0.13038724660873413,0.46080636978149414,0.9706005193293095
2492,go,start,begin,stop,0.8710421323776245,0.3761299252510071,0.024441184476017952,0.5744962692260742,0.8466009479016066,-0.19836634397506714,0.49491220712661743,1.0449672918766737
2503,go,remove,delete,insert,0.9234464764595032,0.00022114095918368548,0.004214269574731588,0.999383807182312,0.9192322068847716,-0.9991626662231283,0.9232253355003195,1.9183948731079
2507,go,show,display,hide,0.9864940643310547,0.0018269831780344248,0.001979879103600979,0.9976050853729248,0.9845141852274537,-0.9957781021948904,0.9846670811530203,1.980292287422344
2583,go,allow,permit,forbid,0.9442291259765625,0.7851927280426025,0.029370931908488274,0.20088700950145721,0.9148581940680742,0.5843057185411453,0.15903639793395996,0.3305524755269289
2629,go,add,insert,remove,0.6306151747703552,0.00012128202070016414,0.34084004163742065,0.9993624091148376,0.28977513313293457,-0.9992411270941375,0.6304938927496551,1.289016260227072
2639,go,add,insert,remove,0.7899529933929443,0.0002246378135168925,0.172152578830719,0.998580813407898,0.6178004145622253,-0.9983561755943811,0.7897283555794274,1.6161565901566064
2692,go,add,insert,remove,0.9891633987426758,0.0002118023985531181,0.0046758647076785564,0.9988316893577576,0.9844875340349972,-0.9986198869592045,0.9889515963441227,1.9831074209942017
2718,go,add,insert,remove,0.9159237742424011,0.0003832261427305639,0.06606689095497131,0.9989857077598572,0.8498568832874298,-0.9986024816171266,0.9155405480996706,1.8484593649045564
2718,go,adds,inserts,removes,0.9793811440467834,0.00042161543387919664,0.0022007031366229057,0.9992936849594116,0.9771804409101605,-0.9988720695255324,0.9789595286129043,1.976052510435693
2747,go,add,insert,remove,0.9255105257034302,0.00041009753476828337,0.009523102082312107,0.9990487694740295,0.9159874236211181,-0.9986386719392613,0.9251004281686619,1.9146260955603793
2754,go,added,inserted,removed,0.8595898151397705,0.00071570003638044,0.026895638555288315,0.9965369701385498,0.8326941765844822,-0.9958212701021694,0.8588741151033901,1.8285154466866516
2785,go,remove,delete,insert,0.9595289826393127,0.0003234976320527494,0.01228868868201971,0.9986114501953125,0.947240293957293,-0.9982879525632598,0.95920548500726,1.9455282465205528
2797,go,starts,begins,stops,0.9816146492958069,0.0027879865374416113,0.001685920637100935,0.9849454164505005,0.979928728658706,-0.9821574299130589,0.9788266627583653,1.9620861585717648
2808,go,removes,deletes,inserts,0.7669491767883301,0.0006450705113820732,0.019477734342217445,0.9983395338058472,0.7474714424461126,-0.9976944632944651,0.766304106276948,1.7451659057405777
2887,go,add,insert,remove,0.98883455991745,0.00019463991338852793,0.004538003355264664,0.9984475374221802,0.9842965565621853,-0.9982528975087916,0.9886399200040614,1.982549454070977
2963,go,add,insert,remove,0.9838514924049377,0.0007585943676531315,0.009528247639536858,0.9983891248703003,0.9743232447654009,-0.9976305305026472,0.9830928980372846,1.971953775268048
2963,go,removed,deleted,inserted,0.9689890742301941,0.0010291681392118335,0.0037504069041460752,0.983966052532196,0.965238667326048,-0.9829368843929842,0.9679599060909823,1.9481755517190322
2971,go,start,begin,stop,0.9266318082809448,0.018437281250953674,0.042599622160196304,0.9651245474815369,0.8840321861207485,-0.9466872662305832,0.9081945270299911,1.8307194523513317
2993,go,enable,permit,disable,0.8675570487976074,0.0005277039599604905,0.0034280570689588785,0.9984924793243408,0.8641289917286485,-0.9979647753643803,0.8670293448376469,1.8620937670930289
3010,go,add,insert,remove,0.9710412621498108,0.0001417471212334931,0.0088468287140131,0.9994789958000183,0.9621944334357977,-0.9993372486787848,0.9708995150285773,1.9615316821145825
3018,go,add,insert,remove,0.9583828449249268,0.0039655473083257675,0.0038004620000720024,0.9939518570899963,0.9545823829248548,-0.9899863097816706,0.954417297616601,1.9445686927065253
3024,go,remove,delete,insert,0.9151249527931213,0.00038914161268621683,0.05412866175174713,0.9959626793861389,0.8609962910413742,-0.9955735377734527,0.9147358111804351,1.856569828814827
3042,go,removed,deleted,inserted,0.9728662967681885,0.00023771713313180953,0.011284392327070236,0.9995918869972229,0.9615819044411182,-0.9993541698640911,0.9726285796350567,1.9609360743052093
3095,go,add,insert,remove,0.9936233162879944,0.000860361207742244,0.0013977885246276855,0.9982007741928101,0.9922255277633667,-0.9973404129850678,0.9927629550802521,1.9895659407484345
3095,go,adds,inserts,removes,0.9942996501922607,0.0001361713366350159,0.00215087435208261,0.9995751976966858,0.9921487758401781,-0.9994390263600508,0.9941634788556257,1.991587802200229
3116,go,create,build,destroy,0.38888201117515564,0.31403958797454834,0.5825746059417725,0.6533004641532898,-0.19369259476661682,-0.33926087617874146,0.0748424232006073,0.14556828141212463
3125,go,add,insert,remove,0.9186422228813171,3.781652412726544e-05,0.007368482183665037,0.9997287392616272,0.9112737406976521,-0.9996909227374999,0.9186044063571899,1.910964663435152
3141,go,remove,delete,insert,0.9603379964828491,0.0005945819430053234,0.007978788577020168,0.9985384941101074,0.952359207905829,-0.9979439121671021,0.9597434145398438,1.950303120072931
3170,go,add,insert,remove,0.9513667821884155,0.00014775086310692132,0.005330575164407492,0.9988347887992859,0.946036207024008,-0.998687037936179,0.9512190313253086,1.944723244960187
3204,go,add,insert,remove,0.4431251883506775,0.06420249491930008,0.5304640531539917,0.9226654767990112,-0.08733886480331421,-0.8584629818797112,0.3789226934313774,0.7711241170763969
3204,go,adding,inserting,removing,0.8628654479980469,0.0019065371016040444,0.1119537204504013,0.9961040019989014,0.7509117275476456,-0.9941974648972973,0.8609589108964428,1.745109192444943
3251,go,add,insert,remove,0.6431713700294495,0.007803616113960743,0.3289726674556732,0.9905434250831604,0.31419870257377625,-0.9827398089691997,0.6353677539154887,1.296938511542976
3251,go,remove,delete,insert,0.9368942379951477,0.027156732976436615,0.04594344645738602,0.9694840312004089,0.8909507915377617,-0.9423272982239723,0.9097375050187111,1.833278089761734
3355,go,add,insert,remove,0.9847886562347412,0.00017674293485470116,0.005981355905532837,0.9976429343223572,0.9788073003292084,-0.9974661913875025,0.9846119132998865,1.9762734917167109
3408,go,allow,permit,forbid,0.9983692765235901,0.0018049015197902918,0.0004519901121966541,0.9965047836303711,0.9979172864113934,-0.9946998821105808,0.9965643750037998,1.9926171685219742
3423,go,add,insert,remove,0.9875128865242004,0.00020112479978706688,0.003809885587543249,0.9987432360649109,0.9837030009366572,-0.9985421112651238,0.9873117617244134,1.982245112201781
3491,go,add,insert,remove,0.9936056137084961,0.00012680749932769686,0.0013699940172955394,0.9988895058631897,0.9922356196912006,-0.998762698363862,0.9934788062091684,1.9909983180550626
3595,go,remove,delete,insert,0.9932679533958435,0.00014554538938682526,0.001843646401539445,0.9988071918487549,0.9914243069943041,-0.9986616464593681,0.9931224080064567,1.9900859534536721
3599,go,increase,raise,decrease,0.9906203746795654,0.00046706455759704113,0.001970170997083187,0.9987414479255676,0.9886502036824822,-0.9982743833679706,0.9901533101219684,1.9869245870504528
3624,go,add,insert,remove,0.9489020109176636,0.00011712060222635046,0.03945714607834816,0.9994020462036133,0.9094448648393154,-0.9992849256013869,0.9487848903154372,1.9087297904407023
3629,go,add,insert,remove,0.9678295850753784,8.481979602947831e-05,0.024017486721277237,0.9994539618492126,0.9438120983541012,-0.9993691420531832,0.9677447652793489,1.9431812404072843
3680,go,including,containing,excluding,0.9882134795188904,8.528962644049898e-05,0.0015683895908296108,0.9995294809341431,0.9866450899280608,-0.9994441913077026,0.9881281898924499,1.9860892812357633
3687,go,add,insert,remove,0.8137890100479126,0.00013089667481835932,0.17718632519245148,0.9993628859519958,0.6366026848554611,-0.9992319892771775,0.8136581133730942,1.6358346741326386
3695,go,add,insert,remove,0.9937037825584412,0.00018785939028020948,0.0018165803048759699,0.9989125728607178,0.9918872022535652,-0.9987247134704376,0.993515923168161,1.9906119157240028
3731,go,start,begin,stop,0.8572374582290649,0.025985518470406532,0.10245919972658157,0.962826669216156,0.7547782585024834,-0.9368411507457495,0.8312519397586584,1.6916194092482328
3773,go,create,build,destroy,0.9516950845718384,0.0003743056149687618,0.022012358531355858,0.9968550205230713,0.9296827260404825,-0.9964807149081025,0.9513207789568696,1.926163440948585
3796,go,add,insert,remove,0.9810022115707397,0.0003218089113943279,0.0029307054355740547,0.9989942908287048,0.9780715061351657,-0.9986724819173105,0.9806804026593454,1.9767439880524762
3829,go,adding,inserting,removing,0.9750339388847351,0.0003304836864117533,0.0029994871001690626,0.9986851811408997,0.972034451784566,-0.9983546974544879,0.9747034551983234,1.970389149239054
3829,go,increase,raise,decrease,0.9943709969520569,0.00026669722865335643,0.0008320955676026642,0.999382495880127,0.9935389013844542,-0.9991157986514736,0.9941042997234035,1.9926547000359278
3852,go,add,insert,remove,0.9906937479972839,0.00016714037337806076,0.0015046850312501192,0.9989655017852783,0.9891890629660338,-0.9987983614119003,0.9905266076239059,1.987987424377934
3864,go,add,insert,remove,0.8285632729530334,0.0015073652612045407,0.044822584837675095,0.9959309697151184,0.7837406881153584,-0.9944236044539139,0.8270559076918289,1.7781642925692722
3867,go,remove,delete,insert,0.9261325001716614,0.00014427969290409237,0.0012415846576914191,0.999242901802063,0.92489091551397,-0.9990986221091589,0.9259882204787573,1.9239895376231289
3871,go,increase,raise,decrease,0.993159294128418,0.0003271285386290401,0.0011295671574771404,0.9987234473228455,0.9920297269709408,-0.9983963187842164,0.9928321655897889,1.9904260457551572
3913,go,add,insert,remove,0.9882326722145081,0.0002701335761230439,0.0012333691120147705,0.9984797835350037,0.9869993031024933,-0.9982096499588806,0.987962538638385,1.985208953061374
3922,go,add,insert,remove,0.991775393486023,0.0003536949516274035,0.0012815073132514954,0.998195469379425,0.9904938861727715,-0.9978417744277976,0.9914216985343955,1.988335660600569
3951,go,add,insert,remove,0.9920377731323242,9.442192822461948e-05,0.00247188750654459,0.9993624091148376,0.9895658856257796,-0.999267987186613,0.9919433512040996,1.9888338728123927
3956,go,remove,delete,insert,0.7656809687614441,0.002225204836577177,0.023183103650808334,0.9859508872032166,0.7424978651106358,-0.9837256823666394,0.7634557639248669,1.7262235474772751
3956,go,removing,deleting,inserting,0.8035488724708557,0.004013723693788052,0.033421434462070465,0.9911233186721802,0.7701274380087852,-0.9871095949783921,0.7995351487770677,1.7572370329871774
3966,go,add,insert,remove,0.9913402199745178,0.0001421077031409368,0.00231652962975204,0.9992445707321167,0.9890236903447658,-0.9991024630289758,0.9911981122713769,1.9881261533737415
4000,go,remove,delete,insert,0.9802709817886353,0.0003497915458865464,0.0008011885802261531,0.9988710284233093,0.9794697932084091,-0.9985212368774228,0.9799211902427487,1.9779910300858319
4000,go,start,begin,stop,0.9013891816139221,0.9656491875648499,0.0011361470678821206,0.0011277777375653386,0.90025303454604,0.9645214098272845,-0.06426000595092773,-0.06426837528124452
4023,go,include,contain,exclude,0.9948110580444336,0.0004988787695765495,0.0008472982444800436,0.9990621209144592,0.9939637597999536,-0.9985632421448827,0.994312179274857,1.9925270019448362
4029,go,remove,delete,insert,0.9817981123924255,0.00023184451856650412,0.003302786499261856,0.9993415474891663,0.9784953258931637,-0.9991097029705998,0.981566267873859,1.9776050288637634
4039,go,add,insert,remove,0.988490104675293,0.00012369986507110298,0.0034290903713554144,0.9994200468063354,0.9850610143039376,-0.9992963469412643,0.9883664048102219,1.984357361245202
4076,go,add,insert,remove,0.9931632280349731,0.0001807313528843224,0.002148872008547187,0.9984733462333679,0.991014356026426,-0.9982926148804836,0.9929824966820888,1.9893069709069096
4076,go,include,contain,exclude,0.9851635098457336,0.0006516310386359692,0.004409443587064743,0.9980999827384949,0.9807540662586689,-0.9974483516998589,0.9845118788070977,1.9782024179585278
4119,go,add,insert,remove,0.9905878305435181,0.00011355127207934856,0.0008399159996770322,0.9989092350006104,0.989747914543841,-0.998795683728531,0.9904742792714387,1.988543598272372
4126,go,removed,deleted,inserted,0.9650945067405701,0.006532230880111456,0.0023763678036630154,0.9898292422294617,0.962718138936907,-0.9832970113493502,0.9585622758604586,1.9460151502862573
4153,go,added,inserted,removed,0.9940114617347717,0.00012089757365174592,0.0012111280811950564,0.9991163611412048,0.9928003336535767,-0.9989954635675531,0.99389056416112,1.9917957972211298
4199,go,add,insert,remove,0.9907333850860596,0.0002384925464866683,0.003791953669860959,0.9982931017875671,0.9869414314161986,-0.9980546092410805,0.9904948925395729,1.984996040657279
4216,go,add,insert,remove,0.9900482892990112,0.0001970322337001562,0.0017741592600941658,0.9986403584480286,0.9882741300389171,-0.9984433262143284,0.9898512570653111,1.9867174562532455
4226,go,add,insert,remove,0.9284215569496155,0.002318968763574958,0.014018693007528782,0.9954171180725098,0.9144028639420867,-0.9930981493089348,0.9261025881860405,1.9075010132510215
4227,go,remove,delete,insert,0.9952360987663269,0.00022036011796444654,0.0005646898061968386,0.9990435242652893,0.9946714089601301,-0.9988231641473249,0.9950157386483625,1.993494573107455
4236,go,add,insert,remove,0.9965103268623352,0.00013458878675010055,0.0012600801419466734,0.9993438124656677,0.9952502467203885,-0.9992092236789176,0.9963757380755851,1.9944594703993062
4260,go,add,insert,remove,0.9940729737281799,0.0001932692975969985,0.0012111174874007702,0.9988503456115723,0.9928618562407792,-0.9986570763139753,0.9938797044305829,1.9915189325547544
4262,go,add,insert,remove,0.9933125376701355,0.0002497795212548226,0.001757120480760932,0.9982271790504456,0.9915554171893746,-0.9979773995291907,0.9930627581488807,1.9895328167185653
4292,go,remove,delete,insert,0.962835967540741,0.0012548313243314624,0.007654546294361353,0.9982320666313171,0.9551814212463796,-0.9969772353069857,0.9615811362164095,1.9521586565533653
4292,go,created,built,destroyed,0.9486846327781677,0.2407989799976349,0.006055221892893314,0.4934755563735962,0.9426294108852744,-0.2526765763759613,0.7078856527805328,1.1953059872612357
4299,go,created,built,destroyed,0.927031397819519,0.0017560815904289484,0.0031445983331650496,0.9701645374298096,0.923886799486354,-0.9684084558393806,0.9252753162290901,1.8922952553257346
4331,go,adds,inserts,removes,0.6703590750694275,0.00471618864685297,0.30414828658103943,0.9944146871566772,0.36621078848838806,-0.9896984985098243,0.6656428864225745,1.3559092869982123
4331,go,create,build,destroy,0.7725155353546143,0.10380169749259949,0.20411789417266846,0.8757919073104858,0.5683976411819458,-0.7719902098178864,0.6687138378620148,1.3403878509998322
4331,go,created,built,destroyed,0.7203589081764221,0.005387527868151665,0.24318377673625946,0.9928298592567444,0.47717513144016266,-0.9874423313885927,0.7149713803082705,1.4646174628287554
4331,go,creating,building,destroying,0.8630574941635132,0.11333034187555313,0.09661433100700378,0.8443202376365662,0.7664431631565094,-0.730989895761013,0.74972715228796,1.4974330589175224
4333,go,add,insert,remove,0.9934555888175964,0.0001962723326869309,0.002324598841369152,0.9988176226615906,0.9911309899762273,-0.9986213503289036,0.9932593164849095,1.989752340305131
4345,go,showing,displaying,hiding,0.004079241771250963,0.0027442637365311384,0.9938338994979858,0.9949787259101868,-0.9897546577267349,-0.9922344621736556,0.0013349780347198248,0.0024798044469207525
4354,go,adds,inserts,removes,0.9884161949157715,0.00012703126412816346,0.002950680907815695,0.9995495676994324,0.9854655140079558,-0.9994225364353042,0.9882891636516433,1.98488805044326
4359,go,remove,delete,insert,0.988321840763092,0.0013705575838685036,0.003236315445974469,0.9945610165596008,0.9850855253171176,-0.9931904589757323,0.9869512831792235,1.97827598429285
4391,go,add,insert,remove,0.9952484965324402,0.00016492723079863936,0.0007093126187101007,0.9991996884346008,0.9945391839137301,-0.9990347612038022,0.9950835693016415,1.9935739451175323
4410,go,added,inserted,removed,0.997534990310669,0.00017780969210434705,0.0003770697512663901,0.9995445609092712,0.9971579205594026,-0.9993667512171669,0.9973571806185646,1.9965246717765694
4422,go,add,insert,remove,0.9856429696083069,0.00015102961333468556,0.006373503245413303,0.9989810585975647,0.9792694663628936,-0.99883002898423,0.9854919399949722,1.9780994953471236
4439,go,disable,block,enable,0.942041277885437,0.0014579982962459326,0.0032097557559609413,0.9893661737442017,0.9388315221294761,-0.9879081754479557,0.9405832795891911,1.9267396975774318
4505,go,add,insert,remove,0.9858484268188477,0.00013334446703083813,0.004937195684760809,0.9988192915916443,0.9809112311340868,-0.9986859471246134,0.9857150823518168,1.9795971782587003
4511,go,add,insert,remove,0.9849457740783691,0.00014556627138517797,0.005577049218118191,0.9991389513015747,0.979368724860251,-0.9989933850301895,0.984800207806984,1.9783621098904405
4552,go,add,insert,remove,0.9946231842041016,0.00016327420598827302,0.00153089570812881,0.9991877675056458,0.9930922884959728,-0.9990244932996575,0.9944599099981133,1.9921167817956302
4625,go,added,inserted,removed,0.9953283071517944,0.00015810641343705356,0.0005147407646290958,0.9995241165161133,0.9948135663871653,-0.9993660101026762,0.9951702007383574,1.9941795764898416
4625,go,enable,permit,disable,0.9871082901954651,0.0003469110815785825,0.0014084030408412218,0.9933033585548401,0.9856998871546239,-0.9929564474732615,0.9867613791138865,1.9786563346278854
4662,go,add,insert,remove,0.9916227459907532,0.00016361632151529193,0.0021343666594475508,0.9990760087966919,0.9894883793313056,-0.9989123924751766,0.9914591296692379,1.9884007718064822
4691,go,include,contain,exclude,0.9953224062919617,0.0009633622248657048,0.0007305064355023205,0.9977477192878723,0.9945918998564593,-0.9967843570630066,0.994359044067096,1.991376256919466
4706,go,add,insert,remove,0.9936779141426086,0.0001421179185854271,0.0011891977628692985,0.998836100101471,0.9924887163797393,-0.9986939821828855,0.9935357962240232,1.9911826985626249
4746,go,add,insert,remove,0.9909877181053162,0.00014667415234725922,0.002266649156808853,0.9993175268173218,0.9887210689485073,-0.9991708526649745,0.9908410439529689,1.9878919216134818
4754,go,allow,permit,forbid,0.9284593462944031,0.14990440011024475,0.04019369184970856,0.8291692137718201,0.8882656544446945,-0.6792648136615753,0.7785549461841583,1.5675304681062698
4796,go,add,insert,remove,0.9944243431091309,0.0001993129262700677,0.0008243780466727912,0.9988725781440735,0.9935999650624581,-0.9986732652178034,0.9942250301828608,1.9922732302802615
4811,go,add,insert,remove,0.9867439270019531,0.00012613645230885595,0.004375268239527941,0.999158501625061,0.9823686587624252,-0.9990323651727522,0.9866177905496443,1.9814010239351774
4845,go,add,insert,remove,0.9921437501907349,0.00015307305147871375,0.0015065963380038738,0.9992241859436035,0.990637153852731,-0.9990711128921248,0.9919906771392561,1.9897082667448558
4851,go,enable,permit,disable,0.991485059261322,0.0012573914136737585,0.0014474343042820692,0.9944105744361877,0.99003762495704,-0.993153183022514,0.9902276678476483,1.983190807979554
4881,go,remove,delete,insert,0.9746915698051453,0.0012941868044435978,0.009611459448933601,0.9968798160552979,0.9650801103562117,-0.9955856292508543,0.9733973830007017,1.960665739607066
4881,go,removes,deletes,inserts,0.809906542301178,0.003003927646204829,0.09672928601503372,0.9959009289741516,0.7131772562861443,-0.9928970013279468,0.8069026146549731,1.706074257614091
4890,go,add,insert,remove,0.9881076216697693,0.0001349428202956915,0.0045389942824840546,0.9988728165626526,0.9835686273872852,-0.9987378737423569,0.9879726788494736,1.9823065011296421
4892,go,create,build,destroy,0.9573037624359131,0.00024608743842691183,0.019460298120975494,0.9988889098167419,0.9378434643149376,-0.998642822378315,0.9570576749974862,1.9364862866932526
4913,go,add,insert,remove,0.9921934604644775,0.00018819316755980253,0.003397040767595172,0.9988471269607544,0.9887964196968824,-0.9986589337931946,0.9920052672969177,1.987455353490077
4933,go,adding,inserting,removing,0.2265065312385559,0.0002883734996430576,0.7457887530326843,0.9957913160324097,-0.5192822217941284,-0.9955029425327666,0.22621815773891285,0.4762207207386382
4940,go,allow,permit,forbid,0.9893494844436646,0.00035199630656279624,0.001142617198638618,0.999315619468689,0.9882068672450259,-0.9989636231621262,0.9889974881371018,1.987170490407152
4953,go,add,insert,remove,0.9856545329093933,0.00012515130219981074,0.00503645371645689,0.9992425441741943,0.9806180791929364,-0.9991173928719945,0.9855293816071935,1.979735472064931
4966,go,disabled,blocked,enabled,0.8819383978843689,0.007617565803229809,0.014308693818747997,0.9617345929145813,0.8676297040656209,-0.9541170271113515,0.8743208320811391,1.8217467311769724
4985,go,add,insert,remove,0.9939329028129578,0.0003274604969192296,0.0010171147296205163,0.9989810585975647,0.9929157880833372,-0.9986535981006455,0.9936054423160385,1.9915693861839827
4985,go,include,contain,exclude,0.9873281121253967,0.001767671899870038,0.0010630275355651975,0.9968976974487305,0.9862650845898315,-0.9951300255488604,0.9855604402255267,1.981395110138692
44,java,add,insert,remove,0.9873191118240356,0.00018519378500059247,0.0017027428839355707,0.998807430267334,0.9856163689401001,-0.9986222364823334,0.987133918039035,1.9842386054224335
253,java,remove,delete,insert,0.9871156215667725,0.0002010317548410967,0.0043221646919846535,0.999119222164154,0.9827934568747878,-0.998918190409313,0.9869145898119314,1.9817116472841008
441,java,remove,delete,insert,0.9802804589271545,0.00027968050562776625,0.005689403507858515,0.9989707469940186,0.974591055419296,-0.9986910664883908,0.9800007784215268,1.9732821219076868
523,java,remove,delete,insert,0.997201681137085,0.0001426550152245909,0.0004719820281025022,0.99854975938797,0.9967296991089825,-0.9984071043727454,0.9970590261218604,1.9951368034817278
550,java,includes,contains,excludes,0.8982879519462585,0.00015187887765932828,0.00467366399243474,0.9992257356643677,0.8936142879538238,-0.9990738567867083,0.8981360730685992,1.8926881447405322
1123,java,add,insert,remove,0.9934251308441162,0.00014769082190468907,0.0014615869149565697,0.9991337656974792,0.9919635439291596,-0.9989860748755746,0.9932774400222115,1.9909496188047342
1783,java,remove,delete,insert,0.9962266683578491,0.00013060143101029098,0.0010132069000974298,0.9995031356811523,0.9952134614577517,-0.999372534250142,0.9960960669268388,1.9945859957078937
2203,java,enable,permit,disable,0.9532485008239746,0.00043522228952497244,0.019715312868356705,0.997782289981842,0.9335331879556179,-0.9973470676923171,0.9528132785344496,1.930880255647935
2218,java,added,inserted,removed,0.9984560012817383,0.00010203129204455763,0.00029885381809435785,0.9996055960655212,0.9981571474636439,-0.9995035647734767,0.9983539699896937,1.9976607122371206
2243,java,enable,permit,disable,0.9877501130104065,0.0008124359883368015,0.00395290507003665,0.9967573285102844,0.9837972079403698,-0.9959448925219476,0.9869376770220697,1.9797421004623175
2256,java,increase,raise,decrease,0.9908145070075989,0.0002910049515776336,0.0016721875872462988,0.9992275238037109,0.9891423194203526,-0.9989365188521333,0.9905235020560212,1.9880788382724859
2535,java,add,insert,remove,0.9910290241241455,0.00022218871163204312,0.003425776492804289,0.9980497360229492,0.9876032476313412,-0.9978275473113172,0.9908068354125135,1.9854307949426584
2698,java,remove,delete,insert,0.9870850443840027,0.00024441845016554,0.0022611585445702076,0.9993341565132141,0.9848238858394325,-0.9990897380630486,0.9868406259338371,1.983913623902481
2829,java,add,insert,remove,0.32840436697006226,0.0001908337726490572,0.6568008065223694,0.9984421133995056,-0.32839643955230713,-0.9982512796268566,0.3282135331974132,0.6698548400745494
3349,java,remove,delete,insert,0.9177184104919434,0.009360391646623611,0.011164463125169277,0.9551014304161072,0.9065539473667741,-0.9457410387694836,0.9083580188453197,1.8522949861362576
3601,java,add,insert,remove,0.9691545367240906,7.649573672097176e-05,0.009199892170727253,0.99949049949646,0.9599546445533633,-0.999414003759739,0.9690780409873696,1.9593686483131023
3959,java,add,insert,remove,0.9480608105659485,0.00020308497187215835,0.03414183109998703,0.9988536834716797,0.9139189794659615,-0.9986505984998075,0.9478577255940763,1.912569577965769
4431,java,included,contained,excluded,0.9567235112190247,0.0001428996038157493,0.009335027076303959,0.9994484782218933,0.9473884841427207,-0.9993055786180776,0.9565806116152089,1.9466940627607983
4471,java,add,insert,remove,0.9907515048980713,0.20564423501491547,0.001982459332793951,0.7612335085868835,0.9887690455652773,-0.5555892735719681,0.7851072698831558,1.5443583191372454
4471,java,remove,delete,insert,0.9921700358390808,0.02644984796643257,0.0009419498383067548,0.9113152623176575,0.9912280860007741,-0.8848654143512249,0.9657201878726482,1.876093500351999
4762,java,added,inserted,removed,0.9016249775886536,0.00023047078866511583,0.09023761004209518,0.9991142153739929,0.8113873675465584,-0.9988837445853278,0.9013945067999884,1.8102711121318862
4972,java,remove,delete,insert,0.971764326095581,0.0003990939003415406,0.010354260914027691,0.9986502528190613,0.9614100651815534,-0.9982511589187197,0.9713652321952395,1.959661224100273
5257,java,added,inserted,removed,0.9968419075012207,0.00014649290824308991,0.0008835155167616904,0.9994799494743347,0.995958391984459,-0.9993334565660916,0.9966954145929776,1.9952918485505506
5346,java,add,insert,remove,0.7128732800483704,0.00015386675659101456,0.260872483253479,0.998883068561554,0.45200079679489136,-0.9987292018049629,0.7127194132917793,1.4507299985998543
5883,java,added,inserted,removed,0.9953300952911377,7.598708180012181e-05,0.0014932675985619426,0.9996730089187622,0.9938368276925758,-0.9995970218369621,0.9952541082093376,1.9934338495295378
6091,java,add,insert,remove,0.8463236689567566,0.00014218567230273038,0.1379479020833969,0.9988521337509155,0.7083757668733597,-0.9987099480786128,0.8461814832844539,1.7070857149519725
6182,java,add,insert,remove,0.9819766283035278,0.00014763844956178218,0.007249246817082167,0.9987469911575317,0.9747273814864457,-0.99859935270797,0.981828989853966,1.9733267341944156
6334,java,removing,deleting,inserting,0.9797231554985046,0.00014076742809265852,0.0012095265556126833,0.9994718432426453,0.978513628942892,-0.9993310758145526,0.979582388070412,1.9778447047574446
6834,java,add,insert,remove,0.9287911653518677,0.00013054338342044502,0.014404576271772385,0.9989713430404663,0.9143865890800953,-0.9988407996570459,0.9286606219684472,1.9132273887371412
6916,java,allow,permit,forbid,0.9643795490264893,0.00012956645514350384,0.005928266793489456,0.998808741569519,0.9584512822329998,-0.9986791751143755,0.9642499825713458,1.9571304573473753
7015,java,add,insert,remove,0.7813950777053833,9.877201227936894e-05,0.20414328575134277,0.9994708895683289,0.5772517919540405,-0.9993721175560495,0.7812963056931039,1.57662390951009
7434,java,add,insert,remove,0.9956228137016296,0.00017557037062942982,0.0013576886849477887,0.998734176158905,0.9942651250166818,-0.9985586057882756,0.9954472433310002,1.9928237308049574
7460,java,adding,inserting,removing,0.989617109298706,0.00018528386135585606,0.004734958056360483,0.9993419051170349,0.9848821512423456,-0.9991566212556791,0.9894318254373502,1.9840387724980246
7460,java,allow,permit,forbid,0.982137143611908,0.0003794936928898096,0.007832793518900871,0.9968650937080383,0.9743043500930071,-0.9964856000151485,0.9817576499190181,1.9707899501081556
7782,java,added,inserted,removed,0.9962738752365112,0.00015085667837411165,0.000955284689553082,0.99937903881073,0.9953185905469581,-0.9992281821323559,0.9961230185581371,1.994546772679314
7929,java,added,inserted,removed,0.9922839999198914,0.0002251810219604522,0.004687069915235043,0.9993902444839478,0.9875969300046563,-0.9991650634619873,0.9920588188979309,1.9867619934666436
8020,java,include,contain,exclude,0.9948284029960632,0.00023514506756328046,0.0010730033973231912,0.9992254972457886,0.99375539959874,-0.9989903521782253,0.9945932579285,1.9927457517769653
8020,java,created,built,destroyed,0.9216154217720032,0.027713999152183533,0.005414103157818317,0.6309163570404053,0.9162013186141849,-0.6032023578882217,0.8939014226198196,1.5194036765024066
8180,java,remove,delete,insert,0.9678594470024109,0.00011872068716911599,0.00996069610118866,0.9993853569030762,0.9578987509012222,-0.9992666362159071,0.9677407263152418,1.9571653871171293
8432,java,adding,inserting,removing,0.96791011095047,0.00012165605585323647,0.020936591550707817,0.9995613694190979,0.9469735193997622,-0.9994397133632447,0.9677884548946167,1.9464132327630068
8487,java,remove,delete,insert,0.9947320222854614,0.00023180323478300124,0.0007087072590366006,0.9991969466209412,0.9940233150264248,-0.9989651433861582,0.9945002190506784,1.992988458412583
8522,java,allow,permit,forbid,0.9925682544708252,0.00011266970250289887,0.002381192520260811,0.999581515789032,0.9901870619505644,-0.9994688460865291,0.9924555847683223,1.9896559080370935
8525,java,added,inserted,removed,0.995427131652832,0.00012579695612657815,0.001965508796274662,0.9995711445808411,0.9934616228565574,-0.9994453476247145,0.9953013346967055,1.9929069704812719
8573,java,disable,block,enable,0.9412402510643005,0.0004895097808912396,0.002982535632327199,0.995273768901825,0.9382577154319733,-0.9947842591209337,0.9407507412834093,1.933041974552907
8686,java,added,inserted,removed,0.41264843940734863,0.0002544673625379801,0.5576152801513672,0.9750226140022278,-0.14496684074401855,-0.9747681466396898,0.41239397204481065,0.8298013058956712
8793,java,remove,delete,insert,0.9945666790008545,0.00041594274807721376,0.00101444439496845,0.9975090026855469,0.993552234605886,-0.9970930599374697,0.9941507362527773,1.9906452945433557
8796,java,adding,inserting,removing,0.9578176140785217,0.00012123569467803463,0.029124315828084946,0.9996801614761353,0.9286932982504368,-0.9995589257814572,0.9576963783838437,1.928252224031894
9274,java,adding,inserting,removing,0.9374566674232483,0.00014687741349916905,0.004794228356331587,0.9995558857917786,0.9326624390669167,-0.9994090083782794,0.9373097900097491,1.932071447445196
9513,java,remove,delete,insert,0.9957740902900696,0.0001965768460649997,0.0012890531215816736,0.9989830851554871,0.9944850371684879,-0.9987865083094221,0.9955775134440046,1.99327154547791
10147,java,adding,inserting,removing,0.9734343886375427,0.00015041699225548655,0.0067918444983661175,0.9994508624076843,0.9666425441391766,-0.9993004454154288,0.9732839716452872,1.9659429895546054
10305,java,removed,deleted,inserted,0.9976760745048523,5.6995453633135185e-05,0.000670197419822216,0.9992345571517944,0.9970058770850301,-0.9991775616981613,0.9976190790512192,1.9961834387831914
10373,java,added,inserted,removed,0.9879810214042664,8.52516241138801e-05,0.0029166610911488533,0.9995321035385132,0.9850643603131175,-0.9994468519143993,0.9878957697801525,1.9845112122275168
10643,java,add,insert,remove,0.9592052698135376,0.0001241202262463048,0.031196868047118187,0.9996194839477539,0.9280084017664194,-0.9994953637215076,0.9590811495872913,1.927503765487927
10643,java,show,display,hide,0.989651620388031,6.575338920811191e-05,0.001919070607982576,0.9985488057136536,0.9877325497800484,-0.9984830523244455,0.9895858669988229,1.9862156021044939
11310,java,allow,permit,forbid,0.9770558476448059,0.0001681159483268857,0.0041841850616037846,0.9991118311882019,0.9728716625832021,-0.998943715239875,0.976887731696479,1.9718153778230771
11621,java,adding,inserting,removing,0.9857867956161499,0.00033131573582068086,0.002851542318239808,0.997757613658905,0.9829352532979101,-0.9974262979230843,0.9854554798803292,1.9803615512209944
11621,java,removing,deleting,inserting,0.9699645042419434,0.007698346395045519,0.004225407261401415,0.9831772446632385,0.965739096980542,-0.975478898268193,0.9622661578468978,1.941217995248735
11868,java,enable,permit,disable,0.9903091788291931,0.0003429242642596364,0.002586446003988385,0.9984622001647949,0.9877227328252047,-0.9981192759005353,0.9899662545649335,1.98584200872574
12149,java,remove,delete,insert,0.9959927201271057,0.00015897909179329872,0.001137291663326323,0.9991998076438904,0.9948554284637794,-0.9990408285520971,0.9958337410353124,1.9938962570158765
12630,java,added,inserted,removed,0.9931250810623169,0.00014830823056399822,0.0025770303327590227,0.9993703961372375,0.9905480507295579,-0.9992220879066736,0.9929767728317529,1.9897701386362314
12655,java,add,insert,remove,0.9858616590499878,0.0001375306019326672,0.0015803410205990076,0.9995293617248535,0.9842813180293888,-0.9993918311229208,0.9857241284480551,1.9836731491523096
12655,java,allows,permits,forbids,0.9721713662147522,0.0001638263202039525,0.001588422805070877,0.9940248131752014,0.9705829434096813,-0.9938609868549975,0.9720075398945482,1.9644439302646788
12961,java,allow,permit,forbid,0.9931924939155579,0.00031465868232771754,0.00170492148026824,0.9989762306213379,0.9914875724352896,-0.9986615719390102,0.9928778352332301,1.9901491443742998
12965,java,removed,deleted,inserted,0.9856215119361877,0.0003231347363907844,0.0013231062330305576,0.9972553849220276,0.9842984057031572,-0.9969322501856368,0.985298377199797,1.981230655888794
13839,java,create,build,destroy,0.9317182898521423,0.0012367338640615344,0.023585109040141106,0.9815546870231628,0.9081331808120012,-0.9803179531591013,0.9304815559880808,1.8884511339711025
14443,java,added,inserted,removed,0.9976034760475159,9.87574749160558e-05,0.000580688938498497,0.9995878338813782,0.9970227871090174,-0.9994890764064621,0.9975047185725998,1.9965118635154795
14458,java,remove,delete,insert,0.9910484552383423,0.00015974960115272552,0.0037078571040183306,0.9984146356582642,0.987340598134324,-0.9982548860571114,0.9908887056371896,1.9855954841914354
14563,java,removing,deleting,inserting,0.948373019695282,0.0007857676246203482,0.01658957079052925,0.9986000657081604,0.9317834489047527,-0.99781429808354,0.9475872520706616,1.9295977469882928
14791,java,remove,delete,insert,0.9479655623435974,8.016879291972145e-05,0.021410459652543068,0.9996941089630127,0.9265551026910543,-0.999613940170093,0.9478853935506777,1.9261690428611473
14791,java,create,build,destroy,0.936548113822937,0.0001331187377218157,0.048890531063079834,0.9992827773094177,0.8876575827598572,-0.9991496585716959,0.9364149950852152,1.886807241331553
15062,java,adding,inserting,removing,0.9589564800262451,0.00013109255814924836,0.002629849361255765,0.9995773434638977,0.9563266306649894,-0.9994462509057485,0.9588253874680959,1.9557728815707378
15471,java,added,inserted,removed,0.9974665641784668,8.280436304630712e-05,0.00018251524306833744,0.9996347427368164,0.9972840489353985,-0.9995519383737701,0.9973837598154205,1.9968359873091686
15505,java,adding,inserting,removing,0.7559321522712708,0.00013237984967418015,0.2106892168521881,0.9995644688606262,0.5452429354190826,-0.999432089010952,0.7557997724215966,1.5446750244300347
15564,java,add,insert,remove,0.9398455023765564,0.0001771051756804809,0.0067329020239412785,0.9989005327224731,0.9331126003526151,-0.9987234275467927,0.9396683972008759,1.9318360278994078
16040,java,remove,delete,insert,0.9961996674537659,0.000268557429080829,0.0012271010782569647,0.9988160133361816,0.9949725663755089,-0.9985474559071008,0.995931110024685,1.9935200222826097
16278,java,add,insert,remove,0.9801334142684937,0.0003155855811201036,0.006994146853685379,0.998754620552063,0.9731392674148083,-0.9984390349709429,0.9798178286873735,1.9715783023857512
16581,java,add,insert,remove,0.9727185368537903,0.00025400210870429873,0.018367433920502663,0.9989492297172546,0.9543511029332876,-0.9986952276085503,0.972464534745086,1.953046330541838
16610,java,remove,delete,insert,0.95560222864151,0.00022602237004321069,0.01075534988194704,0.9991781115531921,0.944846878759563,-0.9989520891831489,0.9553762062714668,1.943798967942712
16729,java,enabled,permitted,disabled,0.7786322236061096,0.1389138400554657,0.1368037760257721,0.5990812182426453,0.6418284475803375,-0.46016737818717957,0.6397183835506439,1.101995825767517
17410,java,add,insert,remove,0.9880841374397278,8.670423994772136e-05,0.0005442360998131335,0.9996172189712524,0.9875399013399146,-0.9995305147313047,0.9879974331997801,1.9870704160712194
17420,java,added,inserted,removed,0.9942615032196045,0.0001677762920735404,0.0015712653985247016,0.9995135068893433,0.9926902378210798,-0.9993457305972697,0.994093726927531,1.9920359684183495
17966,java,add,insert,remove,0.9914811849594116,0.0002498019894119352,0.001334693399257958,0.9978943467140198,0.9901464915601537,-0.9976445447246078,0.9912313829699997,1.9877910362847615
18046,java,adding,inserting,removing,0.9878526926040649,0.00010004670912167057,0.004421494901180267,0.9989675283432007,0.9834311977028847,-0.998867481634079,0.9877526458949433,1.9822986793369637
18180,java,add,insert,remove,0.9940219521522522,6.69241780997254e-05,0.0008856300846673548,0.9995057582855225,0.9931363220675848,-0.9994388341074227,0.9939550279741525,1.9925751561750076
18431,java,disabled,blocked,enabled,0.5200722217559814,0.0008930159965530038,0.02394731715321541,0.968559980392456,0.49612490460276604,-0.967666964395903,0.5191792057594284,1.463791868998669
18459,java,add,insert,remove,0.9889794588088989,9.356954979011789e-05,0.00463131396099925,0.9991995692253113,0.9843481448478997,-0.9991059996755212,0.9888858892591088,1.9834541445234208
18994,java,removed,deleted,inserted,0.9980875849723816,0.0001240526034962386,0.0006795942317694426,0.9995877146720886,0.9974079907406121,-0.9994636620685924,0.9979635323688854,1.9968716528092045
19093,java,adding,inserting,removing,0.9836841821670532,0.0001577165094204247,0.0038988380692899227,0.9992343187332153,0.9797853440977633,-0.9990766022237949,0.9835264656576328,1.9788619463215582
19093,java,enables,permits,disables,0.9881682991981506,0.0002799762587528676,0.0018266569823026657,0.9988433122634888,0.986341642215848,-0.9985633360047359,0.9878883229393978,1.9849049782205839
19192,java,add,insert,remove,0.9006645679473877,0.00015208173135761172,0.07307177782058716,0.999301552772522,0.8275927901268005,-0.9991494710411644,0.9005124862160301,1.826742261167965
19280,java,remove,delete,insert,0.9914161562919617,0.00023844512179493904,0.003910848870873451,0.9988592863082886,0.9875053074210882,-0.9986208411864936,0.9911777111701667,1.9861261486075819
19469,java,add,insert,remove,0.9525817036628723,0.00014367671974468976,0.03678843751549721,0.9986070990562439,0.9157932661473751,-0.9984634223364992,0.9524380269431276,1.9142566884838743
19469,java,create,build,destroy,0.9718902111053467,0.0001286212500417605,0.0036497481632977724,0.9949644804000854,0.9682404629420489,-0.9948358591500437,0.9717615898553049,1.9630763220920926
19684,java,added,inserted,removed,0.9973456263542175,8.632676326669753e-05,0.0006348658935166895,0.9993207454681396,0.9967107604607008,-0.999234418704873,0.9972592995909508,1.9959451791655738
19697,java,adding,inserting,removing,0.9858333468437195,0.00019245465227868408,0.006359071936458349,0.9991627931594849,0.9794742749072611,-0.9989703385072062,0.9856408921914408,1.9784446134144673
20180,java,add,insert,remove,0.982265830039978,0.00021712917077820748,0.0016864975914359093,0.9987813830375671,0.9805793324485421,-0.9985642538667889,0.9820487008691998,1.979143586315331
20282,java,allows,permits,forbids,0.9971889853477478,0.00020195951219648123,0.0005723449867218733,0.9990973472595215,0.9966166403610259,-0.998895387747325,0.9969870258355513,1.995512028108351
20390,java,allow,permit,forbid,0.9948917627334595,0.00033953337697312236,0.0012351764598861337,0.9991707801818848,0.9936565862735733,-0.9988312468049116,0.9945522293564864,1.992487833078485
20551,java,add,insert,remove,0.829394519329071,0.0001588833547430113,0.12191617488861084,0.9985924363136292,0.7074783444404602,-0.9984335529588861,0.829235635974328,1.7059118973993463
20600,java,add,insert,remove,0.9897918701171875,0.0001416175946360454,0.0053313798271119595,0.9986989498138428,0.9844604902900755,-0.9985573322192067,0.9896502525225515,1.9830178225092823
20600,java,create,build,destroy,0.9772117137908936,9.228737326338887e-05,0.005053408909589052,0.9957939386367798,0.9721583048813045,-0.9957016512635164,0.9771194264176302,1.967859956144821
20660,java,add,insert,remove,0.9873687624931335,0.0002185794000979513,0.004359232261776924,0.9986968636512756,0.9830095302313566,-0.9984782842511777,0.9871501830930356,1.9814878144825343
20793,java,add,insert,remove,0.990858256816864,0.0002595613186713308,0.0026863296516239643,0.9990665316581726,0.98817192716524,-0.9988069703395013,0.9905986954981927,1.9869788975047413
20837,java,add,insert,remove,0.9374492168426514,7.994604675332084e-05,0.04564593732357025,0.9994077682495117,0.8918032795190811,-0.9993278222027584,0.937369270795898,1.8911311017218395
21023,java,remove,delete,insert,0.9916681051254272,6.388960173353553e-05,0.0019162914250046015,0.9994744658470154,0.9897518137004226,-0.9994105762452818,0.9916042155236937,1.9891623899457045
21087,java,remove,delete,insert,0.9470170736312866,0.00021598805324174464,0.011214403435587883,0.9984039664268494,0.9358026701956987,-0.9981879783736076,0.9468010855780449,1.9339906485693064
21446,java,creating,building,destroying,0.9812586903572083,0.00017719373863656074,0.0021232198923826218,0.9562378525733948,0.9791354704648256,-0.9560606588347582,0.9810814966185717,1.9351961292995838
21494,java,remove,delete,insert,0.9914718270301819,0.0003107328084297478,0.001901546260342002,0.9986228942871094,0.9895702807698399,-0.9983121614786796,0.9911610942217521,1.9878824422485195
21893,java,removed,deleted,inserted,0.9579381942749023,0.0010315983090549707,0.016840163618326187,0.9951985478401184,0.9410980306565762,-0.9941669495310634,0.9569065959658474,1.9352649801876396
21902,java,remove,delete,insert,0.9855937361717224,0.0005220210878178477,0.001230302033945918,0.9971592426300049,0.9843634341377765,-0.996637221542187,0.9850717150839046,1.9810006556799635
21904,java,add,insert,remove,0.7346758246421814,8.529568003723398e-05,0.2476314753293991,0.9994516968727112,0.4870443493127823,-0.999366401192674,0.7345905289621442,1.4864107505054562
22476,java,remove,delete,insert,0.9947546720504761,0.00020010756270494312,0.001541085890494287,0.9974182844161987,0.9932135861599818,-0.9972181768534938,0.9945545644877711,1.9904317630134756
23256,java,added,inserted,removed,0.9981517195701599,0.00016810931265354156,0.00035199595731683075,0.9994612336158752,0.9977997236128431,-0.9992931243032217,0.9979836102575064,1.9970928479160648
23555,java,add,insert,remove,0.9898820519447327,0.00015086894563864917,0.0010924226371571422,0.9989590644836426,0.9887896293075755,-0.9988081955380039,0.989731182999094,1.9875978248455795
23624,java,disable,block,enable,0.9920467138290405,0.0005748062976635993,0.0006675639888271689,0.9946933388710022,0.9913791498402134,-0.9941185325733386,0.9914719075313769,1.985497682413552
23666,java,add,insert,remove,0.8429659605026245,0.00015073613030835986,0.13727723062038422,0.998994767665863,0.7056887298822403,-0.9988440315355547,0.8428152243723162,1.704532761417795
23725,java,allow,permit,forbid,0.9961950778961182,0.0007231702911667526,0.001417937921360135,0.9983981251716614,0.994777139974758,-0.9976749548804946,0.9954719076049514,1.9924520948552527
24113,java,enabled,permitted,disabled,0.9547710418701172,0.0005166601040400565,0.005413700360804796,0.9973926544189453,0.9493573415093124,-0.9968759943149053,0.9542543817660771,1.9462333358242176
24154,java,added,inserted,removed,0.9969930648803711,0.00017732921696733683,0.001152648008428514,0.9993879795074463,0.9958404168719426,-0.999210650290479,0.9968157356634038,1.9950510671624215
24306,java,added,inserted,removed,0.9794161319732666,0.0001218054021592252,0.001166885020211339,0.9995409250259399,0.9782492469530553,-0.9994191196237807,0.9792943265711074,1.977668366576836
24306,java,allow,permit,forbid,0.9130172729492188,0.00012841480202041566,0.005853153765201569,0.9991899132728577,0.9071641191840172,-0.9990614984708373,0.9128888581471983,1.9062256176548544
24306,java,allows,permits,forbids,0.9940659999847412,0.0002014293713727966,0.0005598827265202999,0.9995575547218323,0.9935061172582209,-0.9993561253504595,0.9938645706133684,1.9928622426086804
24507,java,remove,delete,insert,0.9915470480918884,0.00013890734408050776,0.0014105181908234954,0.9995414018630981,0.9901365299010649,-0.9994024945190176,0.9914081407478079,1.9895390244200826
24927,java,allow,permit,forbid,0.9945260882377625,0.0003387406759429723,0.0009553192066960037,0.9993360638618469,0.9935707690310664,-0.998997323185904,0.9941873475618195,1.9925680922169704
24927,java,including,containing,excluding,0.968635618686676,0.0783616304397583,0.0031337239779531956,0.8899304270744324,0.9655018947087228,-0.8115687966346741,0.8902739882469177,1.777070691343397
24985,java,added,inserted,removed,0.9840414524078369,8.65279434947297e-05,0.006114831659942865,0.9991794228553772,0.977926620747894,-0.9990928949118825,0.9839549244643422,1.9770195156597765
24992,java,add,insert,remove,0.9941384792327881,0.00011658004950731993,0.0010497205657884479,0.999163031578064,0.9930887586669996,-0.9990464515285566,0.9940218991832808,1.9921352101955563
25268,java,show,display,hide,0.9989684820175171,0.055375464260578156,0.0002931976050604135,0.9371081590652466,0.9986752844124567,-0.8817326948046684,0.9435930177569389,1.880407979217125
25996,java,add,insert,remove,0.9788007140159607,0.00012098863226128742,0.0038828023243695498,0.999107301235199,0.9749179116915911,-0.9989863126029377,0.9786797253836994,1.9739042242945288
26087,java,remove,delete,insert,0.9858250617980957,0.0003674164181575179,0.004290672019124031,0.9988319277763367,0.9815343897789717,-0.9984645113581792,0.9854576453799382,1.9799989011371508
26649,java,enabled,permitted,disabled,0.9774050116539001,0.02196595072746277,0.0073649222031235695,0.9645732641220093,0.9700400894507766,-0.9426073133945465,0.9554390609264374,1.912647402845323
26649,java,disabled,blocked,enabled,0.9729925990104675,0.0037023834884166718,0.009148424491286278,0.9716388583183289,0.9638441745191813,-0.9679364748299122,0.9692902155220509,1.9317806493490934
26722,java,disabling,blocking,enabling,0.7418836951255798,0.00038824413786642253,0.2252974510192871,0.9973469972610474,0.5165862441062927,-0.9969587531231809,0.7414954509877134,1.5135449972294737
26843,java,added,inserted,removed,0.998393714427948,0.00018073512183036655,0.0002195742417825386,0.9995555281639099,0.9981741401861655,-0.9993747930420795,0.9982129793061176,1.997548933228245
27110,java,allow,permit,forbid,0.9947624802589417,0.00028590954025276005,0.0018144843634217978,0.9976422190666199,0.9929479958955199,-0.9973563095263671,0.9944765707186889,1.990304305421887
27384,java,add,insert,remove,0.9928225874900818,0.00014462876424659044,0.004233449697494507,0.9990035891532898,0.9885891377925873,-0.9988589603890432,0.9926779587258352,1.9874480981816305
27561,java,add,insert,remove,0.8117741942405701,0.00013050543202552944,0.17272061109542847,0.9988380074501038,0.6390535831451416,-0.9987075020180782,0.8116436888085445,1.6377610851632198
27561,java,hide,cover,show,0.8368613719940186,0.0006192617584019899,0.1328648030757904,0.9984657764434814,0.7039965689182281,-0.9978465146850795,0.8362421102356166,1.7018430836033076
27753,java,remove,delete,insert,0.9924626350402832,8.055879879975691e-05,0.002087248954921961,0.9993802309036255,0.9903753860853612,-0.9992996721048257,0.9923820762414834,1.989675058190187
28072,java,allow,permit,forbid,0.9945165514945984,0.0011287825182080269,0.0022258146200329065,0.997026264667511,0.9922907368745655,-0.995897482149303,0.9933877689763904,1.9881882190238684
28144,java,add,insert,remove,0.982025146484375,0.000109001477540005,0.003562861355021596,0.999294638633728,0.9784622851293534,-0.999185637156188,0.981916145006835,1.9776479222855414
28357,java,adding,inserting,removing,0.9930517673492432,0.00013826308713760227,0.002731725573539734,0.9995827078819275,0.9903200417757034,-0.9994444447947899,0.9929135042621056,1.9897644865704933
28732,java,add,insert,remove,0.9517502784729004,0.0003037417773157358,0.030796539038419724,0.9983850717544556,0.9209537394344807,-0.9980813299771398,0.9514465366955847,1.9190350694116205
28832,java,added,inserted,removed,0.9934291243553162,0.00019466981757432222,0.0014804950915277004,0.9990087151527405,0.9919486292637885,-0.9988140453351662,0.9932344545377418,1.9907626745989546
28947,java,add,insert,remove,0.9881497621536255,0.00011570812057470903,0.0019019610481336713,0.9990583062171936,0.9862478011054918,-0.9989425980966189,0.9880340540330508,1.9851903992021107
29239,java,remove,delete,insert,0.9964807629585266,0.0001360643218504265,0.0008048622403293848,0.9986696243286133,0.9956759007181972,-0.9985335600067629,0.9963446986366762,1.99420946072496
29619,java,added,inserted,removed,0.9813966751098633,0.00021288986317813396,0.010822948068380356,0.9986916184425354,0.9705737270414829,-0.9984787285793573,0.9811837852466851,1.9690524556208402
29740,java,adding,inserting,removing,0.9833003282546997,0.0002273587160743773,0.007453319616615772,0.9992671608924866,0.9758470086380839,-0.9990398021764122,0.9830729695386253,1.9748868108144961
29991,java,create,build,destroy,0.9920680522918701,7.501628715544939e-05,0.0015241986839100718,0.998927891254425,0.99054385360796,-0.9988528749672696,0.9919930360047147,1.9893967285752296
30080,java,create,build,destroy,0.16173088550567627,0.00015092476678546518,0.8155204653739929,0.9968994855880737,-0.6537895798683167,-0.9967485608212883,0.1615799607388908,0.3429589809529716
30507,java,add,insert,remove,0.9919523596763611,0.00018012682266999036,0.002896180609241128,0.9987626075744629,0.98905617906712,-0.9985824807517929,0.9917722328536911,1.9876386598189129
30779,java,open,unlock,close,0.8604674935340881,0.0003001342120114714,0.0715297982096672,0.9888584613800049,0.7889376953244209,-0.9885583271679934,0.8601673593220767,1.7774960224924143
30799,java,allow,permit,forbid,0.9930956959724426,0.00021232878498267382,0.0011663134209811687,0.9994202852249146,0.9919293825514615,-0.9992079564399319,0.99288336718746,1.9911373389913933
30860,java,allow,permit,forbid,0.8965324759483337,0.00012776200310327113,0.018598034977912903,0.9992243051528931,0.8779344409704208,-0.9990965431497898,0.8964047139452305,1.8770309841202106
30873,java,add,insert,remove,0.11034199595451355,0.0001647354947635904,0.8628276586532593,0.9985673427581787,-0.7524856626987457,-0.9984026072634151,0.11017726045974996,0.2459169445646694
30962,java,allow,permit,forbid,0.9958654642105103,0.00026958255330100656,0.0012820286210626364,0.9993027448654175,0.9945834355894476,-0.9990331623121165,0.9955958816572092,1.993616597901564
31339,java,removed,deleted,inserted,0.992745578289032,0.00038562362897209823,0.0017528883181512356,0.9986756443977356,0.9909926899708807,-0.9982900207687635,0.9923599546600599,1.9892827107396442
31339,java,starts,begins,stops,0.9403892755508423,0.0301309023052454,0.0033474729862064123,0.875067412853241,0.9370418025646359,-0.8449365105479956,0.9102583732455969,1.7819783131126314
31379,java,removed,deleted,inserted,0.9913267493247986,0.00010454210132593289,0.0019578642677515745,0.9996010661125183,0.989368885057047,-0.9994965240111924,0.9912222072234727,1.9888654090682394
31431,java,add,insert,remove,0.9929712414741516,0.00023848473210819066,0.0024172477424144745,0.9985089898109436,0.9905539937317371,-0.9982705050788354,0.9927327567420434,1.9888244988105725
31572,java,add,insert,remove,0.9762054681777954,0.0001503638195572421,0.00749589130282402,0.9987050294876099,0.9687095768749714,-0.9985546656680526,0.9760551043582382,1.967264242543024
31762,java,add,insert,remove,0.9903102517127991,0.00018933774845208973,0.0021234245505183935,0.9987024068832397,0.9881868271622807,-0.9985130691347877,0.990120913964347,1.9866998962970683
31892,java,adding,inserting,removing,0.9977633953094482,0.0001948982389876619,0.0008309085969813168,0.9993589520454407,0.9969324867124669,-0.999164053806453,0.9975684970704606,1.99609654051892
32003,java,remove,delete,insert,0.9764760732650757,0.00022933924628887326,0.006787268444895744,0.9991171956062317,0.9696888048201799,-0.9988878563599428,0.9762467340187868,1.9685766611801228
32028,java,enabled,permitted,disabled,0.9849531650543213,0.0035899293143302202,0.00390845350921154,0.9749668836593628,0.9810447115451097,-0.9713769543450326,0.9813632357399911,1.9524216658901423
32446,java,allow,permit,forbid,0.9951802492141724,0.00017648380890022963,0.0010239098919555545,0.9994175434112549,0.9941563393222168,-0.9992410596023547,0.9950037654052721,1.9933973989245715
32608,java,remove,delete,insert,0.9596045613288879,0.00016357730783056468,0.0029079534579068422,0.9983606934547424,0.9566966078709811,-0.9981971161469119,0.9594409840210574,1.954893724017893
32738,java,remove,delete,insert,0.9833289384841919,0.0004098514327779412,0.001472068252041936,0.998110294342041,0.98185687023215,-0.9977004429092631,0.982919087051414,1.979557313141413
32945,java,added,inserted,removed,0.9919758439064026,9.148759272648022e-05,0.001679184497334063,0.9996936321258545,0.9902966594090685,-0.999602144533128,0.9918843563136761,1.9898988039421965
32945,java,enable,permit,disable,0.9738204479217529,0.00011346622341079637,0.0022851345129311085,0.9994221925735474,0.9715353134088218,-0.9993087263501366,0.9737069816983421,1.9708440397589584
33265,java,add,insert,remove,0.9785471558570862,9.007408516481519e-05,0.005231088493019342,0.9995198249816895,0.9733160673640668,-0.9994297508965246,0.9784570817719214,1.9727458182605915
33265,java,adding,inserting,removing,0.9202512502670288,0.00044600421097129583,0.04466543346643448,0.9747524857521057,0.8755858168005943,-0.9743064815411344,0.9198052460560575,1.8498922983417287
33500,java,create,build,destroy,0.9854592084884644,0.003097312292084098,0.004540776833891869,0.9904733300209045,0.9809184316545725,-0.9873760177288204,0.9823618961963803,1.968294449383393
34929,java,starting,beginning,stopping,0.798376202583313,0.0024428507313132286,0.01197825837880373,0.9754653573036194,0.7863979442045093,-0.9730225065723062,0.7959333518519998,1.7594204507768154
35443,java,enabled,permitted,disabled,0.966893196105957,0.0004656932142097503,0.001103889662772417,0.99595046043396,0.9657893064431846,-0.9954847672197502,0.9664275028917473,1.9612740736629348
35443,java,create,build,destroy,0.9924830794334412,8.663528569741175e-05,0.0007389860111288726,0.9991956353187561,0.9917440934223123,-0.9991090000330587,0.9923964441477438,1.990853093455371
35853,java,creating,building,destroying,0.9904200434684753,4.755624831886962e-05,0.0006484331679530442,0.9996678829193115,0.9897716103005223,-0.9996203266709927,0.9903724872201565,1.989391936971515
36056,java,added,inserted,removed,0.9936664700508118,0.00018479871505405754,0.0017774312291294336,0.9994818568229675,0.9918890388216823,-0.9992970581079135,0.9934816713357577,1.9911860969295958
36674,java,disabled,blocked,enabled,0.955896258354187,8.453016926068813e-05,0.019683854654431343,0.998839795589447,0.9362124036997557,-0.9987552654201863,0.9558117281849263,1.934967669119942
37599,java,create,build,destroy,0.9925678968429565,0.0001244568993570283,0.0009669165010564029,0.997655987739563,0.9916009803419001,-0.997531530840206,0.9924434399435995,1.989132511182106
38003,java,allow,permit,forbid,0.993019163608551,0.0010720696300268173,0.0031169650610536337,0.9971018433570862,0.9899021985474974,-0.9960297737270594,0.9919470939785242,1.9859319722745568
38003,java,created,built,destroyed,0.9873360991477966,0.00024645618395879865,0.0052106440998613834,0.962931752204895,0.9821254550479352,-0.9626852960209362,0.9870896429638378,1.9448107510688715
38475,java,add,insert,remove,0.9903873801231384,0.000203778559807688,0.004267871379852295,0.9986365437507629,0.9861195087432861,-0.9984327651909553,0.9901836015633307,1.9845522739342414
38661,java,add,insert,remove,0.989144504070282,0.00016992709424812347,0.0030746329575777054,0.9991214871406555,0.9860698711127043,-0.9989515600464074,0.9889745769760339,1.9850214311591117
38661,java,allow,permit,forbid,0.9930177927017212,0.00019627047004178166,0.001269444008357823,0.9992817044258118,0.9917483486933634,-0.99908543395577,0.9928215222316794,1.9908337826491334
39926,java,disable,block,enable,0.8815467953681946,0.0007744679460301995,0.0017404168611392379,0.9912055134773254,0.8798063785070553,-0.9904310455312952,0.8807723274221644,1.8702374240383506
40615,java,added,inserted,removed,0.9847859740257263,0.00010425074287923053,0.008542003110051155,0.9996053576469421,0.9762439709156752,-0.9995011069040629,0.9846817232828471,1.975745077819738
40616,java,add,insert,remove,0.9921200275421143,0.00013661960838362575,0.0013200282119214535,0.9993667006492615,0.9907999993301928,-0.9992300810408778,0.9919834079337306,1.9900300803710707
40897,java,remove,delete,insert,0.9969417452812195,0.0001816408330341801,0.00047742706374265254,0.9989404082298279,0.9964643182174768,-0.9987587673967937,0.9967601044481853,1.9952230856142705
41020,java,add,insert,remove,0.9490121603012085,0.0001318088179687038,0.03835240751504898,0.998989999294281,0.9106597527861595,-0.9988581904763123,0.9488803514832398,1.9095179432624718
121,js,open,unlock,close,0.9688100218772888,0.7617433071136475,0.007070691324770451,0.15905442833900452,0.9617393305525184,0.6026888787746429,0.20706671476364136,0.3590504517778754
305,js,add,insert,remove,0.9842306971549988,0.0001387398806400597,0.005586193408817053,0.9987000226974487,0.9786445037461817,-0.9985612828168087,0.9840919572743587,1.9772057865629904
305,js,create,build,destroy,0.33904194831848145,0.00015596274170093238,0.07096419483423233,0.9646892547607422,0.2680777534842491,-0.9645332920190413,0.3388859855767805,1.2326110455032904
815,js,allow,permit,forbid,0.9962621331214905,0.0002896644582506269,0.0012079911539331079,0.99935382604599,0.9950541419675574,-0.9990641615877394,0.9959724686632399,1.9941183035552967
871,js,added,inserted,removed,0.9958764314651489,0.00012693677854258567,0.0010462231002748013,0.9995846152305603,0.9948302083648741,-0.9994576784520177,0.9957494946866063,1.9942878868168918
951,js,add,insert,remove,0.9875369668006897,8.848370634950697e-05,0.0022232476621866226,0.999512791633606,0.9853137191385031,-0.9994243079272565,0.9874484830943402,1.9847380270657595
3433,js,added,inserted,removed,0.9949465394020081,0.000182674455572851,0.0012830352643504739,0.9993805885314941,0.9936635041376576,-0.9991979140759213,0.9947638649464352,1.9928614182135789
3433,js,accepted,took,rejected,0.9104344248771667,0.0003108516975771636,0.017594436183571815,0.9883337020874023,0.8928399886935949,-0.9880228503898252,0.9101235731795896,1.8808628390834201
4368,js,add,insert,remove,0.9744505286216736,0.00010447699605720118,0.01187367644160986,0.9991785883903503,0.9625768521800637,-0.9990741113942931,0.9743460516256164,1.9616509635743569
4368,js,added,inserted,removed,0.967857837677002,0.0001813340641092509,0.0011737830936908722,0.9991067051887512,0.9666840545833111,-0.998925371124642,0.9676765036128927,1.965609425707953
4412,js,add,insert,remove,0.9830511212348938,0.00016678472456987947,0.005672110244631767,0.9990878105163574,0.977379010990262,-0.9989210257917875,0.9828843365103239,1.9763000367820496
4918,js,removed,deleted,inserted,0.9755589365959167,0.011314227245748043,0.0030924633610993624,0.974159836769104,0.9724664732348174,-0.962845609523356,0.9642447093501687,1.9353120827581733
5132,js,allow,permit,forbid,0.9852688908576965,0.0006776117370463908,0.004084303043782711,0.9982653260231018,0.9811845878139138,-0.9975877142860554,0.9845912791206501,1.9787723020999692
5639,js,starts,begins,stops,0.9509701132774353,0.05127260088920593,0.002316265134140849,0.6956803202629089,0.9486538481432945,-0.644407719373703,0.8996975123882294,1.5930615675169975
5757,js,add,insert,remove,0.9898080229759216,0.00012857228284701705,0.003252338385209441,0.9993263483047485,0.9865556845907122,-0.9991977760219015,0.9896794506930746,1.9857534606126137
6081,js,add,insert,remove,0.8447840213775635,0.00011153273226227611,0.13986735045909882,0.9991734623908997,0.7049166709184647,-0.9990619296586374,0.8446724886453012,1.703978600577102
6174,js,open,unlock,close,0.6633010506629944,0.020474227145314217,0.08479083329439163,0.9274723529815674,0.5785102173686028,-0.9069981258362532,0.6428268235176802,1.485508343204856
6876,js,show,display,hide,0.9964392781257629,0.00036381991230882704,0.0006806367309764028,0.9978487491607666,0.9957586413947865,-0.9974849292484578,0.9960754582134541,1.9932435706432443
7355,js,allow,permit,forbid,0.9903481006622314,0.00016015561413951218,0.0010412848787382245,0.9990353584289551,0.9893068157834932,-0.9988752028148156,0.9901879450480919,1.9881820185983088
7355,js,allows,permits,forbids,0.9675891399383545,0.00019193788466509432,0.0013297817204147577,0.999518871307373,0.9662593582179397,-0.999326933422708,0.9673972020536894,1.9655862916406477
8116,js,add,insert,remove,0.9718620777130127,0.00017512532940600067,0.004822913091629744,0.9985643029212952,0.967039164621383,-0.9983891775918892,0.9716869523836067,1.9654283422132721
8349,js,allow,permit,forbid,0.9956627488136292,0.0005138945998623967,0.0011161521542817354,0.997545063495636,0.9945465966593474,-0.9970311688957736,0.9951488542137668,1.991577765555121
8672,js,added,inserted,removed,0.9961122870445251,0.00010672053031157702,0.0006936812424100935,0.9995375871658325,0.995418605802115,-0.9994308666355209,0.9960055665142136,1.994849472437636
8779,js,added,inserted,removed,0.9925133585929871,0.0001223119325004518,0.0010838806629180908,0.9994146823883057,0.991429477930069,-0.9992923704558052,0.9923910466604866,1.9907218483858742
10097,js,add,insert,remove,0.9156984090805054,0.0004161520046181977,0.033997803926467896,0.9943285584449768,0.8817006051540375,-0.9939124064403586,0.9152822570758872,1.875613011594396
10553,js,add,insert,remove,0.9871167540550232,0.00012442076695151627,0.0014094510115683079,0.9991915822029114,0.9857073030434549,-0.9990671614359599,0.9869923332880717,1.9847744644794147
11217,js,remove,delete,insert,0.9797890782356262,0.0002303163637407124,0.0017315534641966224,0.998997151851654,0.9780575247714296,-0.9987668354879133,0.9795587618718855,1.976824360259343
11629,js,add,insert,remove,0.9900026321411133,0.00019342191808391362,0.0026688016951084137,0.998528242111206,0.9873338304460049,-0.9983348201931221,0.9898092102230294,1.985668650639127
11713,js,allow,permit,forbid,0.9962790608406067,0.00032993723289109766,0.0010467369575053453,0.9991888403892517,0.9952323238831013,-0.9988589031563606,0.9959491236077156,1.994091227039462
12942,js,added,inserted,removed,0.9903372526168823,0.00011895268835360184,0.004330074414610863,0.9994112253189087,0.9860071782022715,-0.9992922726305551,0.9902182999285287,1.9852994508328266
12947,js,add,insert,remove,0.9889373779296875,0.00020585895981639624,0.0039084008894860744,0.9985059499740601,0.9850289770402014,-0.9983000910142437,0.9887315189698711,1.983329068054445
12989,js,accept,take,reject,0.9957872033119202,0.0008426086860708892,0.0016284420853480697,0.9926099181175232,0.9941587612265721,-0.9917673094314523,0.9949445946258493,1.9859260706580244
13215,js,remove,delete,insert,0.9841926693916321,0.002488445956259966,0.0017036530189216137,0.9952389001846313,0.9824890163727105,-0.9927504542283714,0.9817042234353721,1.9752394706010818
13554,js,allow,permit,forbid,0.995563268661499,0.0004349680384621024,0.0012316417414695024,0.9974780678749084,0.9943316269200295,-0.9970430998364463,0.9951283006230369,1.9913747267564759
13602,js,add,insert,remove,0.9878299832344055,0.0007640474359504879,0.001964203780516982,0.9845350980758667,0.9858657794538885,-0.9837710506399162,0.987065935798455,1.9696368300938047
13737,js,start,begin,stop,0.9785658717155457,0.05473710596561432,0.0021874667145311832,0.8284781575202942,0.9763784050010145,-0.7737410515546799,0.9238287657499313,1.7501194565556943
13862,js,start,begin,stop,0.9904009699821472,0.000935517658945173,0.002479059621691704,0.9953289031982422,0.9879219103604555,-0.994393385539297,0.989465452323202,1.9823152958997525
13899,js,allow,permit,forbid,0.9954518675804138,0.0006688202847726643,0.001415854087099433,0.9974451065063477,0.9940360134933144,-0.996776286221575,0.9947830472956412,1.9908122997148894
14096,js,added,inserted,removed,0.9916907548904419,0.00014169713540468365,0.003365605603903532,0.9993990659713745,0.9883251492865384,-0.9992573688359698,0.9915490577550372,1.9875825181225082
14396,js,add,insert,remove,0.9699251055717468,0.000205753676709719,0.004496464040130377,0.9967616200447083,0.9654286415316164,-0.9965558663679985,0.9697193518950371,1.961984507899615
14513,js,add,insert,remove,0.9943680167198181,0.00018042215378955007,0.0009221904911100864,0.9985185265541077,0.993445826228708,-0.9983381044003181,0.9941875945660286,1.9917839306290261
14622,js,add,insert,remove,0.9876111149787903,9.2340684204828e-05,0.001719075720757246,0.999496579170227,0.985892039258033,-0.9994042384860222,0.9875187742945855,1.9852962777440553
14904,js,remove,delete,insert,0.9958025813102722,0.0002034211647696793,0.0006969954702071846,0.9987998008728027,0.995105585840065,-0.998596379708033,0.9955991601455025,1.993701965548098
15619,js,allow,permit,forbid,0.9762672781944275,0.0014521199045702815,0.00641226302832365,0.9783557653427124,0.9698550151661038,-0.9769036454381421,0.9748151582898572,1.946758660604246
16214,js,adding,inserting,removing,0.9906896352767944,9.943974873749539e-05,0.0023721219040453434,0.9990286827087402,0.9883175133727491,-0.9989292429600027,0.9905901955280569,1.9872467563327518
16547,js,added,inserted,removed,0.9978570342063904,0.00010998269135598093,0.000766140699852258,0.9996691942214966,0.9970908935065381,-0.9995592115301406,0.9977470515150344,1.9966501050366787
16590,js,added,inserted,removed,0.9922659993171692,0.00013117636262904853,0.0012343457201495767,0.9994211196899414,0.9910316535970196,-0.9992899433273124,0.9921348229545401,1.990321596924332
16655,js,allow,permit,forbid,0.9928786158561707,0.0003414418315514922,0.0022170916199684143,0.9982695579528809,0.9906615242362022,-0.9979281161213294,0.9925371740246192,1.9885896403575316
16804,js,added,inserted,removed,0.9857302904129028,0.0013371052918955684,0.0015020509017631412,0.9682283997535706,0.9842282395111397,-0.966891294461675,0.9843931851210073,1.9511195339728147
17525,js,add,insert,remove,0.9937706589698792,0.020231667906045914,0.002999850083142519,0.878258228302002,0.9907708088867366,-0.858026560395956,0.9735389910638332,1.8487973692826927
17596,js,creating,building,destroying,0.9460456967353821,0.007630617823451757,0.015612956136465073,0.9662835597991943,0.930432740598917,-0.9586529419757426,0.9384150789119303,1.8890856825746596
17694,js,allowed,permitted,forbade,0.9973061084747314,0.0006288762670010328,0.0008389573195017874,0.9989327788352966,0.9964671511552297,-0.9983039025682956,0.9966772322077304,1.9947710537235253
17875,js,added,inserted,removed,0.9890973567962646,0.00013477045285981148,0.006266086827963591,0.9995978474617004,0.9828312699683011,-0.9994630770088406,0.9889625863434048,1.9822943469771417
17949,js,adding,inserting,removing,0.9849692583084106,0.00014250037202145904,0.0028172810561954975,0.9974560141563416,0.9821519772522151,-0.9973135137843201,0.9848267579363892,1.9794654910365352
18231,js,added,inserted,removed,0.9923263788223267,7.868375541875139e-05,0.0019464348442852497,0.9993129968643188,0.9903799439780414,-0.9992343131089001,0.9922476950669079,1.9896142570869415
18894,js,added,inserted,removed,0.9981012940406799,0.00022984000679571182,0.0005236613214947283,0.9993259906768799,0.9975776327191852,-0.9990961506700842,0.9978714540338842,1.9966737833892694
19668,js,add,insert,remove,0.9864721298217773,0.00015514635015279055,0.005235407501459122,0.9988013505935669,0.9812367223203182,-0.9986462042434141,0.9863169834716246,1.9798829265637323
20114,js,add,insert,remove,0.9903351068496704,0.00020858499919995666,0.002628880785778165,0.9982301592826843,0.9877062260638922,-0.9980215742834844,0.9901265218504705,1.9857278003473766
20764,js,create,build,destroy,0.9532662034034729,0.00014187738997861743,0.008345752023160458,0.9963453412055969,0.9449204513803124,-0.9962034638156183,0.9531243260134943,1.9411239151959307
20896,js,increase,raise,decrease,0.9849029183387756,0.000153265442349948,0.002409960376098752,0.9991948008537292,0.9824929579626769,-0.9990415354113793,0.9847496528964257,1.9815344933740562
21122,js,add,insert,remove,0.9717066884040833,9.955804125638679e-05,0.020049063488841057,0.9990968704223633,0.9516576249152422,-0.9989973123811069,0.9716071303628269,1.950654937296349
21122,js,enabling,permitting,disabling,0.9348998665809631,0.0001779849553713575,0.013544060289859772,0.9924047589302063,0.9213558062911034,-0.9922267739748349,0.9347218816255918,1.9135825802659383
21582,js,allow,permit,forbid,0.9921684861183167,0.00040539068868383765,0.0021228701807558537,0.9986649751663208,0.9900456159375608,-0.998259584477637,0.9917630954296328,1.9883052004151978
21773,js,add,insert,remove,0.014679455198347569,0.0001351014943793416,0.981446385383606,0.9989540576934814,-0.9667669301852584,-0.9988189561991021,0.014544353703968227,0.032052026013843715
22048,js,add,insert,remove,0.9720099568367004,0.000395511306123808,0.005286152474582195,0.9959169030189514,0.9667238043621182,-0.9955213917128276,0.9716144455305766,1.9622451960749459
22048,js,added,inserted,removed,0.9948325157165527,0.00011425065895309672,0.0004973522154614329,0.9994415640830994,0.9943351635010913,-0.9993273134241463,0.9947182650575996,1.9936624769252376
22565,js,add,insert,remove,0.7064864039421082,0.00015303479449357837,0.27438434958457947,0.999320387840271,0.4321020543575287,-0.9991673530457774,0.7063333691476146,1.431269407403306
22710,js,add,insert,remove,0.9957478642463684,0.0001680599234532565,0.0009006505715660751,0.9980999827384949,0.9948472136748023,-0.9979319228150416,0.9955798043229152,1.992779136489844
22922,js,remove,delete,insert,0.9746575951576233,0.00014248938532546163,0.007230820599943399,0.998999297618866,0.9674267745576799,-0.9988568082335405,0.9745151057722978,1.9662835827912204
22944,js,disable,block,enable,0.9944646954536438,0.0031209425069391727,0.0009343012934550643,0.9560089707374573,0.9935303941601887,-0.9528880282305181,0.9913437529467046,1.9464184223907068
22960,js,add,insert,remove,0.980709433555603,0.0001043939046212472,0.0017544040456414223,0.9994184970855713,0.9789550295099616,-0.99931410318095,0.9806050396509818,1.9782691326909116
23336,js,remove,delete,insert,0.9912059903144836,0.00018491769151296467,0.0025785688776522875,0.999230146408081,0.9886274214368314,-0.9990452287165681,0.9910210726229707,1.9876726501533994
23419,js,added,inserted,removed,0.9962132573127747,0.00021418285905383527,0.0008963670115917921,0.9989967942237854,0.9953168903011829,-0.9987826113647316,0.9959990744537208,1.9940995016659144
23597,js,added,inserted,removed,0.9214444160461426,0.0001813757116906345,0.00821702554821968,0.9957429766654968,0.9132273904979229,-0.9955616009538062,0.9212630403344519,1.908788991451729
23737,js,added,inserted,removed,0.995270311832428,0.0001409289106959477,0.001540776458568871,0.9994834661483765,0.9937295353738591,-0.9993425372376805,0.995129382921732,1.9930720726115396
24610,js,add,insert,remove,0.9494410753250122,0.0022190967574715614,0.005432183388620615,0.9450116753578186,0.9440088919363916,-0.942792578600347,0.9472219785675406,1.8868014705367386
24643,js,allow,permit,forbid,0.9953342080116272,0.0003253839968238026,0.0012756281066685915,0.999085545539856,0.9940585799049586,-0.9987601615430322,0.9950088240148034,1.9928187414479908
25410,js,allow,permit,forbid,0.9953685998916626,0.0008023060509003699,0.0006526768556796014,0.9983056783676147,0.994715923035983,-0.9975033723167144,0.9945662938407622,1.9922192953526974
25643,js,show,display,hide,0.9656450748443604,0.00019271827477496117,0.0014422364765778184,0.9988258481025696,0.9642028383677825,-0.9986331298277946,0.9654523565695854,1.9628359681955772
25684,js,added,inserted,removed,0.9948563575744629,0.00014592283696401864,0.0022951136343181133,0.9994414448738098,0.9925612439401448,-0.9992955220368458,0.9947104347374989,1.9918567659769906
26531,js,removed,deleted,inserted,0.9983254075050354,0.000193170431884937,0.0004974091425538063,0.9989480376243591,0.9978279983624816,-0.9987548671924742,0.9981322370731505,1.9965828655549558
28681,js,remove,delete,insert,0.9926360249519348,0.0001910814899019897,0.00160924531519413,0.9968210458755493,0.9910267796367407,-0.9966299643856473,0.9924449434620328,1.987656744022388
30838,js,adds,inserts,removes,0.9953616261482239,0.00017368042608723044,0.0014979420229792595,0.9996024966239929,0.9938636841252446,-0.9994288161979057,0.9951879457221366,1.9932925003231503
31446,js,add,insert,remove,0.9872953295707703,0.00010903918882831931,0.0037134571466594934,0.9990295171737671,0.9835818724241108,-0.9989204779849388,0.9871862903819419,1.9825023504090495
31702,js,add,insert,remove,0.9223070740699768,7.039350748527795e-05,0.004063148517161608,0.9994102716445923,0.9182439255528152,-0.999339878137107,0.9222366805624915,1.9175838036899222
31702,js,allowing,permitting,forbidding,0.8935456871986389,0.0001413129357388243,0.0021976232528686523,0.9996707439422607,0.8913480639457703,-0.9995294310065219,0.8934043742629001,1.8908774949522922
32022,js,allow,permit,forbid,0.993895947933197,0.0005531329079531133,0.0017025963170453906,0.9983739852905273,0.9921933516161516,-0.9978208523825742,0.9933428150252439,1.9900142039987259
32022,js,opened,unlocked,closed,0.9850753545761108,0.000978655880317092,0.0025110519491136074,0.9665806889533997,0.9825643026269972,-0.9656020330730826,0.9840966986957937,1.9481663357000798
32435,js,allow,permit,forbid,0.9938841462135315,0.0007138707442209125,0.0013206646544858813,0.9945555925369263,0.9925634815590456,-0.9938417217927054,0.9931702754693106,1.986405203351751
32596,js,disable,block,enable,0.9831852316856384,0.00036257752799429,0.00038278804277069867,0.9973418116569519,0.9828024436428677,-0.9969792341289576,0.9828226541576441,1.9797816777718253
32983,js,started,began,stopped,0.9680386781692505,0.00031429206137545407,0.0017433653119951487,0.9942427277565002,0.9662953128572553,-0.9939284356951248,0.967724386107875,1.9602237485523801
33731,js,add,insert,remove,0.9327254295349121,0.0001241375139215961,0.021075909957289696,0.9991021156311035,0.9116495195776224,-0.9989779781171819,0.9326012920209905,1.9106274976948043
34102,js,added,inserted,removed,0.9964948296546936,0.00011318617180222645,0.000986795173957944,0.999584972858429,0.9955080344807357,-0.9994717866866267,0.9963816434828914,1.9949798211673624
34366,js,removing,deleting,inserting,0.9853987693786621,0.0003919053706340492,0.0016421666368842125,0.9797307848930359,0.9837566027417779,-0.9793388795224018,0.9850068640080281,1.9630954822641797
34445,js,created,built,destroyed,0.887116551399231,0.00013780384324491024,0.003944559954106808,0.9729213714599609,0.8831719914451241,-0.972783567616716,0.886978747555986,1.8559555590618402
35697,js,allow,permit,forbid,0.9956259727478027,0.0006348764291033149,0.0014339049812406301,0.9984185695648193,0.9941920677665621,-0.997783693135716,0.9949910963186994,1.9919757609022781
35755,js,allow,permit,forbid,0.9954898953437805,0.0004551197635009885,0.0013098708586767316,0.9977828860282898,0.9941800244851038,-0.9973277662647888,0.9950347755802795,1.9915077907498926
642,js,added,inserted,removed,0.964539110660553,4.84535084979143e-05,0.0023606724571436644,0.9995635151863098,0.9621784382034093,-0.9995150616778119,0.9644906571520551,1.9616934998812212
1778,js,added,inserted,removed,0.9967408776283264,0.00013119971845299006,0.0009655616595409811,0.999446451663971,0.9957753159687854,-0.999315251945518,0.9966096779098734,1.9950905679143034
4644,js,added,inserted,removed,0.9891155362129211,8.90098453965038e-05,0.001266248757019639,0.999376118183136,0.9878492874559015,-0.9992871083377395,0.9890265263675246,1.987136395793641
5913,js,add,insert,remove,0.9786010384559631,0.0001871218264568597,0.013680657371878624,0.9992916584014893,0.9649203810840845,-0.9991045365750324,0.9784139166295063,1.964024917659117
6316,js,added,inserted,removed,0.9958672523498535,0.0002517700777389109,0.000535142666194588,0.9992838501930237,0.9953321096836589,-0.9990320801152848,0.9956154822721146,1.9943641897989437
6593,js,show,display,hide,0.9978020787239075,0.000348740431945771,0.00018207344692200422,0.9974459409713745,0.9976200052769855,-0.9970972005394287,0.9974533382919617,1.9947172058164142
8534,js,added,inserted,removed,0.9008157253265381,6.588515680050477e-05,0.026431217789649963,0.9964723587036133,0.8743845075368881,-0.9964064735468128,0.9007498401697376,1.870790981083701
10513,js,show,display,hide,0.9988180994987488,0.6490458250045776,0.00027707527624443173,0.2430834174156189,0.9985410242225043,0.40596240758895874,0.34977227449417114,0.5925786166335456
11034,js,adding,inserting,removing,0.9966039657592773,0.00014826995902694762,0.0009374427027069032,0.9994707703590393,0.9956665230565704,-0.9993225004000124,0.9964556958002504,1.9949890234565828
11387,js,added,inserted,removed,0.9968001842498779,0.00018949402146972716,0.00036671292036771774,0.9990730285644531,0.9964334713295102,-0.9988835345429834,0.9966106902284082,1.9953170058724936
14255,js,added,inserted,removed,0.9977908134460449,0.00018156888836529106,0.000677312898915261,0.9989438652992249,0.9971135005471297,-0.9987622964108596,0.9976092445576796,1.9958757969579892
14517,js,added,inserted,removed,0.9970122575759888,0.00013142984244041145,0.0012478803982958198,0.9995567202568054,0.995764377177693,-0.999425290414365,0.9968808277335484,1.995189667592058
15135,js,added,inserted,removed,0.9979546070098877,0.0001707058836473152,0.0002840533561538905,0.9994319081306458,0.9976705536537338,-0.9992612022469984,0.9977839011262404,1.9969317559007322
15960,js,adding,inserting,removing,0.9779158234596252,7.993105828063563e-05,0.014439990743994713,0.9987296462059021,0.9634758327156305,-0.9986497151476215,0.9778358924013446,1.962125547863252
17593,js,add,insert,remove,0.9832515716552734,0.0001463418739149347,0.0029010402504354715,0.9988200068473816,0.980350531404838,-0.9986736649734667,0.9831052297813585,1.9790241963783046
18777,js,added,inserted,removed,0.9977498650550842,0.00011347163672326133,0.0004613803466781974,0.9994232654571533,0.997288484708406,-0.9993097938204301,0.997636393418361,1.996598278528836
24482,js,added,inserted,removed,0.997048556804657,0.000217423788853921,0.0006688362336717546,0.9993634819984436,0.9963797205709852,-0.9991460582095897,0.9968311330158031,1.995525778780575
24605,js,added,inserted,removed,0.9964409470558167,0.00018595680012367666,0.0011421118397265673,0.9993671774864197,0.9952988352160901,-0.999181220686296,0.996254990255693,1.994480055902386
24705,js,open,unlock,close,0.8653696775436401,0.0019300085259601474,0.026231050491333008,0.980053722858429,0.8391386270523071,-0.9781237143324688,0.86343966901768,1.817262341384776
24725,js,remove,delete,insert,0.992805540561676,0.000376872398192063,0.0007033880683593452,0.9914193153381348,0.9921021524933167,-0.9910424429399427,0.992428668163484,1.9831445954332594
26682,js,add,insert,remove,0.9891903400421143,0.00017447368009015918,0.0035250522196292877,0.9978578686714172,0.985665287822485,-0.9976833949913271,0.9890158663620241,1.983348682813812
27501,js,removed,deleted,inserted,0.9934002161026001,9.779909305507317e-05,0.0009918560972437263,0.9991794228553772,0.9924083600053564,-0.9990816237623221,0.993302417009545,1.9914899837676785
30026,js,removed,deleted,inserted,0.9967266321182251,0.00014842473319731653,0.0001867089740699157,0.9993689656257629,0.9965399231441552,-0.9992205408925656,0.9965782073850278,1.9957604640367208
31095,js,add,insert,remove,0.9885280132293701,7.24104029359296e-05,0.002124474151059985,0.9994608759880066,0.9864035390783101,-0.9993884655850707,0.9884556028264342,1.9857920046633808
36539,js,added,inserted,removed,0.9921618103981018,0.00020161304564680904,0.0011154477251693606,0.9993409514427185,0.9910463626729324,-0.9991393383970717,0.991960197352455,1.9901857010700041
36638,js,added,inserted,removed,0.9967964291572571,0.00021167274098843336,0.0012876340188086033,0.9994089603424072,0.9955087951384485,-0.9991972876014188,0.9965847564162686,1.9947060827398673
37132,js,remove,delete,insert,0.9536426663398743,0.0005939175025559962,0.004140892066061497,0.9880451560020447,0.9495017742738128,-0.9874512384994887,0.9530487488373183,1.9369530127733015
37220,js,add,insert,remove,0.8277441263198853,9.26297070691362e-05,0.1516885906457901,0.9992609620094299,0.6760555356740952,-0.9991683323023608,0.8276514966128161,1.675223867976456
37275,js,adds,inserts,removes,0.9912739396095276,0.0002277136081829667,0.004075456876307726,0.9994344115257263,0.9871984827332199,-0.9992066979175434,0.9910462260013446,1.9864051806507632
37326,js,allow,permit,forbid,0.9868447780609131,0.00013781682355329394,0.0015265961410477757,0.9996399879455566,0.9853181819198653,-0.9995021711220033,0.9867069612373598,1.9848203530418687
37784,js,increase,raise,decrease,0.9964906573295593,0.00020062876865267754,0.0007227453170344234,0.9992716908454895,0.9957679120125249,-0.9990710620768368,0.9962900285609066,1.9948389740893617
38327,js,create,build,destroy,0.8775723576545715,0.0002903029671870172,0.020085137337446213,0.9916220903396606,0.8574872203171253,-0.9913317873724736,0.8772820546873845,1.848819007689599
38867,js,remove,delete,insert,0.9899893999099731,0.00012316399079281837,0.0018442138098180294,0.9992108345031738,0.9881451861001551,-0.999087670512381,0.9898662359191803,1.9872328566125361
39516,js,remove,delete,insert,0.9947505593299866,0.000251888413913548,0.0011474030325189233,0.9965683221817017,0.9936031562974676,-0.9963164337677881,0.994498670916073,1.9899195900652558
39533,js,add,insert,remove,0.9876700639724731,0.00015884166350588202,0.0043451180681586266,0.9990522265434265,0.9833249459043145,-0.9988933848799206,0.9875112223089673,1.9822183307842351
39790,js,allow,permit,forbid,0.9970011115074158,0.0004926460678689182,0.0005486916634254158,0.9986364245414734,0.9964524198439904,-0.9981437784736045,0.9965084654395469,1.9945961983175948
39859,js,added,inserted,removed,0.9930506944656372,0.00015677859482821077,0.0006558845634572208,0.9993607401847839,0.99239480990218,-0.9992039615899557,0.992893915870809,1.9915987714921357
40547,js,add,insert,remove,0.043215781450271606,0.00021983984333928674,0.9508880376815796,0.998406708240509,-0.907672256231308,-0.9981868683971697,0.04299594160693232,0.09051461216586176
40717,js,start,begin,stop,0.7295170426368713,0.0010078061604872346,0.005859117489308119,0.9885868430137634,0.7236579251475632,-0.9875790368532762,0.7285092364763841,1.7112369620008394
40717,js,opened,unlocked,closed,0.8625692129135132,0.025236232206225395,0.010700891725718975,0.7624931335449219,0.8518683211877942,-0.7372569013386965,0.8373329807072878,1.5891252225264907
40928,js,allow,permit,forbid,0.9494732022285461,0.00043054413981735706,0.001711769960820675,0.9966895580291748,0.9477614322677255,-0.9962590138893574,0.9490426580887288,1.944020446157083
41865,js,adding,inserting,removing,0.8929800391197205,0.00010084381210617721,0.08393127471208572,0.9997338652610779,0.8090487644076347,-0.9996330214489717,0.8928791953076143,1.8086817858566064
42466,js,disable,block,enable,0.4204624593257904,0.0007914446759968996,0.43755051493644714,0.9913634061813354,-0.01708805561065674,-0.9905719615053385,0.4196710146497935,0.9734839058946818
42466,js,allows,permits,forbids,0.9742282629013062,0.0006175388698466122,0.0029357695020735264,0.9972395896911621,0.9712924933992326,-0.9966220508213155,0.9736107240314595,1.9679145442205481
42816,js,create,build,destroy,0.8627371191978455,0.00010305322939530015,0.04053248465061188,0.9975040555000305,0.8222046345472336,-0.9974010022706352,0.8626340659684502,1.8196056368178688
43045,js,remove,delete,insert,0.9935330152511597,0.00014917859516572207,0.0026667385827749968,0.9990098476409912,0.9908662766683847,-0.9988606690458255,0.993383836655994,1.9897269457142102
44101,js,add,insert,remove,0.9898039102554321,0.0001342088944511488,0.0042131016962230206,0.9989895224571228,0.9855908085592091,-0.9988553135626717,0.989669701360981,1.9844461221218808
44196,js,add,insert,remove,0.9942620992660522,0.00016217476513702422,0.0016160066006705165,0.9991450309753418,0.9926460926653817,-0.9989828562102048,0.9940999245009152,1.9916289488755865
44823,js,added,inserted,removed,0.9956348538398743,0.00021832258789800107,0.001365032745525241,0.999372661113739,0.994269821094349,-0.999154338525841,0.9954165312519763,1.99342415962019
1141,js,show,display,hide,0.9972113966941833,0.0002121386060025543,0.00029094284400343895,0.9988337159156799,0.9969204538501799,-0.9986215773096774,0.9969992580881808,1.9955420311598573
2565,js,increase,raise,decrease,0.995274007320404,0.00016785778279881924,0.0011820077197626233,0.9994068145751953,0.9940919996006414,-0.9992389567923965,0.9951061495376052,1.993330956393038
3319,js,added,inserted,removed,0.9976447224617004,0.0001747569622239098,0.000729747989680618,0.9994989633560181,0.9969149744720198,-0.9993242063937942,0.9974699654994765,1.996239180865814
4770,js,allow,permit,forbid,0.9909619688987732,0.00026520437677390873,0.0033036519307643175,0.9992282390594482,0.9876583169680089,-0.9989630346826743,0.9906967645219993,1.9866213516506832
4919,js,hidden,covered,shown,0.04405903443694115,0.001798247336409986,0.9338987469673157,0.9824836850166321,-0.8898397125303745,-0.9806854376802221,0.04226078710053116,0.09084572514984757
5873,js,disable,block,enable,0.9881524443626404,0.00026091901236213744,0.0008484835852868855,0.9981176853179932,0.9873039607773535,-0.997856766305631,0.9878915253502782,1.9851607270829845
7915,js,add,insert,remove,0.990645170211792,0.00026483507826924324,0.002668759087100625,0.9980764389038086,0.9879764111246914,-0.9978116038255394,0.9903803351335227,1.9857880149502307
8098,js,add,insert,remove,0.9861207604408264,0.00016749455244280398,0.0043619428761303425,0.9991243481636047,0.9817588175646961,-0.9989568536111619,0.9859532658883836,1.980715671175858
8240,js,add,insert,remove,0.9815183877944946,0.00023591428180225194,0.01009106170386076,0.9980984330177307,0.9714273260906339,-0.9978625187359285,0.9812824735126924,1.9692898448265623
8471,js,adding,inserting,removing,0.748262345790863,0.000130534142954275,0.2294488549232483,0.9996001124382019,0.5188134908676147,-0.9994695782952476,0.7481318116479088,1.5182830691628624
8572,js,added,inserted,removed,0.995649516582489,8.080430416157469e-05,0.0008010051678866148,0.9996707439422607,0.9948485114146024,-0.9995899396380992,0.9955687122783274,1.9944384510527016
11006,js,add,insert,remove,0.9842982292175293,0.0001090918158297427,0.006277384702116251,0.9987866282463074,0.978020844515413,-0.9986775364304776,0.9841891374016996,1.9766983809458907
11099,js,added,inserted,removed,0.9977573752403259,0.00012618610344361514,0.00042325674439780414,0.9995137453079224,0.9973341184959281,-0.9993875592044787,0.9976311891368823,1.9967216777004069
12269,js,add,insert,remove,0.9191543459892273,9.148447134066373e-05,0.06560448557138443,0.9993001222610474,0.8535498604178429,-0.9992086377897067,0.9190628615178866,1.8527584982075496
12296,js,add,insert,remove,0.9948404431343079,0.00015879939019214362,0.0017235697014257312,0.9988540410995483,0.9931168734328821,-0.9986952417093562,0.9946816437441157,1.9918121151422383
12519,js,allow,permit,forbid,0.9980289340019226,0.00034132698783650994,0.00041581125697121024,0.999128520488739,0.9976131227449514,-0.9987871935009025,0.9976876070140861,1.996400316245854
13588,js,add,insert,remove,0.8889845013618469,0.00013048879918642342,0.10097774118185043,0.9991680383682251,0.7880067601799965,-0.9990375495690387,0.8888540125626605,1.7870443097490352
13941,js,added,inserted,removed,0.9939479827880859,0.00017802894581109285,0.0019615835044533014,0.9994800686836243,0.9919863992836326,-0.9993020397378132,0.9937699538422748,1.9912884390214458
15423,js,added,inserted,removed,0.9944994449615479,0.00023161666467785835,0.0014477783115580678,0.9993749260902405,0.9930516666499898,-0.9991433094255626,0.99426782829687,1.9921949760755524
15534,js,add,insert,remove,0.985937774181366,0.0001748071808833629,0.007706154603511095,0.9986541271209717,0.9782316195778549,-0.9984793199400883,0.9857629670004826,1.9767109395179432
15740,js,add,insert,remove,0.9922400712966919,0.0001641181588638574,0.0021966882050037384,0.9991191029548645,0.9900433830916882,-0.9989549847960006,0.992075953137828,1.9889983678876888
16727,js,add,insert,remove,0.994604766368866,0.00018548264051787555,0.0008427840075455606,0.9990992546081543,0.9937619823613204,-0.9989137719676364,0.9944192837283481,1.9926757543289568
16753,js,add,insert,remove,0.9832658767700195,0.00019250501645728946,0.005759192164987326,0.9976758360862732,0.9775066846050322,-0.9974833310698159,0.9830733717535622,1.974990015674848
16753,js,enable,permit,disable,0.9936948418617249,0.0006659314967691898,0.0009701478993520141,0.9933027029037476,0.9927246939623728,-0.9926367714069784,0.9930289103649557,1.9853614653693512
17082,js,add,insert,remove,0.9954771399497986,0.00020883775141555816,0.0015152317937463522,0.9989442229270935,0.9939619081560522,-0.998735385175678,0.995268302198383,1.9926972933317302
17182,js,added,inserted,removed,0.9969332218170166,0.0002125281753251329,0.0012496652780100703,0.9994547963142395,0.9956835565390065,-0.9992422681389144,0.9967206936416915,1.994925824677921
18651,js,add,insert,remove,0.9963403940200806,0.000206181503017433,0.0010827824007719755,0.9989874958992004,0.9952576116193086,-0.998781314396183,0.9961342125170631,1.9940389260154916
19407,js,add,insert,remove,0.9954044818878174,0.0001661109708948061,0.0009486948838457465,0.9990083575248718,0.9944557870039716,-0.998842246553977,0.9952383709169226,1.9932980335579487
19714,js,add,insert,remove,0.9959415793418884,0.000129008200019598,0.0014218935975804925,0.9991462230682373,0.9945196857443079,-0.9990172148682177,0.9958125711418688,1.9935369006125256
20736,js,added,inserted,removed,0.9865276217460632,0.0001317727583227679,0.00959998182952404,0.9995827078819275,0.9769276399165392,-0.9994509351236047,0.9863958489877405,1.976378575040144
21299,js,adding,inserting,removing,0.9928178787231445,0.00013446295633912086,0.0027549881488084793,0.9995623230934143,0.990062890574336,-0.9994278601370752,0.9926834157668054,1.9894907507114112
22866,js,increase,raise,decrease,0.9930186867713928,0.00019010191317647696,0.0014125860761851072,0.9992631077766418,0.9916061006952077,-0.9990730058634654,0.9928285848582163,1.990679106558673
23609,js,enabled,permitted,disabled,0.9749590158462524,0.0037640861701220274,0.007971446961164474,0.9655709266662598,0.966987568885088,-0.9618068404961377,0.9711949296761304,1.9287944093812257
24234,js,add,insert,remove,0.987557053565979,0.00010800528980325907,0.005445227958261967,0.9995185136795044,0.982111825607717,-0.9994105083897011,0.9874490482761757,1.9815223339974182
24881,js,removed,deleted,inserted,0.996006429195404,0.00013794636470265687,0.0008122142171487212,0.9994999170303345,0.9951942149782553,-0.9993619706656318,0.9958684828307014,1.9945561856438871
25019,js,adding,inserting,removing,0.9890607595443726,0.00014638801803812385,0.004114318173378706,0.9994379878044128,0.9849464413709939,-0.9992915997863747,0.9889143715263344,1.9842380411573686
25522,js,allow,permit,forbid,0.9903188943862915,0.0005233941483311355,0.003527038497850299,0.9985723495483398,0.9867918558884412,-0.9980489554000087,0.9897955002379604,1.98484081128845
25648,js,added,inserted,removed,0.9936710596084595,0.00010113276221090928,0.0026402377989143133,0.9996435642242432,0.9910308218095452,-0.9995424314620323,0.9935699268462486,1.9905732532715774
26278,js,add,insert,remove,0.7285100221633911,0.00011877495853696018,0.2512284219264984,0.9993618130683899,0.4772816002368927,-0.9992430381098529,0.7283912472048542,1.4765246383467456
27255,js,add,insert,remove,0.9821475744247437,9.990168473450467e-05,0.005592653527855873,0.9994868040084839,0.9765549208968878,-0.9993869023237494,0.9820476727400091,1.9759418232206372
27967,js,added,inserted,removed,0.9939498901367188,0.0001745335612213239,0.0022706142626702785,0.9990584254264832,0.9916792758740485,-0.9988838918652618,0.9937753565754974,1.9905631677393103
27967,js,remove,delete,insert,0.9883401393890381,0.003027871483936906,0.0014434679178521037,0.9766876101493835,0.986896671471186,-0.9736597386654466,0.9853122679051012,1.9605564101366326
28509,js,include,contain,exclude,0.9936830997467041,0.00046096218284219503,0.001067267614416778,0.9981840252876282,0.9926158321322873,-0.997723063104786,0.9932221375638619,1.9903388952370733
30298,js,add,insert,remove,0.9928097724914551,0.00019372274982742965,0.002700596582144499,0.998673677444458,0.9901091759093106,-0.9984799546946306,0.9926160497416276,1.9885891306039412
30376,js,removed,deleted,inserted,0.9968805313110352,0.0002424371341476217,0.0003335202345624566,0.9989086389541626,0.9965470110764727,-0.998666201820015,0.9966380941768875,1.9952132128964877
30513,js,adds,inserts,removes,0.9954631924629211,0.00010538039350649342,0.000939317571464926,0.9995997548103333,0.9945238748914562,-0.9994943744168268,0.9953578120694146,1.994018249308283
32999,js,added,inserted,removed,0.9982272982597351,0.00023315321595873684,0.00047530149458907545,0.9994418025016785,0.997751996765146,-0.9992086492857197,0.9979941450437764,1.9969606460508658
32999,js,remove,delete,insert,0.9965261816978455,0.00031454869895242155,0.0009505577036179602,0.9968382120132446,0.9955756239942275,-0.9965236633142922,0.996211632998893,1.9920992873085197
34051,js,added,inserted,removed,0.9970442652702332,0.00012302666436880827,0.0009502667817287147,0.9996562004089355,0.9960939984885044,-0.9995331737445667,0.9969212386058643,1.9956271722330712
34681,js,add,insert,remove,0.726277232170105,9.610345296096057e-05,0.2537005543708801,0.9993378520011902,0.47257667779922485,-0.9992417485482292,0.726181128717144,1.471818426347454
34901,js,add,insert,remove,0.9902915358543396,0.00011023422121070325,0.0031699559185653925,0.9987918734550476,0.9871215799357742,-0.9986816392338369,0.9901813016331289,1.9858032191696111
35077,js,remove,delete,insert,0.9941120743751526,0.0001628347090445459,0.0005887107690796256,0.9984568357467651,0.993523363606073,-0.9982940010377206,0.993949239666108,1.9918173646437936
35954,js,add,insert,remove,0.991330623626709,0.00015498803986702114,0.003067595884203911,0.9990609288215637,0.9882630277425051,-0.9989059407816967,0.991175635586842,1.9871689685242018
36825,js,added,inserted,removed,0.9980015158653259,0.00025022096815519035,0.0004480674979276955,0.9994440674781799,0.9975534483673982,-0.9991938465100247,0.9977512948971707,1.996747294877423
37228,js,create,build,destroy,0.9774665236473083,4.818144952878356e-05,0.003001739038154483,0.999396562576294,0.9744647846091539,-0.9993483811267652,0.9774183421977796,1.973813165735919
37403,js,added,inserted,removed,0.9982482194900513,0.0001652444334467873,0.0007408123929053545,0.9995245933532715,0.9975074070971459,-0.9993593489198247,0.9980829750566045,1.9968667560169706
37520,js,add,insert,remove,0.9889152646064758,0.00017987180035561323,0.0015041023725643754,0.9986666440963745,0.9874111622339115,-0.9984867722960189,0.9887353928061202,1.9858979345299304
37792,js,added,inserted,removed,0.9685359597206116,0.6925351023674011,0.008089098148047924,0.23293550312519073,0.9604468615725636,0.4595995992422104,0.27600085735321045,0.5008472623303533
37792,js,removed,deleted,inserted,0.8935716152191162,0.015650209039449692,0.008168426342308521,0.9293211102485657,0.8854031888768077,-0.913670901209116,0.8779214061796665,1.7990740900859237
38207,js,added,inserted,removed,0.994978129863739,0.0001744480396155268,0.0019972682930529118,0.9995245933532715,0.9929808615706861,-0.999350145313656,0.9948036818241235,1.992331006884342
38462,js,starts,begins,stops,0.7862844467163086,0.009245815686881542,0.0027270172722637653,0.8125237226486206,0.7835574294440448,-0.8032779069617391,0.777038631029427,1.586835336405784
38462,js,create,build,destroy,0.8806262612342834,0.001168806804344058,0.0023444315884262323,0.9675607085227966,0.8782818296458572,-0.9663919017184526,0.8794574544299394,1.8446737313643098
38462,js,creates,builds,destroys,0.8246082663536072,0.0002934489166364074,0.048179060220718384,0.9768491387367249,0.7764292061328888,-0.9765556898200884,0.8243148174369708,1.7529848959529772
38711,js,create,build,destroy,0.7331063151359558,0.0018234394956380129,0.0350629948079586,0.992107093334198,0.6980433203279972,-0.99028365383856,0.7312828756403178,1.6883269741665572
39425,js,added,inserted,removed,0.9981130361557007,0.00011825343244709074,0.00036634490243159235,0.9995835423469543,0.9977466912532691,-0.9994652889145073,0.9979947827232536,1.9972119801677763
6,php,added,inserted,removed,0.9979754090309143,0.00017016408673953265,0.0004462404176592827,0.9995545744895935,0.997529168613255,-0.999384410402854,0.9978052449441748,1.996913579016109
31,php,creates,builds,destroys,0.9885745644569397,0.0001373795821564272,0.001458939048461616,0.9982708692550659,0.9871156254084781,-0.9981334896729095,0.9884371848747833,1.9852491150813876
142,php,remove,delete,insert,0.948030948638916,0.00098893023096025,0.03639833629131317,0.9944520592689514,0.9116326123476028,-0.9934631290379912,0.9470420184079558,1.905095741385594
232,php,add,insert,remove,0.988879919052124,0.00039890967309474945,0.003990283701568842,0.9970679879188538,0.9848896353505552,-0.996669078245759,0.9884810093790293,1.9815587135963142
268,php,allow,permit,forbid,0.9735022783279419,0.0004034914309158921,0.004990751855075359,0.9987138509750366,0.9685115264728665,-0.9983103595441207,0.973098786897026,1.9668218860169873
273,php,add,insert,remove,0.9538952112197876,0.0001701447763480246,0.026427768170833588,0.9989399313926697,0.927467443048954,-0.9987697866163217,0.9537250664434396,1.9262372296652757
275,php,include,contain,exclude,0.9846698045730591,0.0001615020737517625,0.0010900457855314016,0.9994086027145386,0.9835797587875277,-0.9992471006407868,0.9845083024993073,1.9828268594283145
292,php,added,inserted,removed,0.9921448826789856,0.00015503595932386816,0.0027479217387735844,0.9993545413017273,0.989396960940212,-0.9991995053424034,0.9919898467196617,1.9885964662826154
294,php,add,insert,remove,0.9824926853179932,0.00015791408077348024,0.007553999312222004,0.9991033673286438,0.9749386860057712,-0.9989454532478703,0.9823347712372197,1.9738841392536415
324,php,add,insert,remove,0.9818202257156372,9.971234976546839e-05,0.003218869911506772,0.9993360638618469,0.9786013558041304,-0.9992363515120815,0.9817205133658717,1.977837707316212
383,php,remove,delete,insert,0.9970610737800598,0.0002994479436893016,0.00035480395308695734,0.997395396232605,0.9967062698269729,-0.9970959482889157,0.9967616258363705,1.9938022181158885
409,php,add,insert,remove,0.9905900955200195,0.00033619446912780404,0.0035538100637495518,0.9981483221054077,0.98703628545627,-0.9978121276362799,0.9902539010508917,1.98484841309255
441,php,removed,deleted,inserted,0.9943552017211914,0.002579126041382551,0.0015011773211881518,0.9862288236618042,0.9928540244000033,-0.9836496976204216,0.9917760756798089,1.976503722020425
506,php,allow,permit,forbid,0.9899942278862,0.004545261152088642,0.001396793988533318,0.9938866496086121,0.9885974338976666,-0.9893413884565234,0.9854489667341113,1.97793882235419
581,php,remove,delete,insert,0.9911438226699829,0.0002836860658135265,0.002084828447550535,0.9985983967781067,0.9890589942224324,-0.9983147107122932,0.9908601366041694,1.9873737049347255
594,php,remove,delete,insert,0.9929920434951782,0.00026064759003929794,0.00149660580791533,0.9982706308364868,0.9914954376872629,-0.9980099832464475,0.9927313959051389,1.9895054209337104
619,php,remove,delete,insert,0.9946402907371521,0.00022075825836509466,0.0013841812033206224,0.9987804293632507,0.9932561095338315,-0.9985596711048856,0.994419532478787,1.9918157806387171
635,php,remove,delete,insert,0.9928290247917175,0.00032670964719727635,0.0020030904561281204,0.9979345798492432,0.9908259343355894,-0.9976078702020459,0.9925023151445203,1.9884338045376353
685,php,remove,delete,insert,0.9901898503303528,0.00031251186737790704,0.001856102142482996,0.9980167150497437,0.9883337481878698,-0.9977042031823657,0.9898773384629749,1.9860379513702355
701,php,remove,delete,insert,0.9911167621612549,0.00019404612248763442,0.0033028575126081705,0.9991039633750916,0.9878139046486467,-0.9989099172526039,0.9909227160387672,1.9867238219012506
717,php,add,insert,remove,0.9758685231208801,0.00022581136727239937,0.014019817113876343,0.9990645051002502,0.9618487060070038,-0.9988386937329778,0.9756427117536077,1.9606873997399816
721,php,adding,inserting,removing,0.9907615780830383,0.0003098877496086061,0.003534212475642562,0.9991815686225891,0.9872273656073958,-0.9988716808729805,0.9904516903334297,1.9860990464803763
749,php,add,insert,remove,0.8419225215911865,0.0006468234350904822,0.13854356110095978,0.9986352324485779,0.7033789604902267,-0.9979884090134874,0.841275698156096,1.7013673695037141
779,php,remove,delete,insert,0.9966064691543579,0.0005673653213307261,0.0006348665338009596,0.9933125376701355,0.995971602620557,-0.9927451723488048,0.9960391038330272,1.9887167749693617
782,php,starting,beginning,stopping,0.9576618075370789,0.010619595646858215,0.002853692974895239,0.9321505427360535,0.9548081145621836,-0.9215309470891953,0.9470422118902206,1.8763390616513789
815,php,remove,delete,insert,0.9969436526298523,0.00022632091713603586,0.00038507048157043755,0.9986200332641602,0.9965585821482819,-0.9983937123470241,0.9967173317127163,1.994952294495306
869,php,remove,delete,insert,0.9961819648742676,0.00015684805111959577,0.00041978713124990463,0.9991171956062317,0.9957621777430177,-0.9989603475551121,0.996025116823148,1.9947225252981298
894,php,allow,permit,forbid,0.9973213076591492,0.00047420334885828197,0.000606203218922019,0.9991082549095154,0.9967151044402272,-0.9986340515606571,0.9968471043102909,1.9953491560008842
926,php,add,insert,remove,0.992324709892273,8.699692989466712e-05,0.0014436737401410937,0.999660849571228,0.9908810361521319,-0.9995738526413334,0.9922377129623783,1.9904548887934652
974,php,allow,permit,forbid,0.9964399933815002,0.0002712711284402758,0.0010184500133618712,0.9992584586143494,0.9954215433681384,-0.9989871874859091,0.99616872225306,1.9944087308540475
1230,php,add,insert,remove,0.9939418435096741,0.00017534893413539976,0.001312824315391481,0.9986205101013184,0.9926290191942826,-0.998445161167183,0.9937664945755387,1.9910741803614656
1253,php,adds,inserts,removes,0.7709974050521851,0.00011522771819727495,0.2136160284280777,0.9996104836463928,0.5573813766241074,-0.9994952559281955,0.7708821773339878,1.556876632552303
1300,php,remove,delete,insert,0.9709272980690002,0.0001403514906996861,0.0012447390472516418,0.9991344809532166,0.9696825590217486,-0.9989941294625169,0.9707869465783006,1.9686766884842655
1300,php,remove,delete,insert,0.9709272980690002,0.0001403514906996861,0.0012447390472516418,0.9991344809532166,0.9696825590217486,-0.9989941294625169,0.9707869465783006,1.9686766884842655
1306,php,add,insert,remove,0.9918047189712524,0.0004273467930033803,0.002396137686446309,0.9973107576370239,0.9894085812848061,-0.9968834108440205,0.9913773721782491,1.9862919921288267
1335,php,removing,deleting,inserting,0.9955457448959351,0.00018972378165926784,0.0004827879602089524,0.9985477328300476,0.9950629569357261,-0.9983580090483883,0.9953560211142758,1.9934209659841144
1338,php,allow,permit,forbid,0.9952979683876038,0.00015186081873252988,0.0009956458816304803,0.9989250302314758,0.9943023225059733,-0.9987731694127433,0.9951461075688712,1.9930754919187166
1409,php,remove,delete,insert,0.9922171831130981,0.000404336053179577,0.0016958467895165086,0.9978247880935669,0.9905213363235816,-0.9974204520403873,0.9918128470599186,1.987941788363969
1436,php,added,inserted,removed,0.9933278560638428,0.00024379479873459786,0.0008818421047180891,0.9995419979095459,0.9924460139591247,-0.9992982031108113,0.9930840612651082,1.991744217069936
1454,php,adding,inserting,removing,0.9766759276390076,0.0002879875246435404,0.0056193554773926735,0.9994682669639587,0.9710565721616149,-0.9991802794393152,0.976387940114364,1.97023685160093
1490,php,allow,permit,forbid,0.9925109148025513,0.0006763797136954963,0.003003770485520363,0.9971228241920471,0.9895071443170309,-0.9964464444783516,0.9918345350888558,1.9859535887953825
1493,php,includes,contains,excludes,0.8722533583641052,0.0002856060746125877,0.012361707165837288,0.9992623925209045,0.8598916511982679,-0.998976786446292,0.8719677522894926,1.85886843764456
1501,php,added,inserted,removed,0.9931092262268066,0.00019749098282773048,0.001740536536090076,0.9992172718048096,0.9913686896907166,-0.9990197808219818,0.9929117352439789,1.9903884705126984
1502,php,adding,inserting,removing,0.9890930652618408,8.582564623793587e-05,0.0016695625381544232,0.9996975660324097,0.9874235027236864,-0.9996117403861717,0.9890072396156029,1.9870352431098581
1502,php,allows,permits,forbids,0.9584496021270752,0.00035019926144741476,0.001647456199862063,0.9992554783821106,0.9568021459272131,-0.9989052791206632,0.9580994028656278,1.9557074250478763
1543,php,add,insert,remove,0.9897173643112183,0.00013812935503665358,0.0029560450930148363,0.9990501999855042,0.9867613192182034,-0.9989120706304675,0.9895792349561816,1.985673389848671
1569,php,add,insert,remove,0.9937979578971863,0.00021006153838243335,0.0022839787416160107,0.9989715814590454,0.9915139791555703,-0.998761519920663,0.9935878963588038,1.9902754990762332
1570,php,add,insert,remove,0.8100764155387878,0.00016671314369887114,0.16964446008205414,0.9991344809532166,0.6404319554567337,-0.9989677678095177,0.809909702395089,1.6393997232662514
1577,php,allow,permit,forbid,0.9851409196853638,0.0006297727231867611,0.00776675995439291,0.9975724816322327,0.9773741597309709,-0.9969427089090459,0.984511146962177,1.9743168686400168
1583,php,add,insert,remove,0.9561408162117004,0.00019122290541417897,0.03145702928304672,0.9984020590782166,0.9246837869286537,-0.9982108361728024,0.9559495933062863,1.922894623101456
1609,php,remove,delete,insert,0.9667483568191528,0.00015201089263428003,0.0061508044600486755,0.9991305470466614,0.9605975523591042,-0.9989785361540271,0.9665963459265186,1.9595760885131313
1623,php,add,insert,remove,0.9903682470321655,0.00025919111794792116,0.0028563893865793943,0.9983450174331665,0.9875118576455861,-0.9980858263152186,0.9901090559142176,1.9855976839608047
1645,php,creating,building,destroying,0.9827299118041992,0.0004983090911991894,0.004452614579349756,0.9793973565101624,0.9782772972248495,-0.9788990474189632,0.982231602713,1.9571763446438126
1671,php,remove,delete,insert,0.9958051443099976,0.00031272368505597115,0.0004210418264847249,0.997238039970398,0.9953841024835128,-0.996925316285342,0.9954924206249416,1.9923094187688548
1714,php,add,insert,remove,0.9927394986152649,0.00011768926924560219,0.0017529393080621958,0.9992818236351013,0.9909865593072027,-0.9991641343658557,0.9926218093460193,1.9901506936730584
1804,php,add,insert,remove,0.99489825963974,0.00015590227849315852,0.0017678233562037349,0.9988753199577332,0.9931304362835363,-0.99871941767924,0.9947423573612468,1.9918498539627763
1804,php,added,inserted,removed,0.9305924773216248,0.00025459795142523944,0.05863480642437935,0.9672669172286987,0.8719576708972454,-0.9670123192772735,0.9303378793701995,1.838969990174519
1873,php,added,inserted,removed,0.9971952438354492,0.00014311632548924536,0.0005597002455033362,0.9995447993278503,0.9966355435899459,-0.9994016830023611,0.99705212750996,1.996037226592307
1878,php,add,insert,remove,0.9941847920417786,0.00016503223741892725,0.0016499803168699145,0.9988086223602295,0.9925348117249086,-0.9986435901228106,0.9940197598043596,1.9911784018477192
1879,php,add,insert,remove,0.9936578869819641,0.00016177345241885632,0.0024090087972581387,0.9989537000656128,0.991248878184706,-0.9987919266131939,0.9934961135295453,1.9900408047979
1885,php,add,insert,remove,0.9937518239021301,0.0002143115852959454,0.0023305132053792477,0.9990900754928589,0.9914213106967509,-0.9988757639075629,0.9935375123168342,1.9902970746043138
1890,php,add,insert,remove,0.9973871111869812,0.00016839220188558102,0.0008330894052051008,0.9992353916168213,0.9965540217817761,-0.9990669994149357,0.9972187189850956,1.9956210211967118
1905,php,add,insert,remove,0.991940438747406,0.0004221337439958006,0.0018413367215543985,0.9966030120849609,0.9900991020258516,-0.9961808783409651,0.9915183050034102,1.9862799803668167
1928,php,add,insert,remove,0.9850752353668213,0.00011558623373275623,0.008526294492185116,0.999313473701477,0.9765489408746362,-0.9991978874677443,0.9849596491330885,1.9757468283423805
2030,php,add,insert,remove,0.9859472513198853,0.00022635707864537835,0.005428067874163389,0.9993218183517456,0.9805191834457219,-0.9990954612731002,0.9857208942412399,1.979614644718822
2031,php,add,insert,remove,0.032348744571208954,0.003878160612657666,0.9640815854072571,0.9950489401817322,-0.9317328408360481,-0.9911707795690745,0.028470583958551288,0.059437938733026385
2031,php,remove,delete,insert,0.03502485901117325,0.0015827164752408862,0.9615152478218079,0.9975801706314087,-0.9264903888106346,-0.9959974541561678,0.03344214253593236,0.06950706534553319
2075,php,add,insert,remove,0.9495904445648193,0.0001177041485789232,0.03501848503947258,0.9996446371078491,0.9145719595253468,-0.9995269329592702,0.9494727404162404,1.914098892484617
2090,php,add,insert,remove,0.9954924583435059,7.611344335600734e-05,0.0011939068790525198,0.9994939565658569,0.9942985514644533,-0.9994178431225009,0.9954163449001499,1.9937163945869543
2091,php,add,insert,remove,0.9944842457771301,9.72012203419581e-05,0.0019141671946272254,0.9991480112075806,0.9925700785825029,-0.9990508099872386,0.9943870445567882,1.9916208885697415
2097,php,remove,delete,insert,0.9906921982765198,9.319736273027956e-05,0.0024135150015354156,0.9994214773178101,0.9882786832749844,-0.9993282799550798,0.9905990009137895,1.9876069632300641
2137,php,removed,deleted,inserted,0.9579631090164185,0.0005979075212962925,0.0016343474853783846,0.9968016147613525,0.9563287615310401,-0.9962037072400562,0.9573652014951222,1.9525324687710963
2147,php,add,insert,remove,0.39544743299484253,0.0004646778979804367,0.5882160663604736,0.9990692734718323,-0.1927686333656311,-0.9986045955738518,0.3949827550968621,0.8058359622082207
2156,php,add,insert,remove,0.8720909357070923,9.947798389475793e-05,0.10961209982633591,0.9995595812797546,0.7624788358807564,-0.9994601032958599,0.8719914577231975,1.7619389391766163
2181,php,allow,permit,forbid,0.9961563944816589,0.001514773815870285,0.0010070382850244641,0.9970600008964539,0.9951493561966345,-0.9955452270805836,0.9946416206657887,1.990694583277218
2190,php,add,insert,remove,0.9927240014076233,0.000612075615208596,0.003384621813893318,0.998721182346344,0.98933937959373,-0.9981091067311354,0.9921119257924147,1.9874484863248654
2225,php,added,inserted,removed,0.994124710559845,0.00013832196418661624,0.0018396280938759446,0.9994763731956482,0.992285082465969,-0.9993380512314616,0.9939863885956584,1.9916231336974306
2225,php,allowed,permitted,forbade,0.9501973986625671,0.0002990680804941803,0.005490930285304785,0.9980413913726807,0.9447064683772624,-0.9977423232921865,0.949898330582073,1.9424487916694488
2261,php,add,insert,remove,0.9943156838417053,0.00014409064897336066,0.0023870766162872314,0.9991115927696228,0.9919286072254181,-0.9989675021206494,0.994171593192732,1.9908961093460675
2266,php,add,insert,remove,0.9946145415306091,0.00015005508612375706,0.0011006685672327876,0.9988572597503662,0.9935138729633763,-0.9987072046642425,0.9944644864444854,1.9922210776276188
2275,php,added,inserted,removed,0.9902728199958801,0.47692540287971497,0.0033460198901593685,0.504677951335907,0.9869268001057208,-0.027752548456192017,0.5133474171161652,1.0146793485619128
2275,php,removed,deleted,inserted,0.989109992980957,0.0004081260412931442,0.0030841196421533823,0.9991445541381836,0.9860258733388036,-0.9987364280968904,0.9887018669396639,1.984762301435694
2296,php,allow,permit,forbid,0.9954203963279724,0.0009254254400730133,0.0008145380998030305,0.998083233833313,0.9946058582281694,-0.99715780839324,0.9944949708878994,1.9917636666214094
2321,php,added,inserted,removed,0.9949609041213989,0.00021905454923398793,0.0013667417224496603,0.9993398785591125,0.9935941623989493,-0.9991208240098786,0.9947418495721649,1.9927149864088278
2322,php,added,inserted,removed,0.9978159666061401,0.0001279108109883964,0.0004825127252843231,0.9996089339256287,0.9973334538808558,-0.9994810231146403,0.9976880557951517,1.996814476995496
2481,php,hidden,covered,shown,0.9423317313194275,0.027318768203258514,0.038044579327106476,0.9683359265327454,0.904287151992321,-0.9410171583294868,0.915012963116169,1.8453043103218079
2505,php,allow,permit,forbid,0.9970738887786865,0.0006035089609213173,0.0005157978157512844,0.998407781124115,0.9965580909629352,-0.9978042721631937,0.9964703798177652,1.994362363126129
2515,php,add,insert,remove,0.995582640171051,0.00023457036877516657,0.000744241289794445,0.9990608096122742,0.9948383988812566,-0.998826239243499,0.9953480698022759,1.9936646381247556
2533,php,added,inserted,removed,0.9976068735122681,0.00011934740177821368,0.0010659045074135065,0.9997463822364807,0.9965409690048546,-0.9996270348347025,0.9974875261104899,1.996168003839557
2533,php,disable,block,enable,0.9958272576332092,0.0004299349966458976,0.0009209198178723454,0.9917036294937134,0.9949063378153369,-0.9912736944970675,0.9953973226365633,1.9861800323124044
2505,php,allow,permit,forbid,0.9970738887786865,0.0006035089609213173,0.0005157978157512844,0.998407781124115,0.9965580909629352,-0.9978042721631937,0.9964703798177652,1.994362363126129
2515,php,add,insert,remove,0.995582640171051,0.00023457036877516657,0.000744241289794445,0.9990608096122742,0.9948383988812566,-0.998826239243499,0.9953480698022759,1.9936646381247556
2547,php,add,insert,remove,0.9893946051597595,0.0012637680629268289,0.0037871235981583595,0.9899730682373047,0.9856074815616012,-0.9887093001743779,0.9881308370968327,1.974316781735979
2547,php,removed,deleted,inserted,0.9960353970527649,0.0003414284728933126,0.00027166656218469143,0.9982895255088806,0.9957637304905802,-0.9979480970359873,0.9956939685798716,1.9937118275265675
2552,php,added,inserted,removed,0.9980757236480713,0.00022427119256462902,0.0004308523493818939,0.999528169631958,0.9976448712986894,-0.9993038984393934,0.9978514524555067,1.9969487697380828
2557,php,enable,permit,disable,0.9968016147613525,0.0003805574669968337,0.0004275865212548524,0.9983556866645813,0.9963740282400977,-0.9979751291975845,0.9964210572943557,1.9943491574376822
2569,php,add,insert,remove,0.9951605200767517,6.129808025434613e-05,0.0012550965184345841,0.9996761083602905,0.9939054235583171,-0.9996148102800362,0.9950992219964974,1.9935202338383533
2576,php,add,insert,remove,0.9971868395805359,0.00012904952745884657,0.0008233023108914495,0.9993663430213928,0.9963635372696444,-0.999237293493934,0.997057790053077,1.9956008307635784
2576,php,hidden,covered,shown,0.00430934876203537,0.0001965086121344939,0.9916337728500366,0.9977871179580688,-0.9873244240880013,-0.9975906093459344,0.004112840149900876,0.010266185257933103
2593,php,remove,delete,insert,0.9974416494369507,0.0001303796743741259,0.0006415101233869791,0.9990630745887756,0.9968001393135637,-0.9989326949144015,0.9973112697625766,1.9957328342279652
2621,php,create,build,destroy,0.9468424916267395,0.00014280002505984157,0.015474294312298298,0.9958938360214233,0.9313681973144412,-0.9957510359963635,0.9466996916016797,1.9271192333108047
2622,php,add,insert,remove,0.9937108755111694,0.0003669739526230842,0.0033323003444820642,0.9985424280166626,0.9903785751666874,-0.9981754540640395,0.9933439015585463,1.9885540292307269
2622,php,remove,delete,insert,0.9802989363670349,6.30116555839777e-05,0.010508549399673939,0.9997203946113586,0.969790386967361,-0.9996573829557747,0.9802359247114509,1.9694477699231356
2632,php,remove,delete,insert,0.9970430731773376,0.0002333415613975376,0.0004002540372312069,0.9978492259979248,0.9966428191401064,-0.9976158844365273,0.9968097316159401,1.9942587035766337
2897,php,add,insert,remove,0.9953243732452393,0.00015264781541191041,0.0011565773747861385,0.9986621141433716,0.9941677958704531,-0.9985094663279597,0.9951717254298273,1.9926772621984128
3140,php,allow,permit,forbid,0.9954772591590881,0.0010095728794112802,0.002032374730333686,0.9953281879425049,0.9934448844287544,-0.9943186150630936,0.9944676862796769,1.987763499491848
3146,php,allow,permit,forbid,0.9956860542297363,0.000924323161598295,0.001763722626492381,0.9968553781509399,0.993922331603244,-0.9959310549893416,0.994761731068138,1.9898533865925856
3181,php,disabled,blocked,enabled,0.4670276641845703,0.026771916076540947,0.009975576773285866,0.5312061905860901,0.45705208741128445,-0.5044342745095491,0.44025574810802937,0.9614863619208336
3240,php,add,insert,remove,0.958625316619873,0.00010913784353761002,0.03259088099002838,0.9997398257255554,0.9260344356298447,-0.9996306878820178,0.9585161787763354,1.9256651235118625
3277,php,remove,delete,insert,0.9862232804298401,0.0002077276585623622,0.001077264198102057,0.9988951086997986,0.985146016231738,-0.9986873810412362,0.9860155527712777,1.9838333972729743
3281,php,add,insert,remove,0.9921850562095642,0.0001156954385805875,0.00403217040002346,0.999702513217926,0.9881528858095407,-0.9995868177793454,0.9920693607709836,1.9877397035888862
3296,php,add,insert,remove,0.9880623817443848,0.00018533211550675333,0.003544919192790985,0.998117208480835,0.9845174625515938,-0.9979318763653282,0.987877049628878,1.982449338916922
3299,php,remove,delete,insert,0.9923738837242126,0.00023742916528135538,0.0024473152589052916,0.9990382194519043,0.9899265684653074,-0.9988007902866229,0.9921364545589313,1.9887273587519303
3339,php,removed,deleted,inserted,0.9073595404624939,0.0005094964290037751,0.0821227878332138,0.9991375207901001,0.8252367526292801,-0.9986280243610963,0.9068500440334901,1.8238647769903764
3373,php,remove,delete,insert,0.9969462752342224,0.0005612496170215309,0.0006817576941102743,0.995306670665741,0.9962645175401121,-0.9947454210487194,0.9963850256172009,1.9910099385888316
3452,php,add,insert,remove,0.9827991127967834,0.00019012244592886418,0.009832377545535564,0.9987574815750122,0.9729667352512479,-0.9985673591290833,0.9826089903508546,1.9715340943803312
3454,php,add,insert,remove,0.9481506943702698,0.00034705022699199617,0.031781066209077835,0.9989768266677856,0.9163696281611919,-0.9986297764407936,0.9478036441432778,1.9149994046019856
3477,php,allow,permit,forbid,0.9952079653739929,0.00043739849934354424,0.0013864843640476465,0.9987247586250305,0.9938214810099453,-0.998287360125687,0.9947705668746494,1.9921088411356322
3482,php,allow,permit,forbid,0.9951411485671997,0.0024668178521096706,0.0008397468482144177,0.9971566200256348,0.9943014017189853,-0.9946898021735251,0.99267433071509,1.9889912038925104
3496,php,allow,permit,forbid,0.9790841341018677,0.0003258296346757561,0.0017958675744011998,0.9989884495735168,0.9772882665274665,-0.9986626199388411,0.9787583044671919,1.9759508864663076
3496,php,allows,permits,forbids,0.918978750705719,0.0001560852979309857,0.0011203408939763904,0.9995349645614624,0.9178584098117426,-0.9993788792635314,0.918822665407788,1.917237289075274
3549,php,adds,inserts,removes,0.1332392692565918,0.00026172271464020014,0.8513098359107971,0.9995597004890442,-0.7180705666542053,-0.999297977774404,0.1329775465419516,0.28122741112019867
3549,php,increases,raises,decreases,0.6880884766578674,0.0005702603375539184,0.2591344118118286,0.9988628625869751,0.4289540648460388,-0.9982926022494212,0.6875182163203135,1.42724666709546
3549,php,create,build,destroy,0.7942000031471252,0.0003385587770026177,0.18285366892814636,0.9979549646377563,0.6113463342189789,-0.9976164058607537,0.7938614443701226,1.6089627400797326
3637,php,removed,deleted,inserted,0.9973249435424805,0.000951541936956346,0.00017730829131323844,0.997209370136261,0.9971476352511672,-0.9962578281993046,0.9963734016055241,1.9934054634504719
3645,php,removing,deleting,inserting,0.9932827949523926,0.00010274507803842425,0.0006444466416724026,0.99959796667099,0.9926383483107202,-0.9994952215929516,0.9931800498743542,1.9921335699036717
3668,php,added,inserted,removed,0.9973345994949341,0.0001241108402609825,0.0008288470562547445,0.9993141889572144,0.9965057524386793,-0.9991900781169534,0.9972104886546731,1.9956958305556327
3668,php,allow,permit,forbid,0.9978755712509155,0.0004049363196827471,0.0005016766954213381,0.9974172115325928,0.9973738945554942,-0.99701227521291,0.9974706349312328,1.9943861697684042
3708,php,remove,delete,insert,0.9964061379432678,0.00026709696976467967,0.0005785143002867699,0.9986045956611633,0.995827623642981,-0.9983374986913987,0.9961390409735031,1.9941651223343797
3736,php,add,insert,remove,0.9575636386871338,9.818399121286348e-05,0.03373315557837486,0.9994497895240784,0.9238304831087589,-0.9993516055328655,0.9574654546959209,1.9231820886416244
3760,php,add,insert,remove,0.9969831109046936,0.00023160295677371323,0.001126286806538701,0.9987516403198242,0.9958568240981549,-0.9985200373630505,0.9967515079479199,1.9943768614612054
3767,php,include,contain,exclude,0.9896552562713623,0.0003022815799340606,0.0023054026532918215,0.9993470311164856,0.9873498536180705,-0.9990447495365515,0.9893529746914282,1.986394603154622
3787,php,add,insert,remove,0.9953871369361877,0.00017466167628299445,0.0008945079753175378,0.9987234473228455,0.9944926289608702,-0.9985487856465625,0.9952124752599047,1.9930414146074327
3821,php,add,insert,remove,0.9877851009368896,0.00017121282871812582,0.005202393047511578,0.9989977478981018,0.9825827078893781,-0.9988265350693837,0.9876138881081715,1.9814092429587618
3829,php,add,insert,remove,0.8237568140029907,0.00015810277545824647,0.15863317251205444,0.9991856217384338,0.6651236414909363,-0.9990275189629756,0.8235987112275325,1.6641511604539119
3830,php,add,insert,remove,0.9908261895179749,0.00011379135685274377,0.004477974493056536,0.9992443323135376,0.9863482150249183,-0.9991305409566849,0.9907123981611221,1.9854787559816032
3885,php,add,insert,remove,0.983803391456604,0.00018184845976065844,0.00977280829101801,0.9985526204109192,0.974030583165586,-0.9983707719511585,0.9836215429968433,1.9724013551167445
3928,php,hide,cover,show,0.9926483035087585,0.7006977200508118,0.0005973472143523395,0.2840353846549988,0.9920509562944062,0.416662335395813,0.2919505834579468,0.5753886208985932
4013,php,allow,permit,forbid,0.9911079406738281,0.00048161728773266077,0.0022450867109000683,0.998023271560669,0.9888628539629281,-0.9975416542729363,0.9906263233860955,1.9864045082358643
4067,php,added,inserted,removed,0.995126485824585,0.00022044344223104417,0.0012816492235288024,0.9995232820510864,0.9938448366010562,-0.9993028386088554,0.9949060423823539,1.9931476752099115
4072,php,add,insert,remove,0.9913570880889893,0.00019208205048926175,0.0031496924348175526,0.9989759922027588,0.9882073956541717,-0.9987839101522695,0.9911650060385,1.9869913058064412
4073,php,added,inserted,removed,0.9737513661384583,0.00011276052828179672,0.004232431761920452,0.9993422627449036,0.9695189343765378,-0.9992295022166218,0.9736386056101765,1.9687484365931596
4098,php,added,inserted,removed,0.9961366057395935,0.00010922459478024393,0.0011164559982717037,0.9994722008705139,0.9950201497413218,-0.9993629762757337,0.9960273811448133,1.9943831260170555
4098,php,enable,permit,disable,0.9969494938850403,0.0004515647888183594,0.0006246349075809121,0.9958795309066772,0.9963248589774594,-0.9954279661178589,0.9964979290962219,1.9917528250953183
4100,php,added,inserted,removed,0.9898995757102966,0.0010615292703732848,0.002888529561460018,0.9962767958641052,0.9870110461488366,-0.9952152665937319,0.9888380464399233,1.9822263127425686
4100,php,remove,delete,insert,0.9401365518569946,0.0004174706118647009,0.025704609230160713,0.9975438714027405,0.9144319426268339,-0.9971264007908758,0.9397190812451299,1.9115583434177097
4109,php,increase,raise,decrease,0.9813452363014221,0.00022526649991050363,0.0014073303900659084,0.9993367791175842,0.9799379059113562,-0.9991115126176737,0.9811199698015116,1.97904941852903
4141,php,added,inserted,removed,0.9972050786018372,0.00013428243983071297,0.0007902335491962731,0.9995720982551575,0.9964148450526409,-0.9994378158153268,0.9970707961620064,1.9958526608679676
4249,php,remove,delete,insert,0.9414242506027222,0.00015242700465023518,0.024107832461595535,0.9991795420646667,0.9173164181411266,-0.9990271150600165,0.9412718235980719,1.9163435332011431
4256,php,created,built,destroyed,0.9236522912979126,0.00030521396547555923,0.01453932374715805,0.9884893298149109,0.9091129675507545,-0.9881841158494353,0.923347077332437,1.8972970834001899
4272,php,remove,delete,insert,0.9675014615058899,0.0002117395488312468,0.011682399548590183,0.9993746876716614,0.9558190619572997,-0.9991629481228301,0.9672897219570586,1.9549820100801298
4283,php,add,insert,remove,0.9400987029075623,0.0002364453685004264,0.04793515056371689,0.9981449842453003,0.8921635523438454,-0.9979085388767999,0.9398622575390618,1.8900720912206452
4318,php,show,display,hide,0.9907041192054749,0.00018771913892123848,0.004052149597555399,0.9994955062866211,0.9866519696079195,-0.9993077871476999,0.9905164000665536,1.9859597567556193
4318,php,showing,displaying,hiding,0.9645646810531616,0.8440082669258118,0.013674025423824787,0.13079841434955597,0.9508906556293368,0.7132098525762558,0.12055641412734985,0.23768080305308104
4457,php,added,inserted,removed,0.997421145439148,7.464044756488875e-05,0.00033720090868882835,0.9996477365493774,0.9970839445304591,-0.9995730961018126,0.9973465049915831,1.9966570406322717
4457,php,show,display,hide,0.9810814261436462,9.881422010948882e-05,0.000715207657776773,0.9987000226974487,0.9803662184858695,-0.9986012084773392,0.9809826119235368,1.9789674269632087
4547,php,add,insert,remove,0.992594301700592,0.000121380238851998,0.0007837093435227871,0.9993651509284973,0.9918105923570693,-0.9992437706896453,0.99247292146174,1.9910543630467146
4569,php,adding,inserting,removing,0.9949626922607422,0.00016913122090045363,0.001345262280665338,0.9994944334030151,0.9936174299800768,-0.9993253021821147,0.9947935610398417,1.9929427321621915
4570,php,adding,inserting,removing,0.9922898411750793,0.00012570503167808056,0.0029309128876775503,0.9995754361152649,0.9893589282874018,-0.9994497310835868,0.9921641361434013,1.9888086593709886
4575,php,add,insert,remove,0.991014301776886,0.00010537693015066907,0.0022598591167479753,0.9989160299301147,0.988754442660138,-0.9988106529999641,0.9909089248467353,1.987565095660102
4646,php,added,inserted,removed,0.9906546473503113,0.0001643382420297712,0.002029640367254615,0.9994385838508606,0.9886250069830567,-0.9992742456088308,0.9904903091082815,1.9878992525918875
4660,php,added,inserted,removed,0.9902536273002625,0.00017432676395401359,0.001853584311902523,0.9995548129081726,0.9884000429883599,-0.9993804861442186,0.9900793005363084,1.9877805291325785
4666,php,remove,delete,insert,0.13918912410736084,0.008826320059597492,0.8489546775817871,0.9893786311149597,-0.7097655534744263,-0.9805523110553622,0.13036280404776335,0.27078675758093596
4729,php,add,insert,remove,0.9951794147491455,0.00016247754683718085,0.0007337243878282607,0.9992297887802124,0.9944456903613172,-0.9990673112333752,0.9950169372023083,1.9935130015946925
4843,php,allow,permit,forbid,0.9894616007804871,0.0002416629868093878,0.0010712642688304186,0.9991023540496826,0.9883903365116566,-0.9988606910628732,0.9892199377936777,1.9872510275745299
4855,php,add,insert,remove,0.9722574353218079,0.00014145317254588008,0.005089983809739351,0.9988283514976501,0.9671674515120685,-0.9986868983251043,0.972115982149262,1.9658543498371728
4867,php,add,insert,remove,0.9916948676109314,0.00028768752235919237,0.0011028929147869349,0.9528111219406128,0.9905919746961445,-0.9525234344182536,0.9914071800885722,1.943115409114398
4903,php,add,insert,remove,0.9739810824394226,7.960938091855496e-05,0.0033656193409115076,0.9993065595626831,0.9706154630985111,-0.9992269501817646,0.973901473058504,1.9698424132802757
4963,php,remove,delete,insert,0.9953228831291199,0.0002775242319330573,0.0013001534389331937,0.998492956161499,0.9940227296901867,-0.998215431929566,0.9950453588971868,1.9922381616197526
4995,php,add,insert,remove,0.9945927262306213,0.00015837373211979866,0.0007621226250194013,0.9991156458854675,0.9938306036056019,-0.9989572721533477,0.9944343524985015,1.9927878757589497
6263,php,disable,block,enable,0.9060747027397156,0.0004783389449585229,0.004320008680224419,0.9946159720420837,0.9017546940594912,-0.9941376330971252,0.905596363794757,1.8958923271566164
6351,php,added,inserted,removed,0.9939275979995728,0.0001897921465570107,0.0019302824512124062,0.9994707703590393,0.9919973155483603,-0.9992809782124823,0.9937378058530157,1.9912782937608426
6371,php,remove,delete,insert,0.969493567943573,0.000358444987796247,0.010067950934171677,0.9985080361366272,0.9594256170094013,-0.998149591148831,0.9691351229557768,1.9575752081582323
6385,php,removed,deleted,inserted,0.8038384914398193,0.00046163442311808467,0.0016325043980032206,0.9989755153656006,0.8022059870418161,-0.9985138809424825,0.8033768570167013,1.8007198679842986
6385,php,open,unlock,close,0.7376456260681152,0.049825698137283325,0.16552554070949554,0.9007339477539062,0.5721200853586197,-0.8509082496166229,0.6878199279308319,1.4230283349752426
6449,php,added,inserted,removed,0.996936559677124,0.00018685810209717602,0.0009226158144883811,0.9994605183601379,0.9960139438626356,-0.9992736602580408,0.9967497015750268,1.9952876041206764
6451,php,allow,permit,forbid,0.9967092275619507,0.00033934289240278304,0.0007432603160850704,0.9988440275192261,0.9959659672458656,-0.9985046846268233,0.9963698846695479,1.994470651872689
6515,php,adding,inserting,removing,0.973447859287262,0.05055046081542969,0.002013689372688532,0.926122784614563,0.9714341699145734,-0.8755723237991333,0.9228973984718323,1.8470064937137067
6515,php,removing,deleting,inserting,0.9202505946159363,0.0024178861640393734,0.004712093621492386,0.9797905683517456,0.9155385009944439,-0.9773726821877062,0.9178327084518969,1.8929111831821501
6535,php,enable,permit,disable,0.9945800304412842,0.0002962642756756395,0.0009434655075892806,0.9982547163963318,0.9936365649336949,-0.9979584521206561,0.9942837661656085,1.991595017054351
6538,php,added,inserted,removed,0.9864017367362976,0.0003811175120063126,0.0017027806024998426,0.9991781115531921,0.9846989561337978,-0.9987969940411858,0.9860206192242913,1.9834959501749836
6571,php,accept,take,reject,0.7285898923873901,0.026906335726380348,0.13422735035419464,0.9498236775398254,0.5943625420331955,-0.9229173418134451,0.7016835566610098,1.5172798838466406
6621,php,add,insert,remove,0.9885586500167847,0.00018098346481565386,0.0042993659153580666,0.9994152784347534,0.9842592841014266,-0.9992342949699378,0.988377666551969,1.9834935790713644
6627,php,added,inserted,removed,0.9892184138298035,0.00023671681992709637,0.0027942529413849115,0.9994186162948608,0.9864241608884186,-0.9991818994749337,0.9889816970098764,1.9856060603633523
6630,php,added,inserted,removed,0.98915034532547,0.00012285794946365058,0.0024638010654598475,0.9992969036102295,0.9866865442600101,-0.9991740456607658,0.9890274873760063,1.985860589920776
6631,php,added,inserted,removed,0.9705130457878113,0.0001707281917333603,0.01878996379673481,0.9989888072013855,0.9517230819910765,-0.9988180790096521,0.9703423175960779,1.9505411610007286
6631,php,create,build,destroy,0.9433437585830688,0.00017839389329310507,0.009385723620653152,0.9719043970108032,0.9339580349624157,-0.9717260031175101,0.9431653646897757,1.9056840380799258
6635,php,creating,building,destroying,0.9898219108581543,0.0002516543900128454,0.0023420110810548067,0.9935206770896912,0.9874798997770995,-0.9932690226996783,0.9895702564681415,1.9807489224767778
6695,php,add,insert,remove,0.9932990074157715,0.00024761035456322134,0.0018313722684979439,0.998573899269104,0.9914676351472735,-0.9983262889145408,0.9930513970612083,1.9897939240618143
6695,php,start,begin,stop,0.9862694144248962,0.002309332601726055,0.0018653147853910923,0.9578128457069397,0.9844040996395051,-0.9555035131052136,0.9839600818231702,1.9399076127447188
6715,php,add,insert,remove,0.6328816413879395,0.003356026951223612,0.33854714035987854,0.9956238865852356,0.2943345010280609,-0.992267859634012,0.6295256144367158,1.286602360662073
6716,php,add,insert,remove,0.9666572213172913,0.0036363741382956505,0.005297728348523378,0.9946828484535217,0.9613594929687679,-0.9910464743152261,0.9630208471789956,1.952405967283994
6716,php,remove,delete,insert,0.9139909744262695,0.005172332748770714,0.020691145211458206,0.9936898946762085,0.8932998292148113,-0.9885175619274378,0.9088186416774988,1.881817391142249
6717,php,add,insert,remove,0.3900684714317322,0.00030986868659965694,0.5958603024482727,0.9980192184448242,-0.20579183101654053,-0.9977093497582246,0.3897586027451325,0.791917518741684
6774,php,add,insert,remove,0.9686743021011353,0.0005512584466487169,0.011381126008927822,0.9965698719024658,0.9572931760922074,-0.9960186134558171,0.9681230436544865,1.9533117895480245
6801,php,remove,delete,insert,0.94317626953125,0.0009583989740349352,0.044493623077869415,0.9976000189781189,0.8986826464533806,-0.996641620004084,0.9422178705572151,1.8953242664574645
7029,php,add,insert,remove,0.988556981086731,0.00011758316395571455,0.001045338110998273,0.9990848302841187,0.9875116429757327,-0.9989672471201629,0.9884393979227752,1.9864788900958956
7033,php,remove,delete,insert,0.9917343854904175,0.00021496844419743866,0.0021174082066863775,0.9982805252075195,0.9896169772837311,-0.9980655567633221,0.99151941704622,1.9876825340470532
7038,php,add,insert,remove,0.9781044125556946,0.00039676029700785875,0.014361554756760597,0.9985104203224182,0.963742857798934,-0.9981136600254104,0.9777076522586867,1.9618565178243443
7038,php,remove,delete,insert,0.9961565136909485,0.00027754349866881967,0.0010784993646666408,0.9978121519088745,0.9950780143262818,-0.9975346084102057,0.9958789701922797,1.9926126227364875
7173,php,remove,delete,insert,0.9970345497131348,0.000644792802631855,0.0006394833326339722,0.9969990253448486,0.9963950663805008,-0.9963542325422168,0.9963897569105029,1.9927492989227176
7243,php,add,insert,remove,0.993897020816803,0.0002833162434399128,0.0015375898219645023,0.9986661672592163,0.9923594309948385,-0.9983828510157764,0.9936137045733631,1.9907422820106149
7243,php,remove,delete,insert,0.9958125948905945,0.00042729167034849524,0.0007644248544238508,0.9981492757797241,0.9950481700361706,-0.9977219841093756,0.995385303220246,1.9927701541455463
7264,php,created,built,destroyed,0.9527753591537476,7.170988101279363e-05,0.004239646252244711,0.9968587160110474,0.9485357129015028,-0.9967870061300346,0.9527036492727348,1.9453227190315374
7265,php,show,display,hide,0.9891818165779114,0.0004735194379463792,0.0015974018024280667,0.9987711310386658,0.9875844147754833,-0.9982976116007194,0.988708297139965,1.9858820263762027
7328,php,removed,deleted,inserted,0.9340201020240784,0.00012597572640515864,0.060329847037792206,0.9997437596321106,0.8736902549862862,-0.9996177839057054,0.9338941262976732,1.8733080388919916
7521,php,show,display,hide,0.9927569031715393,0.00016373529797419906,0.0005918542738072574,0.9987713694572449,0.992165048897732,-0.9986076341592707,0.9925931678735651,1.9907726830570027
7540,php,enabled,permitted,disabled,0.9745817184448242,0.0010074262972921133,0.008664196357131004,0.9918791651725769,0.9659175220876932,-0.9908717388752848,0.9735742921475321,1.956789260962978
7598,php,remove,delete,insert,0.9901873469352722,0.0002804505929816514,0.0030863455031067133,0.998555600643158,0.9871010014321655,-0.9982751500501763,0.9899068963422906,1.9853761514823418
7682,php,removed,deleted,inserted,0.9965957999229431,0.0001776062708813697,0.0009616545867174864,0.9994603991508484,0.9956341453362256,-0.999282792879967,0.9964181936520617,1.9949169382161926
7706,php,added,inserted,removed,0.9939804077148438,0.00018257839838042855,0.002214698353782296,0.9993544220924377,0.9917657093610615,-0.9991718436940573,0.9937978293164633,1.9909375530551188
7832,php,add,insert,remove,0.9915549159049988,0.00026116304798051715,0.0027562149334698915,0.9983635544776917,0.9887987009715289,-0.9981023914297111,0.9912937528570183,1.98690109240124
7873,php,remove,delete,insert,0.9799556136131287,0.000347890832927078,0.0035934289917349815,0.9976935982704163,0.9763621846213937,-0.9973457074374892,0.9796077227802016,1.9737078920588829
7901,php,add,insert,remove,0.9766359925270081,0.0001266463950742036,0.014658252708613873,0.9993430972099304,0.9619777398183942,-0.9992164508148562,0.9765093461319339,1.9611941906332504
7946,php,remove,delete,insert,0.9896267652511597,0.00025615468621253967,0.002471855841577053,0.9981473684310913,0.9871549094095826,-0.9978912137448788,0.9893706105649471,1.9850461231544614
8100,php,add,insert,remove,0.6228381395339966,0.0014657860156148672,0.3463704586029053,0.9959173798561096,0.2764676809310913,-0.9944515938404948,0.6213723535183817,1.270919274771586
8100,php,removed,deleted,inserted,0.8833697438240051,0.0003697880310937762,0.08694811910390854,0.9977020621299744,0.7964216247200966,-0.9973322740988806,0.8829999557929114,1.7937538988189772
8117,php,remove,delete,insert,0.9956739544868469,0.0003561614721547812,0.0008037390070967376,0.9983710646629333,0.9948702154797502,-0.9980149031907786,0.9953177930146921,1.9928851186705288
8163,php,add,insert,remove,0.9553602933883667,0.0558156780898571,0.023826681077480316,0.9386754035949707,0.9315336123108864,-0.8828597255051136,0.8995446152985096,1.814393337816
8163,php,remove,delete,insert,0.9502502679824829,0.0010471391724422574,0.024982774630188942,0.9976133108139038,0.925267493352294,-0.9965661716414616,0.9492031288100407,1.9218336649937555
8192,php,add,insert,remove,0.9900533556938171,0.0001628095778869465,0.005164263769984245,0.9993657469749451,0.9848890919238329,-0.9992029373970581,0.9898905461159302,1.984092029320891
8344,php,remove,delete,insert,0.9962014555931091,0.00014697510050609708,0.0004408006207086146,0.9985842704772949,0.9957606549724005,-0.9984372953767888,0.996054480492603,1.9941979503491893
8391,php,remove,delete,insert,0.993687093257904,0.00015623065701220185,0.0011451734462752938,0.9991889595985413,0.9925419198116288,-0.9990327289415291,0.9935308626008919,1.9915746487531578
8405,php,adds,inserts,removes,0.8259013295173645,8.746426465222612e-05,0.09469547122716904,0.9996376037597656,0.7312058582901955,-0.9995501394951134,0.8258138652527123,1.7307559977853089
125,py,add,insert,remove,0.9223698377609253,8.703654748387635e-05,0.03708870708942413,0.9994219541549683,0.8852811306715012,-0.9993349176074844,0.9222828012134414,1.8846160482789855
219,py,create,build,destroy,0.9531197547912598,0.00010294997628079727,0.008269223384559155,0.9973413348197937,0.9448505314067006,-0.9972383848435129,0.953016804814979,1.9420889162502135
286,py,create,build,destroy,0.9578110575675964,0.00016227092419285327,0.013474402949213982,0.9968889355659485,0.9443366546183825,-0.9967266646417556,0.9576487866434036,1.941063319260138
633,py,added,inserted,removed,0.9956858158111572,8.534894732292742e-05,0.0006743053672835231,0.9995543360710144,0.9950115104438737,-0.9994689871236915,0.9956004668638343,1.9944804975675652
647,py,added,inserted,removed,0.9965397119522095,0.0001658657129155472,0.0013217361411079764,0.9994169473648071,0.9952179758111015,-0.9992510816518916,0.9963738462392939,1.994469057462993
652,py,add,insert,remove,0.9884235262870789,0.00013577390927821398,0.003343791700899601,0.9992864727973938,0.9850797345861793,-0.9991506988881156,0.9882877523778006,1.9842304334742948
751,py,start,begin,stop,0.9753809571266174,0.00026906124548986554,0.0012214391026645899,0.9989448189735413,0.9741595180239528,-0.9986757577280514,0.9751118958811276,1.9728352757520042
877,py,allow,permit,forbid,0.9925504922866821,0.0003905763733200729,0.0026558402460068464,0.9988672733306885,0.9898946520406753,-0.9984766969573684,0.9921599159133621,1.9883713489980437
1133,py,add,insert,remove,0.3957515060901642,0.00017494626808911562,0.593716561794281,0.9991266131401062,-0.19796505570411682,-0.9989516668720171,0.39557655982207507,0.8009866111679003
1170,py,add,insert,remove,0.9899123311042786,0.000120585311378818,0.0017817128682509065,0.9993138313293457,0.9881306182360277,-0.9991932460179669,0.9897917457928997,1.9873238642539945
1216,py,open,unlock,close,0.7807144522666931,0.0007149952580220997,0.16806183755397797,0.9606887102127075,0.6126526147127151,-0.9599737149546854,0.779999457008671,1.5726263296674006
1229,py,add,insert,remove,0.9883914589881897,0.00021703170205000788,0.005868097767233849,0.998382568359375,0.9825233612209558,-0.998165536657325,0.9881744272861397,1.9806888978782808
1284,py,allow,permit,forbid,0.994574248790741,0.0003345353761687875,0.0011914880014955997,0.9989950060844421,0.9933827607892454,-0.9986604707082734,0.9942397134145722,1.9920432314975187
1446,py,add,insert,remove,0.9930043816566467,0.0001571235916344449,0.0034814870450645685,0.9990298748016357,0.9895228946115822,-0.9988727512100013,0.9928472580650123,1.9883956458215835
1898,py,add,insert,remove,0.9899387359619141,0.00013855543511454016,0.0026561813428997993,0.9993261098861694,0.9872825546190143,-0.9991875544510549,0.9898001805267995,1.9864701090700692
2199,py,add,insert,remove,0.9893116354942322,0.00012297462671995163,0.005664518568664789,0.9988036155700684,0.9836471169255674,-0.9986806409433484,0.9891886608675122,1.9823277578689158
2204,py,removes,deletes,inserts,0.9944171905517578,0.00023111692280508578,0.0007350642117671669,0.9990586638450623,0.9936821263399906,-0.9988275469222572,0.9941860736289527,1.9925096732622478
2400,py,allowed,permitted,forbade,0.9961088299751282,0.00031961125205270946,0.0009254203177988529,0.9988347887992859,0.9951834096573293,-0.9985151775472332,0.9957892187230755,1.9936985872045625
2431,py,add,insert,remove,0.9921860694885254,0.00021793913037981838,0.0031165305990725756,0.9978600144386292,0.9890695388894528,-0.9976420753082493,0.9919681303581456,1.9867116141977021
2701,py,remove,delete,insert,0.9951568245887756,0.0003346322919242084,0.0006604852387681603,0.9891147613525391,0.9944963393500075,-0.9887801290606149,0.9948221922968514,1.9832764684106223
2760,py,add,insert,remove,0.9808027744293213,0.00015742202231194824,0.0020281029865145683,0.9991601705551147,0.9787746714428067,-0.9990027485328028,0.9806453524070093,1.9777774199756095
2820,py,allow,permit,forbid,0.9973249435424805,0.0005109194898977876,0.0007330625085160136,0.998595654964447,0.9965918810339645,-0.9980847354745492,0.9968140240525827,1.9946766165085137
2832,py,adds,inserts,removes,0.9950726628303528,7.361686584772542e-05,0.0012450111098587513,0.999657154083252,0.993827651720494,-0.9995835372174042,0.9949990459645051,1.9934111889378983
2832,py,allow,permit,forbid,0.9768283367156982,0.00016106083057820797,0.00441003916785121,0.9991973042488098,0.972418297547847,-0.9990362434182316,0.97666727588512,1.9714545409660786
2997,py,add,insert,remove,0.9934176206588745,0.00014179732534103096,0.0019111324800178409,0.999194324016571,0.9915064881788567,-0.99905252669123,0.9932758233335335,1.9905590148700867
3086,py,add,insert,remove,0.9573701024055481,0.00017514869978185743,0.025997914373874664,0.9990156888961792,0.9313721880316734,-0.9988405401963973,0.9571949537057662,1.9302127282280708
3132,py,add,insert,remove,0.981202244758606,0.0002034850331256166,0.007704431191086769,0.9990285634994507,0.9734978135675192,-0.9988250784663251,0.9809987597254803,1.9723228920338443
3206,py,added,inserted,removed,0.9644889831542969,0.00018893972446676344,0.02191096544265747,0.9991971850395203,0.9425780177116394,-0.9990082453150535,0.9643000434298301,1.941586263026693
3206,py,removed,deleted,inserted,0.987379789352417,0.0002776435576379299,0.007970417849719524,0.9989375472068787,0.9794093715026975,-0.9986599036492407,0.9871021457947791,1.9780692751519382
3257,py,added,inserted,removed,0.9967268705368042,0.00011114194785477594,0.0007784649496898055,0.999588668346405,0.9959484055871144,-0.9994775263985503,0.9966157285889494,1.9954259319856646
3422,py,added,inserted,removed,0.9961891770362854,0.0001321422023465857,0.0010959667852148414,0.9994643330574036,0.9950932102510706,-0.999332190855057,0.9960570348339388,1.9944254011061275
3699,py,adding,inserting,removing,0.982133686542511,8.00381094450131e-05,0.005234135314822197,0.9996209144592285,0.9768995512276888,-0.9995408763497835,0.982053648433066,1.9764404275774723
4111,py,add,insert,remove,0.03233727440237999,0.00018165963410865515,0.953661322593689,0.9983104467391968,-0.921324048191309,-0.9981287871050881,0.032155614768271334,0.07680473891377915
4193,py,adding,inserting,removing,0.9556044936180115,0.0001019012852339074,0.0346563458442688,0.9997171759605408,0.9209481477737427,-0.9996152746753069,0.9555025923327776,1.9205634224490495
4378,py,add,insert,remove,0.9936779141426086,0.00010671136260498315,0.0029012917075306177,0.9991400241851807,0.990776622435078,-0.9990333128225757,0.9935712027800037,1.9898099352576537
4378,py,enable,permit,disable,0.986580491065979,0.0001707203482510522,0.007688619662076235,0.9964091181755066,0.9788918714039028,-0.9962383978272555,0.986409770717728,1.9751302692311583
4605,py,creating,building,destroying,0.9898109436035156,0.00021707119594793767,0.0026405942626297474,0.9735952019691467,0.9871703493408859,-0.9733781307731988,0.9895938724075677,1.9605484801140847
4793,py,add,insert,remove,0.9081265926361084,0.0001501380029367283,0.07785803079605103,0.9991652965545654,0.8302685618400574,-0.9990151585516287,0.9079764546331717,1.829283720391686
4923,py,added,inserted,removed,0.9967421889305115,8.763505320530385e-05,0.0005774213350377977,0.9996352195739746,0.9961647675954737,-0.9995475845207693,0.9966545538773062,1.995712352116243
4960,py,add,insert,remove,0.9834924936294556,0.00012507138308137655,0.0027886899188160896,0.9992732405662537,0.9807038037106395,-0.9991481691831723,0.9833674222463742,1.9798519728938118
5336,py,add,insert,remove,0.9750577211380005,8.454853377770633e-05,0.015356805175542831,0.9995256662368774,0.9597009159624577,-0.9994411177030997,0.9749731726042228,1.9591420336655574
5338,py,added,inserted,removed,0.9899632334709167,0.00011326054664095864,0.003377471351996064,0.999519944190979,0.9865857621189207,-0.999406683644338,0.9898499729242758,1.9859924457632587
5509,py,open,unlock,close,0.47592422366142273,0.0015555109130218625,0.4780254065990448,0.9929484128952026,-0.0021011829376220703,-0.9913929019821808,0.47436871274840087,0.9892917190445587
5510,py,show,display,hide,0.9564037919044495,0.00021222683426458389,0.006239623297005892,0.9850885272026062,0.9501641686074436,-0.9848763003683416,0.9561915650701849,1.9350404689757852
5668,py,disabled,blocked,enabled,0.9775158762931824,0.00036607778747566044,0.0016836654394865036,0.9932684302330017,0.9758322108536959,-0.992902352445526,0.9771497985057067,1.968734563299222
5913,py,add,insert,remove,0.6143978834152222,9.09990121726878e-05,0.36702269315719604,0.9995774626731873,0.24737519025802612,-0.9994864636610146,0.6143068844030495,1.2468616539190407
6191,py,add,insert,remove,0.9937293529510498,0.00017395670874975622,0.001575856120325625,0.9992352724075317,0.9921534968307242,-0.999061315698782,0.9935553962423,1.9912148125295062
6194,py,added,inserted,removed,0.99505215883255,0.0002092369250021875,0.001747701084241271,0.9994495511054993,0.9933044577483088,-0.9992403141804971,0.9948429219075479,1.9925447719288059
6194,py,removed,deleted,inserted,0.918824315071106,0.0003546875377651304,0.06268029659986496,0.9991980195045471,0.856144018471241,-0.998843331966782,0.9184696275333408,1.854987350438023
6240,py,add,insert,remove,0.993857204914093,8.72840391821228e-05,0.0005691226688213646,0.9992154836654663,0.9932880822452717,-0.9991281996262842,0.9937699208749109,1.9924162818715558
6240,py,remove,delete,insert,0.9409605860710144,0.000408276857342571,0.003743546549230814,0.9965270161628723,0.9372170395217836,-0.9961187393055297,0.9405523092136718,1.9333357788273133
6302,py,increase,raise,decrease,0.9922440648078918,0.00018668899429030716,0.0017917654477059841,0.9994534850120544,0.9904522993601859,-0.9992667960177641,0.9920573758136015,1.98971909537795
6533,py,add,insert,remove,0.9861314296722412,0.00016451494593638927,0.007058341987431049,0.9989448189735413,0.9790730876848102,-0.9987803040276049,0.9859669147263048,1.977853391712415
6533,py,created,built,destroyed,0.9868659377098083,0.00021168048260733485,0.002976209856569767,0.9905439615249634,0.9838897278532386,-0.990332281042356,0.986654257227201,1.9742220088955946
6646,py,add,insert,remove,0.9957388639450073,0.00013671770284418017,0.00056429737014696,0.9993795156478882,0.9951745665748604,-0.999242797945044,0.9956021462421631,1.9944173645199044
6692,py,added,inserted,removed,0.9114654064178467,0.00012726089335046709,0.07246492803096771,0.9995550513267517,0.839000478386879,-0.9994277904334012,0.9113381455244962,1.8384282688202802
6711,py,added,inserted,removed,0.9744502902030945,8.769702253630385e-05,0.0050508128479123116,0.9995383024215698,0.9693994773551822,-0.9994506053990335,0.9743625931805582,1.9688500827542157
7349,py,allowing,permitting,forbidding,0.9869537949562073,0.015530283562839031,0.004816546570509672,0.9364356398582458,0.9821372483856976,-0.9209053562954068,0.9714235113933682,1.9030426046811044
7573,py,start,begin,stop,0.997008740901947,0.0003531792899593711,0.0008679100428707898,0.9967036843299866,0.9961408308590762,-0.9963505050400272,0.9966555616119877,1.9924913358991034
7684,py,add,insert,remove,0.9940659999847412,0.00014674429257865995,0.0010767873609438539,0.9989776611328125,0.9929892126237974,-0.9988309168402338,0.9939192556921626,1.9918201294640312
8029,py,add,insert,remove,0.855745792388916,0.00013929471606388688,0.11995919048786163,0.9988238215446472,0.7357866019010544,-0.9986845268285833,0.8556064976728521,1.7344711287296377
8029,py,create,build,destroy,0.916516900062561,0.0061898743733763695,0.009811919182538986,0.9279041290283203,0.906704980880022,-0.9217142546549439,0.9103270256891847,1.828419235534966
8465,py,added,inserted,removed,0.997414231300354,0.0001623900607228279,0.0006832967628724873,0.9996436834335327,0.9967309345374815,-0.9994812933728099,0.9972518412396312,1.9962122279102914
8745,py,add,insert,remove,0.9689791202545166,0.0001438769104424864,0.008247493766248226,0.9987109899520874,0.9607316264882684,-0.9985671130416449,0.9688352433440741,1.9592987395299133
8874,py,added,inserted,removed,0.9802652597427368,0.00014043983537703753,0.007662048097699881,0.999276340007782,0.9726032116450369,-0.999135900172405,0.9801248199073598,1.9717391118174419
9073,py,add,insert,remove,0.9815531969070435,9.816444071475416e-05,0.006347321439534426,0.9995748400688171,0.975205875467509,-0.9994766756281024,0.9814550324663287,1.9746825510956114
9181,py,enabling,permitting,disabling,0.9842872619628906,0.0002832355094142258,0.005300787277519703,0.9986347556114197,0.9789864746853709,-0.9983515201020055,0.9840040264534764,1.9773379947873764
9194,py,allow,permit,forbid,0.997105062007904,0.0009568752720952034,0.0009608270484022796,0.9977928400039673,0.9961442349595018,-0.9968359647318721,0.9961481867358088,1.9929801996913739
9297,py,add,insert,remove,0.649142861366272,0.0002408300497336313,0.33277246356010437,0.9991171956062317,0.3163703978061676,-0.9988763655564981,0.6489020313165383,1.3152467633626657
9297,py,remove,delete,insert,0.9871770143508911,8.515575609635562e-05,0.0023607611656188965,0.9992415904998779,0.9848162531852722,-0.9991564347437816,0.9870918585947948,1.9839726879290538
9401,py,adds,inserts,removes,0.983863353729248,0.00011680577154038474,0.01056150533258915,0.9995007514953613,0.9733018483966589,-0.9993839457238209,0.9837465479577077,1.9726857941204798
9655,py,add,insert,remove,0.9209644198417664,0.00013701413990929723,0.06540170311927795,0.9992766976356506,0.8555627167224884,-0.9991396834957413,0.9208274057018571,1.8547024002182297
10135,py,add,insert,remove,0.9919611811637878,0.00015152993728406727,0.004031057469546795,0.999025821685791,0.987930123694241,-0.998874291748507,0.9918096512265038,1.986804415442748
10392,py,add,insert,remove,0.9933153986930847,0.0001832581911003217,0.0020140549167990685,0.9991304278373718,0.9913013437762856,-0.9989471696462715,0.9931321405019844,1.9902485134225572
10450,py,add,insert,remove,0.9843201637268066,0.00014180809375829995,0.005340971052646637,0.9992949962615967,0.97897919267416,-0.9991531881678384,0.9841783556330483,1.9781323808419984
10490,py,add,insert,remove,0.9860338568687439,0.0002481822739355266,0.007819161750376225,0.9989216327667236,0.9782146951183677,-0.9986734504927881,0.9857856745948084,1.9768881456111558
10737,py,disable,block,enable,0.9456069469451904,0.08401843905448914,0.03981354832649231,0.8910614252090454,0.9057933986186981,-0.8070429861545563,0.8615885078907013,1.7128363847732544
10825,py,added,inserted,removed,0.998134195804596,9.021815640153363e-05,0.0004453134024515748,0.9996770620346069,0.9976888824021444,-0.9995868438782054,0.9980439776481944,1.9972757262803498
11069,py,added,inserted,removed,0.9973203539848328,0.00012948566291015595,0.0005765618407167494,0.9995662569999695,0.996743792144116,-0.9994367713370593,0.9971908683219226,1.9961805634811753
11615,py,add,insert,remove,0.9937653541564941,0.0001849646505434066,0.0014128624461591244,0.9989902377128601,0.992352491710335,-0.9988052730623167,0.9935803895059507,1.9911577647726517
11781,py,added,inserted,removed,0.9958509206771851,9.895094262901694e-05,0.000317863974487409,0.9996298551559448,0.9955330567026976,-0.9995309042133158,0.995751969734556,1.9950639609160135
12098,py,add,insert,remove,0.990721583366394,0.000190291742910631,0.0030990280210971832,0.9992102384567261,0.9876225553452969,-0.9990199467138154,0.9905312916234834,1.9866425020591123
12145,py,added,inserted,removed,0.995972216129303,7.83964860602282e-05,0.001292658387683332,0.9996978044509888,0.9946795577416196,-0.9996194079649285,0.9958938196432428,1.9942989657065482
12878,py,disable,block,enable,0.9873126149177551,0.0004366151406429708,0.00036433080094866455,0.994997501373291,0.9869482841168065,-0.994560886232648,0.9868759997771122,1.9815091703494545
13127,py,allow,permit,forbid,0.991324782371521,0.0004100023361388594,0.004536918830126524,0.9980242252349854,0.9867878635413945,-0.9976142228988465,0.9909147800353821,1.984402086440241
13368,py,allow,permit,forbid,0.9882069230079651,0.00025389998336322606,0.003913799300789833,0.9994022846221924,0.9842931237071753,-0.9991483846388292,0.9879530230246019,1.9834415083460044
13578,py,allow,permit,forbid,0.993756890296936,0.0012853509979322553,0.0015668849227949977,0.9975354671478271,0.992190005374141,-0.9962501161498949,0.9924715392990038,1.988440121524036
14280,py,add,insert,remove,0.9904018044471741,0.00014408591960091144,0.0020067745354026556,0.9989225268363953,0.9883950299117714,-0.9987784409167944,0.9902577185275732,1.9871734708285658
14316,py,added,inserted,removed,0.9961934089660645,0.00017577430116944015,0.0005837240605615079,0.9995490908622742,0.995609684905503,-0.9993733165611047,0.996017634664895,1.9949830014666077
14322,py,remove,delete,insert,0.9935582280158997,0.00015188707038760185,0.0009535497520118952,0.9993674159049988,0.9926046782638878,-0.9992155288346112,0.9934063409455121,1.991820207098499
14336,py,adding,inserting,removing,0.9895151853561401,0.00016910630802158266,0.002489557024091482,0.9979472756385803,0.9870256283320487,-0.9977781693305587,0.9893460790481186,1.9848037976626074
14444,py,adding,inserting,removing,0.9933765530586243,0.0001126502247643657,0.0012832415523007512,0.9996289014816284,0.9920933115063235,-0.999516251256864,0.9932639028338599,1.9916095627631876
14444,py,increasing,raising,decreasing,0.9649131894111633,0.0022488017566502094,0.013232579454779625,0.991567075252533,0.9516806099563837,-0.9893182734958827,0.9626643876545131,1.9409988834522665
14610,py,add,insert,remove,0.9743577241897583,0.00018014114175457507,0.01398306805640459,0.999002993106842,0.9603746561333537,-0.9988228519650875,0.9741775830480037,1.9591975080984412
14660,py,allow,permit,forbid,0.9918335676193237,0.0002749490668065846,0.002569622593000531,0.9992738366127014,0.9892639450263232,-0.9989988875458948,0.9915586185525171,1.988262832572218
15176,py,added,inserted,removed,0.9867607355117798,0.0001088281424017623,0.004091006238013506,0.9994864463806152,0.9826697292737663,-0.9993776182382135,0.986651907369378,1.9820473475119798
15206,py,enable,permit,disable,0.9487598538398743,0.000503703486174345,0.029553566128015518,0.9974766373634338,0.9192062877118587,-0.9969729338772595,0.9482561503536999,1.9161792215891182
16386,py,add,insert,remove,0.9891291856765747,0.0001246429019374773,0.0029113669879734516,0.9992289543151855,0.9862178186886013,-0.9991043114132481,0.9890045427746372,1.9853221301018493
17624,py,add,insert,remove,0.9846541285514832,0.00016208612942136824,0.0034165631514042616,0.9988086223602295,0.9812375654000789,-0.9986465362308081,0.9844920424220618,1.979884101630887
18020,py,removed,deleted,inserted,0.9963474869728088,0.0003535712603479624,0.0010113699827343225,0.999164342880249,0.9953361169900745,-0.9988107716199011,0.9959939157124609,1.9941468886099756
18025,py,add,insert,remove,0.912787675857544,0.00011175820691278204,0.06973468512296677,0.9991875290870667,0.8430529907345772,-0.9990757708801539,0.9126759176506312,1.842128761614731
18068,py,added,inserted,removed,0.9920715689659119,0.00013642047997564077,0.002304516965523362,0.999065101146698,0.9897670520003885,-0.9989286806667224,0.9919351484859362,1.9886957326671109
18087,py,enable,permit,disable,0.9917037487030029,0.0007524699321947992,0.0025653690099716187,0.9981555342674255,0.9891383796930313,-0.9974030643352307,0.9909512787708081,1.986541444028262
18706,py,added,inserted,removed,0.9958274960517883,0.00010522841330384836,0.001020992174744606,0.9996594190597534,0.9948065038770437,-0.9995541906464496,0.9957222676384845,1.9943606945234933
19003,py,add,insert,remove,0.9360556602478027,0.00016810761007945985,0.04950946941971779,0.9989737272262573,0.886546190828085,-0.9988056196161779,0.9358875526377233,1.8853518104442628
19394,py,added,inserted,removed,0.9827736616134644,0.00011367775732651353,0.0014601831790059805,0.9994441866874695,0.9813134784344584,-0.999330508930143,0.9826599838561378,1.9806439873646013
19650,py,add,insert,remove,0.9500793814659119,0.00013216726074460894,0.030457567423582077,0.9993343949317932,0.9196218140423298,-0.9992022276710486,0.9499472142051673,1.9188240417133784
20170,py,adds,inserts,removes,0.9875818490982056,8.682774932822213e-05,0.007360192481428385,0.9995548129081726,0.9802216566167772,-0.9994679851588444,0.9874950213488773,1.9796896417756216
20205,py,add,insert,remove,0.9917240738868713,0.00017907247820403427,0.0029107125010341406,0.998420000076294,0.9888133613858372,-0.9982409275980899,0.9915450014086673,1.987054288983927
21128,py,remove,delete,insert,0.992908239364624,0.00038544205017387867,0.0005676532746292651,0.9983225464820862,0.9923405860899948,-0.9979371044319123,0.9925227973144501,1.990277690521907
21259,py,added,inserted,removed,0.996289849281311,0.00020514617790468037,0.001456665457226336,0.9993089437484741,0.9948331838240847,-0.9991037975705694,0.9960847031034064,1.9939369813946541
21363,py,allow,permit,forbid,0.9893308877944946,0.00011403371172491461,0.0029475647024810314,0.9995989203453064,0.9863833230920136,-0.9994848866335815,0.9892168540827697,1.985868209725595
21490,py,allow,permit,forbid,0.9930478930473328,0.0003825889143627137,0.0022738385014235973,0.9987437129020691,0.9907740545459092,-0.9983611239877064,0.99266530413297,1.9891351785336155
22281,py,show,display,hide,0.997113823890686,0.0006941078463569283,0.0003287977015133947,0.9973938465118408,0.9967850261891726,-0.9966997386654839,0.9964197160443291,1.9934847648546565
22425,py,add,insert,remove,0.9921659231185913,0.00020864860562141985,0.002395793329924345,0.9984297156333923,0.989770129788667,-0.9982210670277709,0.9919572745129699,1.9879911968164379
22454,py,enabled,permitted,disabled,0.9795898795127869,0.0046350001357495785,0.0045828851871192455,0.9304467439651489,0.9750069943256676,-0.9258117438293993,0.9749548793770373,1.900818738155067
22680,py,add,insert,remove,0.9931229948997498,0.00029183775768615305,0.00256916880607605,0.997846245765686,0.9905538260936737,-0.9975544080079999,0.9928311571420636,1.9881082341016736
22823,py,add,insert,remove,0.5347201824188232,0.00010785416088765487,0.4505799114704132,0.9996021389961243,0.08414027094841003,-0.9994942848352366,0.5346123282579356,1.0836345557836466
23059,py,added,inserted,removed,0.9929036498069763,9.317915828432888e-05,0.001234069699421525,0.9992223978042603,0.9916695801075548,-0.9991292186459759,0.992810470648692,1.9907987987535307
23349,py,allow,permit,forbid,0.9969602227210999,0.00016121100634336472,0.0005158036365173757,0.9992766976356506,0.9964444190845825,-0.9991154866293073,0.9967990117147565,1.9955599057138897
23451,py,add,insert,remove,0.9943733215332031,0.00012470223009586334,0.0007737945416010916,0.999363362789154,0.993599526991602,-0.9992386605590582,0.9942486193031073,1.9928381875506602
23762,py,create,build,destroy,0.9729131460189819,0.00035089082666672766,0.010476888157427311,0.996256947517395,0.9624362578615546,-0.9959060566907283,0.9725622551923152,1.958342314552283
24501,py,add,insert,remove,0.9876250624656677,0.00018498057033866644,0.005480990279465914,0.9985066056251526,0.9821440721862018,-0.9983216250548139,0.9874400818953291,1.9804656972410157
25384,py,add,insert,remove,0.9862213134765625,0.00013597137876786292,0.004551546648144722,0.9993370175361633,0.9816697668284178,-0.9992010461573955,0.9860853420977946,1.9808708129858132
25439,py,add,insert,remove,0.9937828183174133,0.00017099875549320132,0.0014440064551308751,0.9989787340164185,0.9923388118622825,-0.9988077352609253,0.9936118195619201,1.9911465471232077
25465,py,add,insert,remove,0.9598085880279541,0.0002062604035018012,0.02489788457751274,0.9992715716362,0.9349107034504414,-0.9990653112326981,0.9596023276244523,1.9339760146831395
25648,py,add,insert,remove,0.9824811816215515,7.442828064085916e-05,0.007474464364349842,0.9995230436325073,0.9750067172572017,-0.9994486153518665,0.9824067533409107,1.9744553326090681
25885,py,adding,inserting,removing,0.98829585313797,7.52388295950368e-05,0.006592473015189171,0.9996408224105835,0.9817033801227808,-0.9995655835809885,0.9882206143083749,1.9812689637037693
25950,py,allow,permit,forbid,0.9971585273742676,0.0004427270614542067,0.0006506008212454617,0.9990915060043335,0.9965079265530221,-0.9986487789428793,0.9967158003128134,1.9951567054959014
26147,py,accept,take,reject,0.9690884351730347,0.0012596328742802143,0.00795687548816204,0.9896543025970459,0.9611315596848726,-0.9883946697227657,0.9678288022987545,1.9495262294076383
26701,py,include,contain,exclude,0.9934386610984802,0.00024093424144666642,0.0013302548322826624,0.9991320967674255,0.9921084062661976,-0.9988911625259789,0.9931977268570336,1.9909995687921764
28286,py,added,inserted,removed,0.9962530136108398,8.508988685207441e-05,0.000929976929910481,0.9995356798171997,0.9953230366809294,-0.9994505899303476,0.9961679237239878,1.994773626611277
28632,py,create,build,destroy,0.9909840822219849,0.00010499136988073587,0.0015448364429175854,0.9979555606842041,0.9894392457790673,-0.9978505693143234,0.9908790908521041,1.9872898150933906
29013,py,add,insert,remove,0.8457612991333008,0.00018814984650816768,0.13555294275283813,0.999002993106842,0.7102083563804626,-0.9988148432603339,0.8455731492867926,1.7090231996407965
29064,py,add,insert,remove,0.9908922910690308,0.0001011020940495655,0.001015110989101231,0.999065101146698,0.9898771800799295,-0.9989639990526484,0.9907911889749812,1.988841179132578
29064,py,remove,delete,insert,0.9825666546821594,0.000122263198136352,0.0011050322791561484,0.9991468191146851,0.9814616224030033,-0.9990245559165487,0.9824443914840231,1.980486178319552
29548,py,adding,inserting,removing,0.9892719984054565,6.828847108408809e-05,0.005860347766429186,0.9997469782829285,0.9834116506390274,-0.9996786898118444,0.9892037099343725,1.9830903404508717
30237,py,added,inserted,removed,0.9943656921386719,0.00018619908951222897,0.0020617148838937283,0.999313235282898,0.9923039772547781,-0.9991270361933857,0.9941794930491596,1.9914310134481639
30279,py,add,insert,remove,0.9533429741859436,7.9952078522183e-05,0.03643011301755905,0.9994803071022034,0.9169128611683846,-0.9994003550236812,0.9532630221074214,1.9163132161920657
30584,py,add,insert,remove,0.9904277324676514,0.00015684477693866938,0.003452253993600607,0.9988839030265808,0.9869754784740508,-0.9987270582496421,0.9902708876907127,1.985702536723693
30601,py,added,inserted,removed,0.9963907599449158,0.00012171827984275296,0.0010003758361563087,0.9990736246109009,0.9953903841087595,-0.9989519063310581,0.996269041665073,1.9943422904398176
30770,py,include,contain,exclude,0.9890733361244202,0.0004029728297609836,0.0015851302305236459,0.9986146688461304,0.9874882058938965,-0.9982116960163694,0.9886703632946592,1.985699901910266
30793,py,add,insert,remove,0.9895871877670288,0.00014611973892897367,0.004235296510159969,0.9992194175720215,0.9853518912568688,-0.9990732978330925,0.9894410680280998,1.9844251890899613
30819,py,add,insert,remove,0.9919237494468689,8.727773820282891e-05,0.00254115485586226,0.9990594983100891,0.9893825945910066,-0.9989722205718863,0.9918364717086661,1.988354815162893
31106,py,add,insert,remove,0.9917256832122803,0.00010889035911532119,0.002822545589879155,0.9991704225540161,0.9889031376224011,-0.9990615321949008,0.991616792853165,1.987964669817302
31208,py,adding,inserting,removing,0.9960344433784485,9.584418148733675e-05,0.0006191242136992514,0.9994258880615234,0.9954153191647492,-0.9993300438800361,0.9959385991969611,1.9947453630447853
31285,py,add,insert,remove,0.9913894534111023,0.0001602207194082439,0.0040741246193647385,0.9992908239364624,0.9873153287917376,-0.9991306032170542,0.991229232691694,1.9864459320087917
31471,py,add,insert,remove,0.9162160158157349,0.00013761364971287549,0.06429781764745712,0.9991395473480225,0.8519181981682777,-0.9990019336983096,0.916078402166022,1.8509201318665873
31471,py,create,build,destroy,0.9644224047660828,8.484373393002898e-05,0.005327361635863781,0.9924858808517456,0.959095043130219,-0.9924010371178156,0.9643375610321527,1.9514960802480346
31683,py,include,contain,exclude,0.979868471622467,0.0002955712843686342,0.004904929082840681,0.9991274476051331,0.9749635425396264,-0.9988318763207644,0.9795729003380984,1.9737954188603908
31864,py,added,inserted,removed,0.9976104497909546,0.0001471143332310021,0.00027315434999763966,0.9995788931846619,0.997337295440957,-0.9994317788514309,0.9974633354577236,1.9967690742923878
32029,py,allows,permits,forbids,0.9881072640419006,0.000934089592192322,0.002445781137794256,0.995517909526825,0.9856614829041064,-0.9945838199346326,0.9871731744497083,1.980245302838739
32266,py,add,insert,remove,0.9699223041534424,9.909663640428334e-05,0.015738416463136673,0.9990454316139221,0.9541838876903057,-0.9989463349775178,0.9698232075170381,1.9531302226678235
32286,py,added,inserted,removed,0.9976493716239929,0.0001245087623829022,0.0009231522562913597,0.9995406866073608,0.9967262193677016,-0.9994161778449779,0.99752486286161,1.9961423972126795
32473,py,create,build,destroy,0.9802364706993103,6.32779483566992e-05,0.004204328637570143,0.9993163347244263,0.9760321420617402,-0.9992530567760696,0.9801731927509536,1.9752851988378097
32885,py,removed,deleted,inserted,0.9908862113952637,0.0002417616778984666,0.0018462550360709429,0.9869003891944885,0.9890399563591927,-0.9866586275165901,0.9906444497173652,1.9756985838757828
33063,py,adds,inserts,removes,0.9883743524551392,0.00013476867752615362,0.0024000974372029305,0.998252809047699,0.9859742550179362,-0.9981180403701728,0.988239583777613,1.984092295388109
33063,py,allows,permits,forbids,0.9946913123130798,0.00022608725703321397,0.0009966169018298388,0.9991924166679382,0.99369469541125,-0.998966329410905,0.9944652250560466,1.992661024822155
33198,py,add,insert,remove,0.9895400404930115,0.0002280462795170024,0.0037072484847158194,0.9986129999160767,0.9858327920082957,-0.9983849536365597,0.9893119942134945,1.9842177456448553
33295,py,added,inserted,removed,0.9960423707962036,0.00016052801220212132,0.0011382093653082848,0.9993987083435059,0.9949041614308953,-0.9992381803313037,0.9958818427840015,1.994142341762199
33505,py,show,display,hide,0.9914208650588989,0.00021700613433495164,0.0033392044715583324,0.9989744424819946,0.9880816605873406,-0.9987574363476597,0.991203858924564,1.9868390969350003
33767,py,add,insert,remove,0.9448267221450806,0.00012449319183360785,0.04273829981684685,0.9993155002593994,0.9020884223282337,-0.9991910070675658,0.944702228953247,1.9012794293957995
34078,py,added,inserted,removed,0.9928810596466064,0.00025498121976852417,0.0034434995613992214,0.999313473701477,0.9894375600852072,-0.9990584924817085,0.9926260784268379,1.9884960525669158
35220,py,allow,permit,forbid,0.991256833076477,0.00021884971647523344,0.0012238956987857819,0.999099850654602,0.9900329373776913,-0.9988810009381268,0.9910379833600018,1.988913938315818
35366,py,create,build,destroy,0.963189959526062,0.0004473008157219738,0.0037460518069565296,0.9578760266304016,0.9594439077191055,-0.9574287258146796,0.96274265871034,1.9168726335337851
35535,py,add,insert,remove,0.9722034335136414,8.231138053815812e-05,0.018485018983483315,0.9993435740470886,0.953718414530158,-0.9992612626665505,0.9721211221331032,1.9529796771967085
35833,py,removing,deleting,inserting,0.9783748984336853,0.00010947264672722667,0.0035082607064396143,0.9906436800956726,0.9748666377272457,-0.9905342074489454,0.9782654257869581,1.965400845176191
36148,py,remove,delete,insert,0.9970784187316895,0.00022185762645676732,0.0011348435655236244,0.9987842440605164,0.9959435751661658,-0.9985623864340596,0.9968565611052327,1.9945059616002254
36432,py,added,inserted,removed,0.9940580129623413,0.0001655282685533166,0.0017672359244897962,0.9993335604667664,0.9922907770378515,-0.999168032198213,0.993892484693788,1.9914588092360646
36700,py,add,insert,remove,0.9854199290275574,0.00012053957470925525,0.003317133756354451,0.9993816614151001,0.9821027952712029,-0.9992611218403908,0.9852993894528481,1.9813639171115938
37691,py,allow,permit,forbid,0.9956158399581909,0.00038920584484003484,0.0014357150066643953,0.9979446530342102,0.9941801249515265,-0.9975554471893702,0.9952266341133509,1.9917355721408967
37710,py,enable,permit,disable,0.9927156567573547,0.0011908396845683455,0.0025695948861539364,0.9970285296440125,0.9901460618712008,-0.9958376899594441,0.9915248170727864,1.985983751830645
37761,py,allow,permit,forbid,0.9972900152206421,0.0017755773151293397,0.0006711191381327808,0.9945976734161377,0.9966188960825093,-0.9928220961010084,0.9955144379055128,1.9894409921835177
37830,py,enable,permit,disable,0.9834885001182556,0.00048887386219576,0.00451790913939476,0.9974334836006165,0.9789705909788609,-0.9969446097384207,0.9829996262560599,1.9759152007172816
38128,py,add,insert,remove,0.9928728342056274,0.0002366236294619739,0.0032406651880592108,0.9991852641105652,0.9896321690175682,-0.9989486404811032,0.9926362105761655,1.9885808094986714
38403,py,add,insert,remove,0.8986409902572632,0.00015676135080866516,0.08710234612226486,0.9992775321006775,0.8115386441349983,-0.9991207707498688,0.8984842289064545,1.8106594148848671
38636,py,remove,delete,insert,0.9489277005195618,0.0001001392156467773,0.0007953214226290584,0.9986503720283508,0.9481323790969327,-0.998550232812704,0.948827561303915,1.9466826119096368
38794,py,add,insert,remove,0.9913718700408936,0.00014517278759740293,0.001904804608784616,0.9990082383155823,0.9894670654321089,-0.9988630655279849,0.9912266972532962,1.9883301309600938
39276,py,add,insert,remove,0.7917182445526123,0.0001375552819808945,0.19051209092140198,0.999089241027832,0.6012061536312103,-0.9989516857458511,0.7915806892706314,1.6001578393770615
39358,py,added,inserted,removed,0.9957695007324219,0.00020024478726554662,0.0016823123442009091,0.9992051720619202,0.994087188388221,-0.9990049272746546,0.9955692559451563,1.9930921156628756
39358,py,removed,deleted,inserted,0.9922641515731812,0.00015475433610845357,0.0011369328713044524,0.999230146408081,0.9911272187018767,-0.9990753920719726,0.9921093972370727,1.9902026107738493
39667,py,add,insert,remove,0.9880586266517639,0.00017269975796807557,0.006454694550484419,0.9990236759185791,0.9816039321012795,-0.998850976160611,0.9878859268937958,1.9804549082618905
39765,py,add,insert,remove,0.9672188758850098,0.00015374751819763333,0.015540478751063347,0.9987459182739258,0.9516783971339464,-0.9985921707557281,0.9670651283668121,1.9502705678896746
39949,py,add,insert,remove,0.9271472692489624,0.0001486961409682408,0.052785474807024,0.9989616870880127,0.8743617944419384,-0.9988129909470445,0.9269985731079942,1.8731747853889829
40038,py,allow,permit,forbid,0.9930271506309509,0.00243742554448545,0.0021003717556595802,0.9953857064247131,0.9909267788752913,-0.9929482808802277,0.9905897250864655,1.983875059755519
40202,py,add,insert,remove,0.9875596165657043,0.00015896292461548,0.005933019332587719,0.9991124272346497,0.9816265972331166,-0.9989534643100342,0.9874006536410889,1.9805800615431508
40516,py,allow,permit,forbid,0.9936341047286987,0.00034183537354692817,0.000587365822866559,0.9981257319450378,0.9930467389058322,-0.9977838965714909,0.9932922693551518,1.990830635477323
40621,py,add,insert,remove,0.976938784122467,0.00023054789926391095,0.012905754148960114,0.9986891150474548,0.9640330299735069,-0.9984585671481909,0.9767082362232031,1.9624915971216979
40631,py,allow,permit,forbid,0.9924302697181702,0.00028783862944692373,0.0020050527527928352,0.9992087483406067,0.9904252169653773,-0.9989209097111598,0.9921424310887232,1.989346126676537
40928,py,added,inserted,removed,0.9971367120742798,0.0001357555011054501,0.0008522319258190691,0.9995245933532715,0.9962844801484607,-0.999388837852166,0.9970009565731743,1.9956733180006268
40941,py,add,insert,remove,0.3521764278411865,0.00022245741274673492,0.6304552555084229,0.9991146922111511,-0.27827882766723633,-0.9988922347984044,0.3519539704284398,0.7206134071311681
40994,py,added,inserted,removed,0.9744172692298889,9.21485188882798e-05,0.006274024490267038,0.9995372295379639,0.9681432447396219,-0.9994450810190756,0.9743251207110006,1.9675883257586975
41186,py,add,insert,remove,0.8944666385650635,9.787981980480254e-05,0.00609993003308773,0.9990231990814209,0.8883667085319757,-0.9989253192616161,0.8943687587452587,1.8872920277935918
41194,py,remove,delete,insert,0.9894503951072693,0.0003324920544400811,0.004664992913603783,0.998589813709259,0.9847854021936655,-0.998257321654819,0.9891179030528292,1.9830427238484845
41269,py,add,insert,remove,0.9887077808380127,0.00016524009697604924,0.005808472633361816,0.9990808963775635,0.9828993082046509,-0.9989156562805874,0.9885425407410366,1.9818149644852383
41921,py,added,inserted,removed,0.9330504536628723,0.00012292491737753153,0.0011441237293183804,0.9992839694023132,0.9319063299335539,-0.9991610444849357,0.9329275287454948,1.9310673744184896
41952,py,added,inserted,removed,0.9946185350418091,0.00014377146726474166,0.002083865460008383,0.9994990825653076,0.9925346695818007,-0.9993553110980429,0.9944747635745443,1.9918899806798436
42064,py,start,begin,stop,0.9741713404655457,0.86921626329422,0.0015391638735309243,0.06818637251853943,0.9726321765920147,0.8010298907756805,0.10495507717132568,0.1716022858163342
42453,py,added,inserted,removed,0.9922584891319275,8.019773667911068e-05,0.003602806944400072,0.9993667006492615,0.9886556821875274,-0.9992865029125824,0.9921782913952484,1.9879421851001098
42478,py,add,insert,remove,0.7436267733573914,0.00015871059440542012,0.23393574357032776,0.999039351940155,0.5096910297870636,-0.9988806413457496,0.7434680627629859,1.5085716711328132
42703,py,add,insert,remove,0.995877742767334,8.07908654678613e-05,0.0007775124977342784,0.9993853569030762,0.9951002302695997,-0.9993045660376083,0.9957969519018661,1.994404796307208
42759,py,add,insert,remove,0.4820311665534973,0.00012179229088360444,0.49904048442840576,0.9992637038230896,-0.017009317874908447,-0.999141911532206,0.4819093742626137,0.9821325936572975
42815,py,added,inserted,removed,0.9929760694503784,0.0001475318567827344,0.0021729115396738052,0.9993917942047119,0.9908031579107046,-0.9992442623479292,0.9928285375935957,1.9900474202586338
43462,py,add,insert,remove,0.9866366982460022,0.0002436883660266176,0.006305104587227106,0.9987398982048035,0.9803315936587751,-0.9984962098387768,0.9863930098799756,1.978827803497552
43705,py,starts,begins,stops,0.9644892811775208,0.0009860219433903694,0.004692693240940571,0.965179443359375,0.9597965879365802,-0.9641934214159846,0.9635032592341304,1.9239900093525648
43853,py,add,insert,remove,0.8844004273414612,0.00015239576168823987,0.09022853523492813,0.999138593673706,0.794171892106533,-0.9989861979120178,0.8842480315797729,1.7931580900185509
44428,py,add,insert,remove,0.6172676682472229,0.00014081223343964666,0.3683593273162842,0.999432384967804,0.24890834093093872,-0.9992915727343643,0.6171268560137833,1.248199913665303
38,rust,add,insert,remove,0.9798380136489868,0.00019784190226346254,0.007455592975020409,0.9988366961479187,0.9723824206739664,-0.9986388542456552,0.9796401717467234,1.9710212749196216
46,rust,remove,delete,insert,0.9939008951187134,0.00018909797654487193,0.0015157540328800678,0.9987807869911194,0.9923851410858333,-0.9985916890145745,0.9937117971421685,1.9909768301004078
63,rust,adds,inserts,removes,0.9543779492378235,7.604972051922232e-05,0.0061179460026323795,0.9997664093971252,0.9482600032351911,-0.999690359676606,0.9543018995173043,1.9479503629117971
105,rust,add,insert,remove,0.9934493899345398,0.00014092384662944824,0.0024376586079597473,0.9994503855705261,0.99101173132658,-0.9993094617238967,0.9933084660879103,1.9903211930504767
130,rust,add,insert,remove,0.9977304339408875,0.0001191997725982219,0.000665930041577667,0.9995216131210327,0.9970645038993098,-0.9994024133484345,0.9976112341682892,1.9964669172477443
147,rust,add,insert,remove,0.9926060438156128,0.00012998322199564427,0.0042781829833984375,0.9992541670799255,0.9883278608322144,-0.9991241838579299,0.9924760605936171,1.9874520446901442
148,rust,remove,delete,insert,0.993811845779419,0.00014820467913523316,0.0012505705235525966,0.9990565180778503,0.9925612752558663,-0.9989083133987151,0.9936636411002837,1.9914695886545815
164,rust,add,insert,remove,0.9893754720687866,0.00020724325440824032,0.0039449818432331085,0.9995152950286865,0.9854304902255535,-0.9993080517742783,0.9891682288143784,1.9847385419998318
170,rust,add,insert,remove,0.9649951457977295,0.00014569557970389724,0.01442080456763506,0.9994326233863831,0.9505743412300944,-0.9992869278066792,0.9648494502180256,1.9498612690367736
279,rust,add,insert,remove,0.7780730128288269,0.0007769344374537468,0.20023024082183838,0.9989750385284424,0.5778427720069885,-0.9981981040909886,0.7772960783913732,1.5760408760979772
289,rust,allow,permit,forbid,0.9849224090576172,0.002008545445278287,0.00464219693094492,0.9971209168434143,0.9802802121266723,-0.995112371398136,0.9829138636123389,1.9753925835248083
309,rust,add,insert,remove,0.9108337163925171,0.00064257433405146,0.04971092566847801,0.9987371563911438,0.8611227907240391,-0.9980945820570923,0.9101911420584656,1.8592173727811314
417,rust,add,insert,remove,0.9924198985099792,0.00023729936219751835,0.0024669745471328497,0.9980329871177673,0.9899529239628464,-0.9977956877555698,0.9921825991477817,1.9877486117184162
494,rust,include,contain,exclude,0.9945942759513855,0.0004780312883667648,0.0009877816773951054,0.998968243598938,0.9936064942739904,-0.9984902123105712,0.9941162446630187,1.9920967065845616
564,rust,add,insert,remove,0.9864820241928101,0.00014530349289998412,0.0042474535293877125,0.9992004036903381,0.9822345706634223,-0.9990551001974382,0.9863367206999101,1.9812896708608605
564,rust,created,built,destroyed,0.9698476195335388,9.175336890621111e-05,0.0071412986144423485,0.9992710947990417,0.9627063209190965,-0.9991793414301355,0.9697558661646326,1.961885662349232
601,rust,add,insert,remove,0.9836215376853943,0.00011891291796928272,0.010716322809457779,0.9989560842514038,0.9729052148759365,-0.9988371713334345,0.983502624767425,1.971742386209371
601,rust,create,build,destroy,0.9864881634712219,7.35509893274866e-05,0.0026943720877170563,0.9981951117515564,0.9837937913835049,-0.9981215607622289,0.9864146124818944,1.9819153521457338
629,rust,add,insert,remove,0.994561493396759,0.0008585130563005805,0.002974306233227253,0.9961932897567749,0.9915871871635318,-0.9953347767004743,0.9937029803404585,1.986921963864006
681,rust,allow,permit,forbid,0.9830159544944763,0.0010042786598205566,0.0012870521750301123,0.9969933032989502,0.9817289023194462,-0.9959890246391296,0.9820116758346558,1.9777179269585758
752,rust,remove,delete,insert,0.994641900062561,0.0003108247183263302,0.0009316216455772519,0.9990440011024475,0.9937102784169838,-0.9987331763841212,0.9943310753442347,1.992443454801105
781,rust,add,insert,remove,0.972244143486023,0.0001250017958227545,0.021206993609666824,0.9992528557777405,0.9510371498763561,-0.9991278539819177,0.9721191416902002,1.9501650038582738
853,rust,add,insert,remove,0.9765667915344238,0.0002311782882316038,0.0013961662771180272,0.9985693693161011,0.9751706252573058,-0.9983381910278695,0.9763356132461922,1.9735088162851753
853,rust,allow,permit,forbid,0.9918093085289001,0.0026312959380447865,0.0005937091773375869,0.9837237596511841,0.9912155993515626,-0.9810924637131393,0.9891780125908554,1.9723080630647019
921,rust,added,inserted,removed,0.9788793325424194,9.927207429427654e-05,0.005600356962531805,0.9986841082572937,0.9732789755798876,-0.9985848361829994,0.9787800604681252,1.971863811762887
928,rust,creating,building,destroying,0.9810237884521484,0.00015160409384407103,0.004541011992841959,0.9842214584350586,0.9764827764593065,-0.9840698543412145,0.9808721843583044,1.960552630800521
944,rust,disable,block,enable,0.9139347672462463,0.001146156806498766,0.051083408296108246,0.9981915354728699,0.8628513589501381,-0.9970453786663711,0.9127886104397476,1.8598967376165092
1101,rust,added,inserted,removed,0.8865063786506653,0.00012935861013829708,0.08796754479408264,0.9929674863815308,0.7985388338565826,-0.9928381277713925,0.886377020040527,1.791376961627975
1129,rust,add,insert,remove,0.9934477210044861,0.00019523670198395848,0.0016012215055525303,0.9988162517547607,0.9918464994989336,-0.9986210150527768,0.9932524843025021,1.9904675145517103
1173,rust,remove,delete,insert,0.9171702861785889,0.00016285135643556714,0.001830721041187644,0.998925507068634,0.9153395651374012,-0.9987626557121985,0.9170074348221533,1.9141022208495997
1207,rust,add,insert,remove,0.9724472165107727,0.00024890099302865565,0.012537611648440361,0.9983999133110046,0.9599096048623323,-0.998151012317976,0.972198315517744,1.9580606171803083
1210,rust,add,insert,remove,0.9934884309768677,0.00014241064491216093,0.0011376693146303296,0.9990091323852539,0.9923507616622373,-0.9988667217403417,0.9933460203319555,1.991217483402579
1236,rust,add,insert,remove,0.993179202079773,0.0001420461485395208,0.0012220104690641165,0.998583197593689,0.9919571916107088,-0.9984411514451494,0.9930371559312334,1.9903983430558583
1262,rust,enable,permit,disable,0.9916803240776062,0.0008037404040805995,0.0024179527536034584,0.9967131614685059,0.9892623713240027,-0.9959094210644253,0.9908765836735256,1.985171792388428
1275,rust,add,insert,remove,0.9928828477859497,0.00020516858785413206,0.0022296432871371508,0.9984978437423706,0.9906532044988126,-0.9982926751545165,0.9926776791980956,1.988945879653329
1310,rust,remove,delete,insert,0.9952765703201294,0.0002837505016941577,0.00035194470547139645,0.9978501796722412,0.994924625614658,-0.997566429170547,0.9949928198184352,1.992491054785205
1321,rust,add,insert,remove,0.9944475889205933,0.0001131463359342888,0.0009903315221890807,0.9993141889572144,0.9934572573984042,-0.9992010426212801,0.994334442584659,1.9926583000196842
1388,rust,add,insert,remove,0.9960342049598694,0.00015852383512537926,0.000534944876562804,0.9991063475608826,0.9954992600833066,-0.9989478237257572,0.995875681124744,1.9944470838090638
1449,rust,include,contain,exclude,0.9954540729522705,0.00018227015971206129,0.0011912337504327297,0.9995118379592896,0.9942628392018378,-0.9993295677995775,0.9952718027925584,1.9935924070014153
1461,rust,added,inserted,removed,0.996612012386322,0.00015430757775902748,0.0009076306596398354,0.9993602633476257,0.9957043817266822,-0.9992059557698667,0.996457704808563,1.994910337496549
1754,rust,create,build,destroy,0.9788737297058105,0.00011047880980186164,0.001659997971728444,0.9899045825004578,0.9772137317340821,-0.9897941036906559,0.9787632508960087,1.967007835424738
1783,rust,add,insert,remove,0.9882012009620667,0.0002065022854367271,0.003691775258630514,0.998134434223175,0.9845094257034361,-0.9979279319377383,0.9879946986766299,1.9824373576411745
1809,rust,create,build,destroy,0.9939694404602051,0.00022060259652789682,0.001151937060058117,0.9955009818077087,0.992817503400147,-0.9952803792111808,0.9937488378636772,1.9880978826113278
1821,rust,add,insert,remove,0.9830774664878845,0.0003608661936596036,0.007217826787382364,0.9978504180908203,0.9758596397005022,-0.9974895518971607,0.9827166002942249,1.9733491915976629
1834,rust,add,insert,remove,0.9738686084747314,0.00018965780327562243,0.004193906672298908,0.9986699819564819,0.9696747018024325,-0.9984803241532063,0.9736789506714558,1.9681550259556388
1919,rust,accept,take,reject,0.9914560914039612,0.00035826777457259595,0.00192092580255121,0.9987208247184753,0.98953516560141,-0.9983625569439027,0.9910978236293886,1.9878977225453127
2001,rust,starting,beginning,stopping,0.8439100980758667,0.0001404730573995039,0.023435726761817932,0.9965992569923401,0.8204743713140488,-0.9964587839349406,0.8437696250184672,1.8169331552489894
2044,rust,started,began,stopped,0.9833723902702332,0.0009890544461086392,0.0016964450478553772,0.994929850101471,0.9816759452223778,-0.9939407956553623,0.9823833358241245,1.97561674087774
2090,rust,add,insert,remove,0.9767541885375977,0.00019096059259027243,0.007040594704449177,0.998547375202179,0.9697135938331485,-0.9983564146095887,0.9765632279450074,1.9680700084427372
2166,rust,create,build,destroy,0.9835070371627808,0.0001633866340853274,0.0026377441827207804,0.9991294741630554,0.98086929298006,-0.9989660875289701,0.9833436505286954,1.97983538050903
2178,rust,include,contain,exclude,0.9944918155670166,0.00024057301925495267,0.0005942099960520864,0.9991441965103149,0.9938976055709645,-0.99890362349106,0.9942512425477616,1.9928012290620245
2212,rust,create,build,destroy,0.984411358833313,0.00016646779840812087,0.002246093237772584,0.9926255345344543,0.9821652655955404,-0.9924590667360462,0.9842448910349049,1.9746243323315866
2241,rust,add,insert,remove,0.9888668656349182,0.00018347967125009745,0.0033200497273355722,0.9989326596260071,0.9855468159075826,-0.998749179954757,0.9886833859636681,1.9842959958623396
2241,rust,added,inserted,removed,0.7487679719924927,0.0005304698715917766,0.21242932975292206,0.9938986301422119,0.5363386422395706,-0.9933681602706201,0.7482375021209009,1.5297068025101908
2256,rust,create,build,destroy,0.992085874080658,0.000260366388829425,0.0020846298430114985,0.9970433115959167,0.9900012442376465,-0.9967829452070873,0.9918255076918285,1.9867841894447338
2264,rust,add,insert,remove,0.9848508834838867,0.00016182439867407084,0.0035205937456339598,0.9983575940132141,0.9813302897382528,-0.99819576961454,0.9846890590852126,1.9795260593527928
2291,rust,allow,permit,forbid,0.9682715535163879,0.0006069561932235956,0.008182704448699951,0.9984723925590515,0.960088849067688,-0.9978654363658279,0.9676645973231643,1.957954285433516
2310,rust,create,build,destroy,0.9877581000328064,0.00016712830984033644,0.003386376891285181,0.9980812072753906,0.9843717231415212,-0.9979140789655503,0.9875909717229661,1.9822858021070715
2333,rust,increase,raise,decrease,0.9949461817741394,0.000545891874935478,0.0013640872202813625,0.9981093406677246,0.993582094553858,-0.9975634487927891,0.9944002898992039,1.9911455433466472
2376,rust,increase,raise,decrease,0.9974279999732971,0.00019509062985889614,0.0004283557354938239,0.9993823766708374,0.9969996442378033,-0.9991872860409785,0.9972329093434382,1.9961869302787818
2524,rust,allow,permit,forbid,0.9903241395950317,0.0002983183949254453,0.004382668994367123,0.9994472861289978,0.9859414706006646,-0.9991489677340724,0.9900258212001063,1.985090438334737
2734,rust,add,insert,remove,0.8275448679924011,8.135925600072369e-05,0.1604512333869934,0.9996401071548462,0.6670936346054077,-0.9995587478988455,0.8274635087364004,1.6666523825042532
2791,rust,remove,delete,insert,0.9910802245140076,0.00020233565010130405,0.0018609808757901192,0.9980670809745789,0.9892192436382174,-0.9978647453244776,0.9908778888639063,1.987083988962695
2795,rust,add,insert,remove,0.9942157864570618,0.0001358645095024258,0.0012106829090043902,0.9990200996398926,0.9930051035480574,-0.9988842351303902,0.9940799219475593,1.9918893386784475
2894,rust,creating,building,destroying,0.9690849781036377,0.00032773151178844273,0.007656415458768606,0.9861037135124207,0.9614285626448691,-0.9857759820006322,0.9687572465918493,1.9472045446455013
2951,rust,remove,delete,insert,0.991689920425415,0.0003044993500225246,0.0014021253446117043,0.9980594515800476,0.9902877950808033,-0.9977549522300251,0.9913854210753925,1.9880427473108284
2988,rust,create,build,destroy,0.979908287525177,0.0003994554572273046,0.003603086806833744,0.9969316720962524,0.9763052007183433,-0.9965322166390251,0.9795088320679497,1.9728374173573684
2997,rust,disabled,blocked,enabled,0.7290433645248413,0.043030764907598495,0.0052709756419062614,0.8074003458023071,0.723772388882935,-0.7643695808947086,0.6860125996172428,1.4881419697776437
3048,rust,add,insert,remove,0.9759593605995178,0.00024019318516366184,0.01755685918033123,0.9985584616661072,0.9584025014191866,-0.9983182684809435,0.9757191674143542,1.95672076990013
3048,rust,remove,delete,insert,0.994835615158081,0.00025073051801882684,0.0008131168433465064,0.9983277916908264,0.9940224983147345,-0.9980770611728076,0.9945848846400622,1.9920995594875421
3060,rust,allow,permit,forbid,0.9946000576019287,0.00022440380416810513,0.001363166724331677,0.9990629553794861,0.993236890877597,-0.998838551575318,0.9943756537977606,1.992075442452915
3100,rust,disable,block,enable,0.9682488441467285,0.0006749207968823612,0.002016453305259347,0.9951135516166687,0.9662323908414692,-0.9944386308197863,0.9675739233498462,1.9606710216612555
3182,rust,allow,permit,forbid,0.9934264421463013,0.00031265165307559073,0.0016904352232813835,0.9990127086639404,0.9917360069230199,-0.9987000570108648,0.9931137904932257,1.9904360639338847
3203,rust,enabled,permitted,disabled,0.9690371751785278,0.042207442224025726,0.009456736035645008,0.8293240666389465,0.9595804391428828,-0.7871166244149208,0.9268297329545021,1.7466970635578036
3273,rust,allow,permit,forbid,0.995369017124176,0.0004235158849041909,0.0011907287407666445,0.9987824559211731,0.9941782883834094,-0.9983589400362689,0.9949455012392718,1.9925372284196783
3322,rust,remove,delete,insert,0.9783537983894348,0.000725720776244998,0.00220843986608088,0.9971808195114136,0.9761453585233539,-0.9964550987351686,0.9776280776131898,1.9726004572585225
3390,rust,remove,delete,insert,0.9426619410514832,0.0003976701700594276,0.010294003412127495,0.9981447458267212,0.9323679376393557,-0.9977470756566618,0.9422642708814237,1.9301150132960174
3467,rust,enable,permit,disable,0.9694526791572571,0.0012530593667179346,0.015644710510969162,0.9974115490913391,0.9538079686462879,-0.9961584897246212,0.9681996197905391,1.949966458370909
3512,rust,creating,building,destroying,0.9803050756454468,0.005482083652168512,0.00966336764395237,0.8360742330551147,0.9706417080014944,-0.8305921494029462,0.9748229919932783,1.8012338574044406
3605,rust,add,insert,remove,0.9898815751075745,0.0001920637587318197,0.003384955460205674,0.9988284707069397,0.9864966196473688,-0.9986364069482079,0.9896895113488426,1.9851330265955767
3673,rust,start,begin,stop,0.9788898229598999,0.9678049087524414,0.002035114448517561,0.013032699003815651,0.9768547085113823,0.9547722097486258,0.011084914207458496,0.022082498762756586
3763,rust,add,insert,remove,0.9898377656936646,7.872877904446796e-05,0.0004073095042258501,0.9994614720344543,0.9894304561894387,-0.9993827432554099,0.9897590369146201,1.9888131994448486
3813,rust,add,insert,remove,0.9969263672828674,9.549708192935213e-05,0.0007918686023913324,0.999398946762085,0.9961344986804761,-0.9993034496801556,0.9968308702009381,1.9954379483606317
3822,rust,create,build,destroy,0.9836689829826355,0.00014454004121944308,0.0006485064513981342,0.9935997724533081,0.9830204765312374,-0.9934552324120887,0.983524442941416,1.976475708943326
3850,rust,add,insert,remove,0.9950533509254456,0.00023244385374709964,0.0019692033529281616,0.9985070824623108,0.9930841475725174,-0.9982746386085637,0.9948209070716985,1.991358786181081
3874,rust,add,insert,remove,0.971361517906189,0.00022363613243214786,0.009543567895889282,0.9988768696784973,0.9618179500102997,-0.9986532335460652,0.9711378817737568,1.9604711835563648
3950,rust,add,insert,remove,0.9862048029899597,0.00017019793449435383,0.005103887524455786,0.9987099170684814,0.9811009154655039,-0.9985397191339871,0.9860346050554654,1.979640634599491
3997,rust,adds,inserts,removes,0.8853157758712769,0.00012267642887309194,0.03144177421927452,0.999738872051239,0.8538740016520023,-0.9996161956223659,0.8851930994424038,1.8534901972743683
4000,rust,add,insert,remove,0.9916160702705383,0.00013004369975533336,0.0027633162681013346,0.9992939233779907,0.988852754002437,-0.9991638796782354,0.991486026570783,1.9880166336806724
4000,rust,creating,building,destroying,0.984356701374054,0.00016309383499901742,0.003849902655929327,0.9920418858528137,0.9805067987181246,-0.9918787920178147,0.9841936075390549,1.9723855907359393
4028,rust,add,insert,remove,0.9857661724090576,0.0001366510841762647,0.004230169579386711,0.9988611936569214,0.9815360028296709,-0.9987245425727451,0.9856295213248814,1.980260545402416
4209,rust,create,build,destroy,0.8695078492164612,9.884969767881557e-05,0.005541272461414337,0.9787488579750061,0.8639665767550468,-0.9786500082773273,0.8694089995187824,1.8426165850323741
4376,rust,add,insert,remove,0.986323893070221,0.0003675229090731591,0.00712236063554883,0.9977631568908691,0.9792015324346721,-0.997395633981796,0.9859563701611478,1.976597166416468
4376,rust,adding,inserting,removing,0.9626045823097229,0.00018199933401774615,0.010816270485520363,0.9993916749954224,0.9517883118242025,-0.9992096756614046,0.9624225829757052,1.9509979874856072
4376,rust,removing,deleting,inserting,0.8682162165641785,0.0010497152106836438,0.007591012865304947,0.9915967583656311,0.8606252036988735,-0.9905470431549475,0.8671665013534948,1.851172246853821
4405,rust,add,insert,remove,0.9948025941848755,0.00013019541802350432,0.001201795064844191,0.9989629983901978,0.9936007991200313,-0.9988328029721742,0.994672398766852,1.9924336020922055
4606,rust,add,insert,remove,0.9756837487220764,0.0006246755365282297,0.012124493718147278,0.9845054745674133,0.9635592550039291,-0.9838807990308851,0.9750590731855482,1.9474400540348142
4696,rust,add,insert,remove,0.9846122860908508,0.00015059659199323505,0.005939817521721125,0.9991223216056824,0.9786724685691297,-0.9989717250136891,0.9844616894988576,1.9776441935828188
4717,rust,show,display,hide,0.9663357734680176,0.00015450184582732618,0.005243054591119289,0.9986250400543213,0.9610927188768983,-0.998470538208494,0.9661812716221903,1.9595632570853923
4722,rust,add,insert,remove,0.9952933192253113,0.00013967718405183405,0.0010053658625110984,0.9992489218711853,0.9942879533628002,-0.9991092446871335,0.9951536420412594,1.9933971980499336
4727,rust,add,insert,remove,0.9936324954032898,0.00013401599426288158,0.0020861956290900707,0.9993027448654175,0.9915462997741997,-0.9991687288711546,0.9934984794090269,1.9907150286453543
4749,rust,add,insert,remove,0.9699547290802002,0.00027849155594594777,0.006735051516443491,0.9991355538368225,0.9632196775637567,-0.9988570622808766,0.9696762375242542,1.9620767398446333
4749,rust,create,build,destroy,0.9771205186843872,0.00010771596862468868,0.0007155852508731186,0.9989099502563477,0.9764049334335141,-0.998802234287723,0.9770128027157625,1.975207167721237
4758,rust,add,insert,remove,0.9869000315666199,0.0002915322547778487,0.003696585539728403,0.9978498220443726,0.9832034460268915,-0.9975582897895947,0.986608499311842,1.9807617358164862
4773,rust,add,insert,remove,0.9902997016906738,0.00015309854643419385,0.001654675928875804,0.9991191029548645,0.988645025761798,-0.9989660044084303,0.9901466031442396,1.9876110301702283
4774,rust,add,insert,remove,0.9940087795257568,0.0001528888096800074,0.0012938169529661536,0.9990652203559875,0.9927149625727907,-0.9989123315463075,0.9938558907160768,1.9916272941190982
4775,rust,add,insert,remove,0.992957353591919,0.00018092371465172619,0.0021127292420715094,0.9992891550064087,0.9908446243498474,-0.999108231291757,0.9927764298772672,1.9899528556416044
4776,rust,add,insert,remove,0.9931061863899231,0.00017862941604107618,0.0010838420130312443,0.9990994930267334,0.9920223443768919,-0.9989208636106923,0.992927556973882,1.9909432079875842
4783,rust,add,insert,remove,0.993445634841919,0.00020994750957470387,0.001732914592139423,0.9992103576660156,0.9917127202497795,-0.9990004101564409,0.9932356873323442,1.9907131304062204
4784,rust,add,insert,remove,0.9950690269470215,0.0001615851797396317,0.0011062638368457556,0.9992870688438416,0.9939627631101757,-0.9991254836641019,0.9949074417672819,1.9930882467742776
4795,rust,allow,permit,forbid,0.9953545331954956,0.00042179698357358575,0.0007220532279461622,0.9976596832275391,0.9946324799675494,-0.9972378862439655,0.994932736211922,1.991870366211515
4799,rust,add,insert,remove,0.9937213659286499,0.00022002043260727078,0.001177399419248104,0.9981791973114014,0.9925439665094018,-0.9979591768787941,0.9935013454960426,1.990503143388196
4808,rust,add,insert,remove,0.9943116903305054,0.00014893813931848854,0.0010375053388997912,0.9988960027694702,0.9932741849916056,-0.9987470646301517,0.9941627521911869,1.9920212496217573
4811,rust,add,insert,remove,0.9750568270683289,0.00017107976600527763,0.012171786278486252,0.9978519678115845,0.9628850407898426,-0.9976808880455792,0.9748857473023236,1.9605659288354218
4816,rust,add,insert,remove,0.9963957667350769,0.0001940498623298481,0.0007066787220537663,0.9989136457443237,0.9956890880130231,-0.9987195958819939,0.9962017168727471,1.994408683895017
4825,rust,add,insert,remove,0.9943976402282715,0.00014333767467178404,0.0007039102492853999,0.9991612434387207,0.9936937299789861,-0.9990179057640489,0.9942543025535997,1.992711635743035
4838,rust,allow,permit,forbid,0.9931899905204773,0.00041276009869761765,0.001887003076262772,0.9987543821334839,0.9913029874442145,-0.9983416220347863,0.9927772304217797,1.9896446094790008
4863,rust,allow,permit,forbid,0.9937453269958496,0.0005939294351264834,0.0023758728057146072,0.997931718826294,0.991369454190135,-0.9973377893911675,0.9931513975607231,1.9887072435813025
4874,rust,add,insert,remove,0.9943289160728455,0.00022915779845789075,0.001159636420197785,0.9989896416664124,0.9931692796526477,-0.9987604838679545,0.9940997582743876,1.9919297635206021
4874,rust,create,build,destroy,0.987223744392395,0.0001368646917399019,0.0029886167030781507,0.9954319000244141,0.9842351276893169,-0.9952950353326742,0.9870868797006551,1.979530163021991
4882,rust,add,insert,remove,0.9828099012374878,0.00016603514086455107,0.004311644937843084,0.9992695450782776,0.9784982562996447,-0.999103509937413,0.9826438660966232,1.9776017662370577
4897,rust,add,insert,remove,0.988792359828949,0.00010952392040053383,0.001820018165744841,0.9991982579231262,0.9869723416632041,-0.9990887340027257,0.9886828359085484,1.9860610756659298
4901,rust,allow,permit,forbid,0.9548187851905823,0.002309500938281417,0.006070985924452543,0.9941532015800476,0.9487477992661297,-0.9918437006417662,0.9525092842523009,1.940591499907896
4918,rust,add,insert,remove,0.9937133193016052,0.00018399533291812986,0.0009571191039867699,0.9993079900741577,0.9927562001976185,-0.9991239947412396,0.9935293239686871,1.991880194938858
4924,rust,add,insert,remove,0.9873707294464111,0.00015010983042884618,0.002018040046095848,0.9989674091339111,0.9853526894003153,-0.9988172993034823,0.9872206196159823,1.9841699887037976
4933,rust,add,insert,remove,0.9958245754241943,0.00018047206685878336,0.0005360798095352948,0.9990215301513672,0.995288495614659,-0.9988410580845084,0.9956441033573356,1.9941295536991674
4937,rust,start,begin,stop,0.9243624806404114,0.0005268260138109326,0.015879647806286812,0.9918414354324341,0.9084828328341246,-0.9913146094186231,0.9238356546266004,1.8997974422527477
4939,rust,start,begin,stop,0.9855359196662903,0.013153503648936749,0.000852397468406707,0.8314360976219177,0.9846835221978836,-0.818282593972981,0.9723824160173535,1.8029661161708646
4939,rust,include,contain,exclude,0.9958546757698059,0.0002914648794103414,0.0004918686463497579,0.9987892508506775,0.9953628071234562,-0.9984977859712671,0.9955632108903956,1.9938605930947233
4951,rust,add,insert,remove,0.9953469634056091,0.00022030409309081733,0.0014789269771426916,0.9986981153488159,0.9938680364284664,-0.9984778112557251,0.9951266593125183,1.9923458476841915
4954,rust,add,insert,remove,0.9926596283912659,0.00013558899809140712,0.0009533243719488382,0.9991987347602844,0.991706304019317,-0.999063145762193,0.9925240393931745,1.99076944978151
4960,rust,add,insert,remove,0.9940892457962036,0.00026049124426208436,0.0013964003883302212,0.9990904331207275,0.9926928454078734,-0.9988299418764655,0.9938287545519415,1.9915227872843388
4960,rust,create,build,destroy,0.9778611063957214,0.00035373587161302567,0.005740758031606674,0.9828776121139526,0.9721203483641148,-0.9825238762423396,0.9775073705241084,1.9546442246064544
4981,rust,allow,permit,forbid,0.9965664148330688,0.00017362287326250225,0.001113191363401711,0.9995229244232178,0.9954532234696671,-0.9993493015499553,0.9963927919598063,1.9948025250196224
4991,rust,add,insert,remove,0.9666133522987366,0.0002733755100052804,0.003485884517431259,0.9992840886116028,0.9631274677813053,-0.9990107131015975,0.9663399767887313,1.9621381808829028
4991,rust,opens,unlocks,closes,0.9563142657279968,0.001752344542182982,0.004103770013898611,0.9963513612747192,0.9522104957140982,-0.9945990167325363,0.9545619211858138,1.9468095124466345
5024,rust,allow,permit,forbid,0.994624674320221,0.0013861238257959485,0.0015867832116782665,0.9959379434585571,0.9930378911085427,-0.9945518196327612,0.993238550494425,1.9875897107413039
5035,rust,add,insert,remove,0.9944350719451904,0.0002747257240116596,0.0007302765152417123,0.9988583326339722,0.9937047954299487,-0.9985836069099605,0.9941603462211788,1.9922884023399092
5051,rust,add,insert,remove,0.9769903421401978,0.00022617154172621667,0.014548799023032188,0.9986502528190613,0.9624415431171656,-0.9984240812773351,0.9767641705984715,1.9608656243945006
5059,rust,add,insert,remove,0.9953536987304688,9.53316266532056e-05,0.0014109000330790877,0.9995406866073608,0.9939427986973897,-0.9994453549807076,0.9952583671038155,1.9933881536780973
5062,rust,add,insert,remove,0.9821555018424988,0.00018608769460115582,0.006043660920113325,0.9991772770881653,0.9761118409223855,-0.9989911893935641,0.9819694141478976,1.9751030303159496
5076,rust,add,insert,remove,0.919482409954071,0.0002585566253401339,0.06131146848201752,0.9982886910438538,0.8581709414720535,-0.9980301344185136,0.9192238533287309,1.8562010758905672
5083,rust,add,insert,remove,0.9941184520721436,0.0002425232232781127,0.0013690602499991655,0.9984622001647949,0.9927493918221444,-0.9982196769415168,0.9938759288488654,1.9909690687636612
5084,rust,add,insert,remove,0.9918155074119568,0.00024315410701092333,0.0013153492473065853,0.9961169958114624,0.9905001581646502,-0.9958738417044515,0.9915723533049459,1.9863739998691017
5093,rust,add,insert,remove,0.9936696887016296,0.0001550208544358611,0.0007484866073355079,0.9992057681083679,0.9929212020942941,-0.9990507472539321,0.9935146678471938,1.9919719493482262
5102,rust,add,insert,remove,0.4872075617313385,0.00022084814554546028,0.4885247051715851,0.9980681538581848,-0.001317143440246582,-0.9978473057126394,0.48698671358579304,0.9965301622723928
5133,rust,add,insert,remove,0.9891161322593689,0.0001625838631298393,0.003156979102641344,0.9989961981773376,0.9859591531567276,-0.9988336143142078,0.9889535483962391,1.9847927674709354
5135,rust,add,insert,remove,0.9865947961807251,0.00016396571299992502,0.004326349124312401,0.9990615248680115,0.9822684470564127,-0.9988975591550115,0.9864308304677252,1.9811660062114242
5201,rust,add,insert,remove,0.3916151523590088,0.009045664221048355,0.5183626413345337,0.7954193949699402,-0.1267474889755249,-0.7863737307488918,0.38256948813796043,0.6596262417733669
5205,rust,add,insert,remove,0.986721396446228,0.00013885916268918663,0.0021501490846276283,0.999147891998291,0.9845712473616004,-0.9990090328356018,0.9865825372835388,1.9835802801972022
5236,rust,add,insert,remove,0.992021918296814,0.00018033385276794434,0.001218818943016231,0.9990602135658264,0.9908030993537977,-0.9988798797130585,0.991841584444046,1.9896829790668562
5236,rust,enable,permit,disable,0.9965351819992065,0.0007798949955031276,0.0005397929926402867,0.9910233020782471,0.9959953890065663,-0.9902434070827439,0.9957552870037034,1.9862387960893102
5269,rust,add,insert,remove,0.9863666892051697,0.00020302628399804235,0.0012994591379538178,0.9992042183876038,0.9850672300672159,-0.9990011921036057,0.9861636629211716,1.9840684221708216
5299,rust,removed,deleted,inserted,0.9949270486831665,0.0003546245861798525,0.0015751011669635773,0.9991807341575623,0.9933519475162029,-0.9988261095713824,0.9945724240969867,1.9921780570875853
5301,rust,add,insert,remove,0.9876356720924377,0.0003089313686359674,0.0011456648353487253,0.9935173988342285,0.986490007257089,-0.9932084674655925,0.9873267407238018,1.9796984747226816
5303,rust,allow,permit,forbid,0.9922234416007996,0.0008360420470125973,0.0021785979624837637,0.9979544878005981,0.9900448436383158,-0.9971184457535855,0.991387399553787,1.9871632893919013
5349,rust,add,insert,remove,0.9740312099456787,0.0001455112942494452,0.016874603927135468,0.9994229078292847,0.9571566060185432,-0.9992773965350352,0.9738856986514293,1.9564340025535785
5354,rust,enable,permit,disable,0.9802890419960022,0.00020998793479520828,0.001948527991771698,0.9994122982025146,0.9783405140042305,-0.9992023102677194,0.980079054061207,1.97754282427195
5367,rust,start,begin,stop,0.7646680474281311,0.0007199623505584896,0.02712186984717846,0.9943021535873413,0.7375461775809526,-0.9935821912367828,0.7639480850775726,1.7311283688177355
5400,rust,add,insert,remove,0.9799567461013794,0.00013916351599618793,0.002994984621182084,0.9989590644836426,0.9769617614801973,-0.9988199009676464,0.9798175825853832,1.9757816624478437
5423,rust,add,insert,remove,0.9888644218444824,0.00016536255134269595,0.004288871306926012,0.9991588592529297,0.9845755505375564,-0.998993496701587,0.9886990592931397,1.9835690472391434
5424,rust,add,insert,remove,0.9808502793312073,0.0002728317631408572,0.008921541273593903,0.9992547631263733,0.9719287380576134,-0.9989819313632324,0.9805774475680664,1.9709106694208458
5456,rust,add,insert,remove,0.8630737066268921,7.671061757719144e-05,0.11906369775533676,0.9996101260185242,0.7440100088715553,-0.999533415400947,0.8629969960093149,1.7435434242725023
5462,rust,allow,permit,forbid,0.9959483742713928,0.07243314385414124,0.0016212995396927,0.9215456247329712,0.9943270747317001,-0.84911248087883,0.9235152304172516,1.84343955561053
5501,rust,add,insert,remove,0.3836122155189514,0.00023999634140636772,0.591179370880127,0.99776291847229,-0.20756715536117554,-0.9975229221308837,0.38337221917754505,0.7899557667697081
5502,rust,add,insert,remove,0.9924132227897644,0.00021040308638475835,0.0020488763693720102,0.9987891316413879,0.9903643464203924,-0.9985787285550032,0.9922028197033796,1.9889430749753956
5569,rust,remove,delete,insert,0.9753546714782715,0.0013976192567497492,0.006184236146509647,0.9702650308609009,0.9691704353317618,-0.9688674116041511,0.9739570522215217,1.938037846935913
5593,rust,add,insert,remove,0.860497772693634,0.00016954743477981538,0.09359638392925262,0.9985430240631104,0.7669013887643814,-0.9983734766283305,0.8603282252588542,1.765274865392712
5593,rust,accepting,taking,rejecting,0.9606427550315857,0.00045263534411787987,0.00652755843475461,0.9966928958892822,0.9541151965968311,-0.9962402605451643,0.9601901196874678,1.9503554571419954
5618,rust,add,insert,remove,0.9787918329238892,0.00010909129196079448,0.0034579397179186344,0.9992038607597351,0.9753338932059705,-0.9990947694677743,0.9786827416319284,1.9744286626737448
5622,rust,add,insert,remove,0.9890958666801453,0.0001413083082297817,0.0017977635143324733,0.9992338418960571,0.9872981031658128,-0.9990925335878273,0.9889545583719155,1.9863906367536401
5670,rust,accept,take,reject,0.1157945916056633,0.00861231330782175,0.31543412804603577,0.7939556837081909,-0.19963953644037247,-0.7853433704003692,0.10718227829784155,0.5857038339599967
5704,rust,add,insert,remove,0.9919180274009705,0.0002044365683104843,0.0016847919905558228,0.9989979863166809,0.9902332354104146,-0.9987935497483704,0.99171359083266,1.989026785158785
5704,rust,starting,beginning,stopping,0.9866163730621338,0.0016546242404729128,0.0007796345162205398,0.9509562849998474,0.9858367385459132,-0.9493016607593745,0.9849617488216609,1.9351383993052877
5836,rust,add,insert,remove,0.99293452501297,0.0005487049929797649,0.0018022353760898113,0.9965258240699768,0.9911322896368802,-0.995977119076997,0.9923858200199902,1.9871094087138772
5836,rust,disable,block,enable,0.9770605564117432,0.0014186784392222762,0.003877833019942045,0.9861992597579956,0.9731827233918011,-0.9847805813187733,0.9756418779725209,1.9579633047105744
5935,rust,added,inserted,removed,0.9956443309783936,0.0001393791608279571,0.0011687105288729072,0.9993007183074951,0.9944756204495206,-0.9991613391466672,0.9955049518175656,1.9936369595961878
5954,rust,increase,raise,decrease,0.9842026233673096,0.0004115296760573983,0.0016878555761650205,0.9936867356300354,0.9825147677911445,-0.993275205953978,0.9837910936912522,1.9757899737451226
5986,rust,add,insert,remove,0.9786116480827332,0.000629749265499413,0.004971714690327644,0.9980266690254211,0.9736399333924055,-0.9973969197599217,0.9779818988172337,1.9710368531523272
5991,rust,add,insert,remove,0.9600555300712585,0.002360627055168152,0.0035988022573292255,0.9958783388137817,0.9564567278139293,-0.9935177117586136,0.9576949030160904,1.949974439572543
6081,rust,add,insert,remove,0.9859574437141418,0.00013644018326885998,0.0011205455521121621,0.999477207660675,0.9848368981620297,-0.9993407674774062,0.985821003530873,1.9841776656394359
6125,rust,hiding,covering,showing,0.8591212034225464,0.0017777010798454285,0.12184391915798187,0.9967764019966125,0.7372772842645645,-0.9949987009167671,0.857343502342701,1.7322759851813316
6203,rust,creating,building,destroying,0.9628021121025085,0.0012657077750191092,0.013384455814957619,0.9675382375717163,0.9494176562875509,-0.9662725297966972,0.9615364043274894,1.9156901860842481
6221,rust,add,insert,remove,0.9736933708190918,0.0003497127036098391,0.004974727984517813,0.9989651441574097,0.968718642834574,-0.9986154314537998,0.973343658115482,1.9673340742883738
6282,rust,added,inserted,removed,0.9953129291534424,0.0001200706756208092,0.0018693421734496951,0.9994322657585144,0.9934435869799927,-0.9993121950828936,0.9951928584778216,1.9927557820628863
6315,rust,add,insert,remove,0.9872937202453613,0.0001914275053422898,0.003341189818456769,0.9982072114944458,0.9839525304269046,-0.9980157839891035,0.987102292740019,1.981968314416008
6342,rust,add,insert,remove,0.9951449036598206,0.00012519706797320396,0.0007083978853188455,0.9993563294410706,0.9944365057745017,-0.9992311323730974,0.9950197065918474,1.993667638147599
6359,rust,allow,permit,forbid,0.9471160769462585,0.0006189014529809356,0.009348453022539616,0.9988020658493042,0.9377676239237189,-0.9981831643963233,0.9464971754932776,1.9359507883200422
6380,rust,added,inserted,removed,0.997122585773468,0.00015081235324032605,0.0009389150072820485,0.9994351267814636,0.996183670766186,-0.9992843144282233,0.9969717734202277,1.9954679851944093
6402,rust,add,insert,remove,0.9547343254089355,0.00014947920863050967,0.032898399978876114,0.9988059997558594,0.9218359254300594,-0.9986565205472289,0.954584846200305,1.9204924459772883
6427,rust,added,inserted,removed,0.9938244819641113,7.2345974331256e-05,0.003450089832767844,0.9995433688163757,0.9903743921313435,-0.9994710228420445,0.9937521359897801,1.989845414973388
6569,rust,add,insert,remove,0.9870145320892334,0.00021187635138630867,0.005773275624960661,0.9984116554260254,0.9812412564642727,-0.9981997790746391,0.9868026557378471,1.9794410355389118
6591,rust,add,insert,remove,0.9895490407943726,7.560714584542438e-05,0.0016263012075796723,0.9996767044067383,0.9879227395867929,-0.9996010972608929,0.9894734336485271,1.9875238368476857
6591,rust,adding,inserting,removing,0.8762925863265991,8.978562254924327e-05,0.055047836154699326,0.9978450536727905,0.8212447501718998,-0.9977552680502413,0.8762028007040499,1.819000018222141
6595,rust,allow,permit,forbid,0.9928038716316223,0.025248859077692032,0.0012423079460859299,0.9734833240509033,0.9915615636855364,-0.9482344649732113,0.9675550125539303,1.9397960286587477
6652,rust,added,inserted,removed,0.3902634084224701,0.0013155316701158881,0.5233355760574341,0.9975587129592896,-0.133072167634964,-0.9962431812891737,0.3889478767523542,0.8631710136542097
6652,rust,remove,delete,insert,0.645470380783081,0.009896545670926571,0.04117823392152786,0.9826022386550903,0.6042921468615532,-0.9727056929841638,0.6355738351121545,1.576997839845717
6792,rust,add,insert,remove,0.9807091951370239,8.896720828488469e-05,0.01104483287781477,0.999607264995575,0.9696643622592092,-0.9995182977872901,0.980620227928739,1.9691826600464992
7588,rust,add,insert,remove,0.9547843933105469,0.00019266582967247814,0.03445259481668472,0.9989921450614929,0.9203317984938622,-0.9987994792318204,0.9545917274808744,1.9191312777256826
7600,rust,add,insert,remove,0.977695882320404,0.00017704676429275423,0.01015515811741352,0.9989615678787231,0.9675407242029905,-0.9987845211144304,0.9775188355561113,1.966325245317421
7624,rust,add,insert,remove,0.990007758140564,0.00017824521637521684,0.0023644911125302315,0.9988320469856262,0.9876432670280337,-0.998653801769251,0.9898295129241887,1.9862970687972847
7676,rust,add,insert,remove,0.9887492656707764,0.0001740007719490677,0.004391840659081936,0.9988099336624146,0.9843574250116944,-0.9986359328904655,0.9885752648988273,1.98299335790216
7676,rust,disabled,blocked,enabled,0.8139674067497253,0.009568573907017708,0.008769495412707329,0.810581386089325,0.805197911337018,-0.8010128121823072,0.8043988328427076,1.6062107235193253
7127,rust,add,insert,remove,0.9929444193840027,0.0002023746055783704,0.0003487271605990827,0.99953293800354,0.9925956922234036,-0.9993305633979617,0.9927420447784243,1.9919262556213653
7194,rust,add,insert,remove,0.36174023151397705,0.0001317325804848224,0.6205799579620361,0.999198853969574,-0.2588397264480591,-0.9990671213890892,0.36160849893349223,0.7402273949410301
7215,rust,allowing,permitting,forbidding,0.9388238787651062,0.0001096907290047966,0.006001390516757965,0.9991552829742432,0.9328224882483482,-0.9990455922452384,0.9387141880361014,1.9318680804935866
7299,rust,add,insert,remove,0.9334894418716431,0.00010294235835317522,0.0014676146674901247,0.9996737241744995,0.9320218272041529,-0.9995707818161463,0.9333864995132899,1.9315926090202993
7331,rust,add,insert,remove,0.2597086727619171,0.00012330070603638887,0.7293296456336975,0.9995619654655457,-0.4696209728717804,-0.9994386647595093,0.2595853720558807,0.5298176918877289
7387,rust,add,insert,remove,0.22517777979373932,0.00013927732652518898,0.762797474861145,0.9993947744369507,-0.5376196950674057,-0.9992554971104255,0.22503850246721413,0.4616358020430198
7588,rust,add,insert,remove,0.9547843933105469,0.00019266582967247814,0.03445259481668472,0.9989921450614929,0.9203317984938622,-0.9987994792318204,0.9545917274808744,1.9191312777256826
7624,rust,add,insert,remove,0.990007758140564,0.00017824521637521684,0.0023644911125302315,0.9988320469856262,0.9876432670280337,-0.998653801769251,0.9898295129241887,1.9862970687972847
7676,rust,add,insert,remove,0.9887492656707764,0.0001740007719490677,0.004391840659081936,0.9988099336624146,0.9843574250116944,-0.9986359328904655,0.9885752648988273,1.98299335790216
7676,rust,disabled,blocked,enabled,0.8139674067497253,0.009568573907017708,0.008769495412707329,0.810581386089325,0.805197911337018,-0.8010128121823072,0.8043988328427076,1.6062107235193253
7799,rust,allow,permit,forbid,0.995428204536438,0.0006577621679753065,0.0010487723629921675,0.9981446266174316,0.9943794321734458,-0.9974868644494563,0.9947704423684627,1.9918662966229022
7831,rust,allow,permit,forbid,0.8847775459289551,0.00017593445954844356,0.015967674553394318,0.9994022846221924,0.8688098713755608,-0.9992263501626439,0.8846016114694066,1.8680362215382047
7910,rust,add,insert,remove,0.9945204854011536,0.00020255688286852092,0.0012246728874742985,0.9991459846496582,0.9932958125136793,-0.9989434277667897,0.994317928518285,1.992239240280469
8031,rust,enable,permit,disable,0.9879648685455322,0.0007212721975520253,0.0020831956062465906,0.9964726567268372,0.9858816729392856,-0.9957513845292851,0.9872435963479802,1.9816330574685708
8043,rust,allow,permit,forbid,0.9685184955596924,0.0004993117763660848,0.015428837388753891,0.9975670576095581,0.9530896581709385,-0.997067745833192,0.9680191837833263,1.9501574040041305
