diff_id,language,anchor,synonym,antonym,gold_word_count,bertscore_syn,bertscore_ant,bertscore_delta
227,cpp,allow,permit,forbid,8,0.9770374298095703,0.9701982736587524,0.006839156150817871
634,cpp,add,insert,remove,13,0.9780001640319824,0.991047739982605,-0.013047575950622559
932,cpp,add,insert,remove,15,0.9907633662223816,0.9923343658447266,-0.0015709996223449707
932,cpp,disable,block,enable,15,0.9711527824401855,0.9889732003211975,-0.017820417881011963
932,cpp,create,build,destroy,15,0.9898890852928162,0.9885751008987427,0.0013139843940734863
1558,cpp,adding,inserting,removing,6,0.9778829216957092,0.9842069745063782,-0.006324052810668945
2427,cpp,added,inserted,removed,13,0.9895493388175964,0.9889020323753357,0.0006473064422607422
2909,cpp,remove,delete,insert,10,0.9966058731079102,0.9911864995956421,0.005419373512268066
3149,cpp,added,inserted,removed,13,0.9845797419548035,0.9941663146018982,-0.009586572647094727
4054,cpp,add,insert,remove,7,0.9828082323074341,0.9858106374740601,-0.0030024051666259766
4103,cpp,adds,inserts,removes,7,0.9741830229759216,0.9699894189834595,0.004193603992462158
4442,cpp,add,insert,remove,7,0.982280433177948,0.9877349138259888,-0.0054544806480407715
4496,cpp,added,inserted,removed,13,0.9846858382225037,0.9848127365112305,-0.00012689828872680664
4496,cpp,allow,permit,forbid,13,0.9864614009857178,0.9841867685317993,0.002274632453918457
5010,cpp,remove,delete,insert,8,0.9882617592811584,0.9856048822402954,0.002656877040863037
5208,cpp,include,contain,exclude,7,0.986674964427948,0.9926109910011292,-0.005936026573181152
5697,cpp,add,insert,remove,10,0.9881476163864136,0.991061270236969,-0.00291365385055542
5709,cpp,remove,delete,insert,7,0.984499454498291,0.9679782390594482,0.016521215438842773
5709,cpp,includes,contains,excludes,7,0.985564112663269,0.9814124703407288,0.004151642322540283
5971,cpp,added,inserted,removed,9,0.9888756275177002,0.9944906234741211,-0.0056149959564208984
6312,cpp,disable,block,enable,6,0.9834100008010864,0.9965205788612366,-0.013110578060150146
6449,cpp,add,insert,remove,6,0.9944229125976562,0.9911700487136841,0.003252863883972168
6547,cpp,add,insert,remove,10,0.9900738000869751,0.9936603307723999,-0.0035865306854248047
7572,cpp,adding,inserting,removing,14,0.9907708764076233,0.9803825616836548,0.010388314723968506
7590,cpp,adding,inserting,removing,11,0.9866851568222046,0.9830202460289001,0.0036649107933044434
8146,cpp,allow,permit,forbid,10,0.9829487204551697,0.9581628441810608,0.024785876274108887
8313,cpp,start,begin,stop,23,0.9878404140472412,0.9890924096107483,-0.00125199556350708
8542,cpp,removed,deleted,inserted,7,0.9900767803192139,0.9784188270568848,0.011657953262329102
8543,cpp,add,insert,remove,13,0.9926761984825134,0.9881645441055298,0.004511654376983643
8543,cpp,remove,delete,insert,13,0.990840494632721,0.9893004894256592,0.0015400052070617676
8735,cpp,add,insert,remove,9,0.9929347038269043,0.9943052530288696,-0.001370549201965332
8875,cpp,allow,permit,forbid,13,0.9614306688308716,0.966951847076416,-0.005521178245544434
9568,cpp,add,insert,remove,9,0.9836985468864441,0.9850531816482544,-0.0013546347618103027
10309,cpp,remove,delete,insert,9,0.9879345893859863,0.9877244234085083,0.00021016597747802734
10309,cpp,allow,permit,forbid,9,0.9929316639900208,0.9872235059738159,0.005708158016204834
10504,cpp,allow,permit,forbid,14,0.9918668270111084,0.9790444374084473,0.012822389602661133
11034,cpp,add,insert,remove,9,0.9515826106071472,0.9498752951622009,0.001707315444946289
11174,cpp,started,began,stopped,13,0.996935248374939,0.9911503791809082,0.005784869194030762
11339,cpp,add,insert,remove,5,0.983077883720398,0.9912300705909729,-0.008152186870574951
12096,cpp,remove,delete,insert,13,0.9961790442466736,0.9879834651947021,0.008195579051971436
12097,cpp,add,insert,remove,6,0.9766246676445007,0.9841135740280151,-0.007488906383514404
12116,cpp,remove,delete,insert,7,0.9871573448181152,0.9708601832389832,0.01629716157913208
12116,cpp,include,contain,exclude,7,0.9816663265228271,0.9796873331069946,0.0019789934158325195
12213,cpp,add,insert,remove,8,0.9795069694519043,0.9731332063674927,0.006373763084411621
12345,cpp,add,insert,remove,11,0.9852672815322876,0.993465006351471,-0.00819772481918335
12518,cpp,disable,block,enable,9,0.984012246131897,0.9961616396903992,-0.012149393558502197
13200,cpp,add,insert,remove,6,0.9761036038398743,0.9868980646133423,-0.010794460773468018
13296,cpp,add,insert,remove,9,0.9760400056838989,0.9783927202224731,-0.0023527145385742188
13516,cpp,show,display,hide,8,0.9891126155853271,0.9834933280944824,0.0056192874908447266
14126,cpp,adds,inserts,removes,22,0.9883038401603699,0.9885493516921997,-0.000245511531829834
14436,cpp,added,inserted,removed,9,0.9846217632293701,0.9936538934707642,-0.009032130241394043
14515,cpp,remove,delete,insert,11,0.9928933382034302,0.9885913133621216,0.004302024841308594
14946,cpp,add,insert,remove,8,0.9807603359222412,0.98810875415802,-0.007348418235778809
15525,cpp,add,insert,remove,8,0.9844056367874146,0.9848709106445312,-0.0004652738571166992
15899,cpp,create,build,destroy,18,0.9886918067932129,0.9902036786079407,-0.0015118718147277832
16836,cpp,added,inserted,removed,21,0.9926817417144775,0.9961928129196167,-0.00351107120513916
17076,cpp,adds,inserts,removes,10,0.9087433815002441,0.9592993855476379,-0.0505560040473938
17174,cpp,added,inserted,removed,11,0.9807884693145752,0.9793334007263184,0.001455068588256836
17525,cpp,show,display,hide,12,0.9945646524429321,0.9875059127807617,0.00705873966217041
17954,cpp,add,insert,remove,7,0.9851140975952148,0.9851819276809692,-6.783008575439453e-05
18064,cpp,removing,deleting,inserting,8,0.9738240242004395,0.9839770793914795,-0.010153055191040039
18200,cpp,add,insert,remove,8,0.9721069931983948,0.9802988171577454,-0.008191823959350586
18904,cpp,removing,deleting,inserting,12,0.9964017868041992,0.991057813167572,0.005343973636627197
19017,cpp,remove,delete,insert,14,0.9911031126976013,0.9847127199172974,0.006390392780303955
20346,cpp,added,inserted,removed,8,0.9886510968208313,0.9868298768997192,0.0018212199211120605
20349,cpp,increase,raise,decrease,7,0.9739447832107544,0.9892117381095886,-0.015266954898834229
20800,cpp,remove,delete,insert,6,0.9938415288925171,0.9787116646766663,0.01512986421585083
20812,cpp,created,built,destroyed,6,0.9899450540542603,0.9744851589202881,0.015459895133972168
20958,cpp,create,build,destroy,8,0.9726815819740295,0.9577847719192505,0.014896810054779053
21282,cpp,allow,permit,forbid,9,0.983293890953064,0.9665663838386536,0.0167275071144104
21431,cpp,remove,delete,insert,8,0.9887028932571411,0.9870378375053406,0.0016650557518005371
21556,cpp,show,display,hide,13,0.9961338639259338,0.987433671951294,0.008700191974639893
21571,cpp,remove,delete,insert,6,0.9942073822021484,0.9785405397415161,0.015666842460632324
21832,cpp,allow,permit,forbid,18,0.9895963072776794,0.9804190993309021,0.009177207946777344
22303,cpp,add,insert,remove,21,0.9925463199615479,0.9955037832260132,-0.002957463264465332
22666,cpp,disable,block,enable,11,0.9718554019927979,0.9909762144088745,-0.01912081241607666
22746,cpp,add,insert,remove,10,0.9850621223449707,0.9906243085861206,-0.005562186241149902
22746,cpp,open,unlock,close,10,0.9852544069290161,0.9885770082473755,-0.003322601318359375
23048,cpp,allow,permit,forbid,17,0.9965572953224182,0.9783674478530884,0.018189847469329834
24219,cpp,show,display,hide,20,0.9947168231010437,0.9948558807373047,-0.00013905763626098633
24483,cpp,added,inserted,removed,8,0.9943082332611084,0.996968150138855,-0.002659916877746582
24989,cpp,includes,contains,excludes,16,0.9954596757888794,0.9940234422683716,0.0014362335205078125
25202,cpp,added,inserted,removed,12,0.9795394539833069,0.9906447529792786,-0.01110529899597168
25263,cpp,increase,raise,decrease,9,0.99016934633255,0.990432620048523,-0.0002632737159729004
25366,cpp,added,inserted,removed,8,0.9801772236824036,0.9867520928382874,-0.006574869155883789
25527,cpp,increased,raised,decreased,6,0.9769760370254517,0.9766011238098145,0.00037491321563720703
26005,cpp,opening,unlocking,closing,8,0.9783636927604675,0.9865655303001404,-0.008201837539672852
26407,cpp,add,insert,remove,28,0.9932068586349487,0.9889684915542603,0.0042383670806884766
26407,cpp,disable,block,enable,28,0.9922506809234619,0.9948223829269409,-0.002571702003479004
26479,cpp,show,display,hide,11,0.9944578409194946,0.9927586913108826,0.0016991496086120605
26977,cpp,allow,permit,forbid,13,0.9932327270507812,0.9900745153427124,0.0031582117080688477
27525,cpp,adding,inserting,removing,11,0.979576587677002,0.9780020713806152,0.0015745162963867188
27671,cpp,adding,inserting,removing,18,0.9881255626678467,0.9850286245346069,0.003096938133239746
27872,cpp,added,inserted,removed,10,0.9840191602706909,0.9945353269577026,-0.010516166687011719
28246,cpp,remove,delete,insert,8,0.9946683645248413,0.9797159433364868,0.014952421188354492
28525,cpp,add,insert,remove,6,0.9787031412124634,0.9873689413070679,-0.008665800094604492
28635,cpp,disabled,blocked,enabled,6,0.9925782680511475,0.9864872097969055,0.006091058254241943
28981,cpp,disable,block,enable,8,0.9874029755592346,0.9974234104156494,-0.010020434856414795
29129,cpp,adding,inserting,removing,8,0.9520005583763123,0.9493458271026611,0.002654731273651123
29182,cpp,remove,delete,insert,7,0.9953446388244629,0.9904599189758301,0.0048847198486328125
29517,cpp,added,inserted,removed,7,0.9856955409049988,0.9890162944793701,-0.003320753574371338
29670,cpp,add,insert,remove,6,0.9860290288925171,0.9873476028442383,-0.0013185739517211914
29745,cpp,add,insert,remove,14,0.9908217191696167,0.9883929491043091,0.002428770065307617
29776,cpp,show,display,hide,17,0.9953354001045227,0.9900141954421997,0.005321204662322998
30426,cpp,allow,permit,forbid,12,0.9885292053222656,0.9878522753715515,0.0006769299507141113
30778,cpp,added,inserted,removed,10,0.9891801476478577,0.9947210550308228,-0.005540907382965088
31182,cpp,add,insert,remove,13,0.9904930591583252,0.9925564527511597,-0.0020633935928344727
31840,cpp,added,inserted,removed,7,0.987994909286499,0.9935125708580017,-0.0055176615715026855
32361,cpp,add,insert,remove,12,0.9965805411338806,0.995410680770874,0.0011698603630065918
32780,cpp,enable,permit,disable,8,0.98152095079422,0.9914839267730713,-0.009962975978851318
32882,cpp,show,display,hide,14,0.9969735741615295,0.9936819076538086,0.0032916665077209473
33018,cpp,added,inserted,removed,6,0.9555425643920898,0.9783638715744019,-0.02282130718231201
33295,cpp,opened,unlocked,closed,12,0.9970483183860779,0.9757385849952698,0.021309733390808105
33995,cpp,add,insert,remove,17,0.9916518926620483,0.9906290769577026,0.0010228157043457031
34036,cpp,allow,permit,forbid,10,0.9847499132156372,0.96417635679245,0.020573556423187256
34036,cpp,open,unlock,close,10,0.9327581524848938,0.9410176873207092,-0.00825953483581543
34070,cpp,add,insert,remove,13,0.9913885593414307,0.9936688542366028,-0.002280294895172119
34438,cpp,added,inserted,removed,24,0.9943596720695496,0.994394063949585,-3.439188003540039e-05
34510,cpp,add,insert,remove,9,0.9470620155334473,0.9817615747451782,-0.03469955921173096
34804,cpp,remove,delete,insert,7,0.9952419996261597,0.9863046407699585,0.008937358856201172
35088,cpp,adds,inserts,removes,21,0.9914238452911377,0.9911239147186279,0.0002999305725097656
35191,cpp,add,insert,remove,5,0.9850187301635742,0.9901948571205139,-0.005176126956939697
35254,cpp,add,insert,remove,9,0.9899843335151672,0.990867018699646,-0.0008826851844787598
35623,cpp,creating,building,destroying,12,0.9870045781135559,0.9837746024131775,0.003229975700378418
35838,cpp,increase,raise,decrease,7,0.9561402201652527,0.977270245552063,-0.021130025386810303
36179,cpp,enable,permit,disable,16,0.9861065745353699,0.994648277759552,-0.008541703224182129
36293,cpp,allow,permit,forbid,7,0.9892778992652893,0.9789510369300842,0.010326862335205078
36401,cpp,added,inserted,removed,6,0.978606641292572,0.9901793003082275,-0.011572659015655518
37000,cpp,add,insert,remove,9,0.9952102899551392,0.9933359026908875,0.001874387264251709
37143,cpp,add,insert,remove,12,0.994019627571106,0.9861724972724915,0.007847130298614502
38037,cpp,enable,permit,disable,10,0.983555018901825,0.9921711683273315,-0.008616149425506592
38968,cpp,adding,inserting,removing,23,0.9819386005401611,0.9901121854782104,-0.008173584938049316
39004,cpp,added,inserted,removed,15,0.9844890236854553,0.9865303635597229,-0.002041339874267578
39097,cpp,allow,permit,forbid,11,0.9834467768669128,0.9776113629341125,0.005835413932800293
39271,cpp,added,inserted,removed,10,0.9827600121498108,0.9924697875976562,-0.009709775447845459
39316,cpp,enable,permit,disable,13,0.9713810086250305,0.9905067682266235,-0.019125759601593018
39418,cpp,remove,delete,insert,15,0.9967200756072998,0.9923316240310669,0.00438845157623291
39650,cpp,enabling,permitting,disabling,11,0.983284592628479,0.9939279556274414,-0.010643362998962402
39650,cpp,allow,permit,forbid,11,0.984011173248291,0.9790953993797302,0.004915773868560791
40254,cpp,enabled,permitted,disabled,17,0.9799699783325195,0.9900071620941162,-0.01003718376159668
40593,cpp,added,inserted,removed,7,0.9789895415306091,0.9858223795890808,-0.00683283805847168
41009,cpp,add,insert,remove,9,0.9892756342887878,0.988610029220581,0.0006656050682067871
41009,cpp,allow,permit,forbid,9,0.9768721461296082,0.9764941930770874,0.00037795305252075195
41128,cpp,create,build,destroy,12,0.9910283088684082,0.9902355074882507,0.0007928013801574707
41230,cpp,add,insert,remove,10,0.9846662878990173,0.9833403825759888,0.0013259053230285645
41304,cpp,open,unlock,close,11,0.9485034346580505,0.9709117412567139,-0.02240830659866333
41553,cpp,remove,delete,insert,6,0.9910190105438232,0.9864517450332642,0.004567265510559082
41830,cpp,remove,delete,insert,9,0.9914227724075317,0.985622763633728,0.005800008773803711
41861,cpp,added,inserted,removed,7,0.9778744578361511,0.9767337441444397,0.0011407136917114258
41968,cpp,add,insert,remove,11,0.9790729880332947,0.974270224571228,0.00480276346206665
42105,cpp,added,inserted,removed,12,0.9850900769233704,0.9869288206100464,-0.0018387436866760254
42263,cpp,remove,delete,insert,6,0.9874321222305298,0.9742203950881958,0.013211727142333984
42979,cpp,disable,block,enable,7,0.9890413284301758,0.9947446584701538,-0.005703330039978027
43447,cpp,remove,delete,insert,10,0.9965200424194336,0.984312117099762,0.01220792531967163
43531,cpp,allow,permit,forbid,11,0.988368809223175,0.9800097942352295,0.008359014987945557
43561,cpp,add,insert,remove,16,0.9911680221557617,0.993537425994873,-0.002369403839111328
43570,cpp,show,display,hide,31,0.9990026950836182,0.9962160587310791,0.0027866363525390625
43597,cpp,enabled,permitted,disabled,42,0.9893369078636169,0.9946047067642212,-0.005267798900604248
43650,cpp,add,insert,remove,7,0.9774366021156311,0.9786003828048706,-0.001163780689239502
44334,cpp,including,containing,excluding,6,0.9922596216201782,0.9916844367980957,0.0005751848220825195
44635,cpp,enabled,permitted,disabled,11,0.9781146049499512,0.9963104128837585,-0.018195807933807373
44875,cpp,add,insert,remove,22,0.9876688718795776,0.9908946752548218,-0.0032258033752441406
281,cs,add,insert,remove,10,0.9652975797653198,0.9807669520378113,-0.015469372272491455
281,cs,show,display,hide,10,0.9744656085968018,0.9838491082191467,-0.00938349962234497
354,cs,adding,inserting,removing,14,0.9896776676177979,0.9854147434234619,0.0042629241943359375
427,cs,added,inserted,removed,10,0.980449378490448,0.988410472869873,-0.007961094379425049
461,cs,add,insert,remove,14,0.9881767630577087,0.9901059865951538,-0.0019292235374450684
884,cs,add,insert,remove,10,0.9923213720321655,0.9923669695854187,-4.559755325317383e-05
1012,cs,add,insert,remove,11,0.9707431793212891,0.9860422015190125,-0.015299022197723389
1012,cs,removed,deleted,inserted,11,0.986379086971283,0.9736796021461487,0.012699484825134277
1332,cs,adding,inserting,removing,16,0.9885997772216797,0.9838224053382874,0.004777371883392334
1332,cs,enable,permit,disable,16,0.9860843420028687,0.9864209294319153,-0.00033658742904663086
2034,cs,add,insert,remove,16,0.9926384687423706,0.9952107667922974,-0.002572298049926758
2656,cs,creating,building,destroying,11,0.9936920404434204,0.9889180064201355,0.004774034023284912
2747,cs,remove,delete,insert,9,0.9822924733161926,0.9854924082756042,-0.003199934959411621
4034,cs,added,inserted,removed,12,0.9885762333869934,0.9928454756736755,-0.004269242286682129
4252,cs,add,insert,remove,15,0.9797879457473755,0.9886795878410339,-0.008891642093658447
5020,cs,add,insert,remove,13,0.9829248189926147,0.9903018474578857,-0.007377028465270996
5431,cs,include,contain,exclude,9,0.9856759905815125,0.9879633188247681,-0.0022873282432556152
5857,cs,add,insert,remove,18,0.9889094233512878,0.9929540753364563,-0.004044651985168457
6208,cs,add,insert,remove,21,0.9851300120353699,0.987028956413269,-0.00189894437789917
7248,cs,add,insert,remove,11,0.9803124070167542,0.9902549982070923,-0.009942591190338135
7766,cs,add,insert,remove,9,0.9938846826553345,0.9947553873062134,-0.0008707046508789062
8050,cs,remove,delete,insert,11,0.9899264574050903,0.9833502769470215,0.006576180458068848
8262,cs,added,inserted,removed,10,0.9796179533004761,0.9926341772079468,-0.013016223907470703
8374,cs,added,inserted,removed,9,0.9869900941848755,0.9957302808761597,-0.00874018669128418
8735,cs,add,insert,remove,11,0.9809291362762451,0.9809462428092957,-1.710653305053711e-05
8878,cs,allow,permit,forbid,10,0.9904261827468872,0.9814615845680237,0.008964598178863525
9927,cs,add,insert,remove,12,0.9915128946304321,0.993036687374115,-0.0015237927436828613
10601,cs,added,inserted,removed,11,0.9871618151664734,0.9926760196685791,-0.005514204502105713
10601,cs,open,unlock,close,11,0.9709163904190063,0.9737332463264465,-0.0028168559074401855
11254,cs,added,inserted,removed,10,0.9846868515014648,0.9946194291114807,-0.00993257761001587
11402,cs,added,inserted,removed,9,0.9800925254821777,0.9866434335708618,-0.006550908088684082
11402,cs,allowed,permitted,forbade,9,0.9948636889457703,0.9774179458618164,0.017445743083953857
11411,cs,add,insert,remove,9,0.9932684302330017,0.9905044436454773,0.002763986587524414
11883,cs,added,inserted,removed,14,0.9881315231323242,0.9938350319862366,-0.0057035088539123535
11990,cs,added,inserted,removed,22,0.9774618148803711,0.9815548062324524,-0.004092991352081299
12597,cs,creating,building,destroying,10,0.983906626701355,0.975972056388855,0.0079345703125
12622,cs,added,inserted,removed,17,0.9917778968811035,0.994179904460907,-0.002402007579803467
12708,cs,add,insert,remove,12,0.990095317363739,0.9886807203292847,0.0014145970344543457
12749,cs,add,insert,remove,11,0.9786562919616699,0.9916752576828003,-0.013018965721130371
15362,cs,add,insert,remove,15,0.9958256483078003,0.993747353553772,0.0020782947540283203
16048,cs,add,insert,remove,11,0.9906187057495117,0.982354998588562,0.008263707160949707
16048,cs,remove,delete,insert,11,0.9937814474105835,0.9878198504447937,0.005961596965789795
16117,cs,added,inserted,removed,12,0.9727464914321899,0.9878013134002686,-0.015054821968078613
16341,cs,added,inserted,removed,11,0.9803729057312012,0.9820879101753235,-0.0017150044441223145
16341,cs,allows,permits,forbids,11,0.9944807291030884,0.9882763624191284,0.006204366683959961
16366,cs,create,build,destroy,13,0.9892509579658508,0.9877651929855347,0.0014857649803161621
16542,cs,added,inserted,removed,19,0.9827383160591125,0.9892584085464478,-0.006520092487335205
16542,cs,open,unlock,close,19,0.9846389889717102,0.9930214881896973,-0.00838249921798706
17126,cs,add,insert,remove,9,0.9923456907272339,0.9923034310340881,4.225969314575195e-05
17339,cs,removed,deleted,inserted,20,0.9895710945129395,0.9815682768821716,0.008002817630767822
17461,cs,add,insert,remove,9,0.9860597252845764,0.9920550584793091,-0.005995333194732666
18093,cs,adding,inserting,removing,12,0.992274284362793,0.9911341667175293,0.0011401176452636719
18370,cs,added,inserted,removed,11,0.9852395057678223,0.9905263185501099,-0.005286812782287598
18514,cs,adding,inserting,removing,14,0.9890214800834656,0.9877005815505981,0.0013208985328674316
18609,cs,disable,block,enable,13,0.989457368850708,0.9968706965446472,-0.007413327693939209
19565,cs,added,inserted,removed,12,0.9888051748275757,0.9936324954032898,-0.004827320575714111
20882,cs,added,inserted,removed,11,0.9812976717948914,0.989372730255127,-0.008075058460235596
21208,cs,added,inserted,removed,17,0.9798711538314819,0.9946350455284119,-0.014763891696929932
21208,cs,allow,permit,forbid,17,0.9833626747131348,0.9838075637817383,-0.0004448890686035156
21342,cs,remove,delete,insert,10,0.9937920570373535,0.9792088866233826,0.014583170413970947
21655,cs,remove,delete,insert,9,0.9954408407211304,0.9841306209564209,0.011310219764709473
23109,cs,allow,permit,forbid,10,0.9886081218719482,0.9688650369644165,0.01974308490753174
23216,cs,add,insert,remove,10,0.9926149249076843,0.9918798208236694,0.0007351040840148926
23725,cs,add,insert,remove,12,0.9823513627052307,0.9694562554359436,0.01289510726928711
23725,cs,showing,displaying,hiding,12,0.9663697481155396,0.9634081125259399,0.0029616355895996094
25140,cs,add,insert,remove,16,0.9921988844871521,0.9940125942230225,-0.0018137097358703613
25609,cs,added,inserted,removed,15,0.9662257432937622,0.9799009561538696,-0.013675212860107422
25682,cs,added,inserted,removed,13,0.9838995337486267,0.9934935569763184,-0.00959402322769165
26021,cs,remove,delete,insert,9,0.9958508014678955,0.9883129596710205,0.007537841796875
26269,cs,remove,delete,insert,9,0.9952371120452881,0.9871397018432617,0.008097410202026367
26329,cs,added,inserted,removed,12,0.9894530773162842,0.9938467144966125,-0.004393637180328369
26473,cs,creating,building,destroying,14,0.9959514141082764,0.9897311925888062,0.006220221519470215
26624,cs,added,inserted,removed,16,0.9971510171890259,0.9968873262405396,0.0002636909484863281
26624,cs,remove,delete,insert,16,0.9985721111297607,0.9954929351806641,0.0030791759490966797
26739,cs,add,insert,remove,12,0.9843119978904724,0.9788678288459778,0.005444169044494629
26739,cs,removing,deleting,inserting,12,0.9950406551361084,0.9907894134521484,0.004251241683959961
27284,cs,add,insert,remove,9,0.9814060926437378,0.9886304140090942,-0.007224321365356445
27306,cs,allow,permit,forbid,16,0.9886319041252136,0.9829992651939392,0.005632638931274414
27469,cs,add,insert,remove,10,0.9867231845855713,0.9942314624786377,-0.007508277893066406
27649,cs,add,insert,remove,12,0.993412971496582,0.994279146194458,-0.0008661746978759766
27882,cs,add,insert,remove,11,0.9833383560180664,0.9903058409690857,-0.006967484951019287
27924,cs,remove,delete,insert,11,0.9929941296577454,0.9883697032928467,0.004624426364898682
28473,cs,disable,block,enable,12,0.9840949773788452,0.9972609281539917,-0.013165950775146484
28513,cs,added,inserted,removed,9,0.9861747026443481,0.9934747219085693,-0.007300019264221191
28520,cs,removed,deleted,inserted,10,0.9877896904945374,0.9813152551651001,0.006474435329437256
28544,cs,add,insert,remove,13,0.98004150390625,0.9853166341781616,-0.005275130271911621
28601,cs,add,insert,remove,10,0.9914153814315796,0.9936121702194214,-0.002196788787841797
28817,cs,add,insert,remove,11,0.990477442741394,0.9876679182052612,0.0028095245361328125
29189,cs,remove,delete,insert,23,0.9954657554626465,0.9891220927238464,0.006343662738800049
29766,cs,creating,building,destroying,10,0.984088122844696,0.9617030024528503,0.022385120391845703
30017,cs,add,insert,remove,9,0.9947779774665833,0.9957348704338074,-0.0009568929672241211
30271,cs,adding,inserting,removing,9,0.9901515245437622,0.9875470399856567,0.0026044845581054688
30289,cs,added,inserted,removed,9,0.9825279712677002,0.9912706613540649,-0.008742690086364746
31754,cs,added,inserted,removed,15,0.9833438396453857,0.992607831954956,-0.009263992309570312
32313,cs,add,insert,remove,12,0.9908674359321594,0.9927965998649597,-0.001929163932800293
33223,cs,start,begin,stop,11,0.9513750076293945,0.9820373058319092,-0.03066229820251465
33226,cs,add,insert,remove,12,0.9956429600715637,0.9938324093818665,0.0018105506896972656
33272,cs,add,insert,remove,14,0.9947996735572815,0.9934455156326294,0.0013541579246520996
33366,cs,disable,block,enable,15,0.9925210475921631,0.9981913566589355,-0.005670309066772461
33371,cs,add,insert,remove,10,0.9945312142372131,0.9968209266662598,-0.002289712429046631
33559,cs,added,inserted,removed,9,0.9793578386306763,0.978610634803772,0.0007472038269042969
33579,cs,add,insert,remove,19,0.993471622467041,0.9933344721794128,0.00013715028762817383
34124,cs,adding,inserting,removing,11,0.9893128275871277,0.987928032875061,0.0013847947120666504
34620,cs,added,inserted,removed,14,0.9882906675338745,0.9951657056808472,-0.006875038146972656
34620,cs,allow,permit,forbid,14,0.9962196350097656,0.9844551682472229,0.011764466762542725
35217,cs,added,inserted,removed,17,0.986687421798706,0.9897320866584778,-0.0030446648597717285
35393,cs,added,inserted,removed,11,0.9861774444580078,0.993112325668335,-0.0069348812103271484
36074,cs,added,inserted,removed,10,0.9774827361106873,0.9921760559082031,-0.01469331979751587
36324,cs,added,inserted,removed,23,0.989440381526947,0.9960881471633911,-0.006647765636444092
36324,cs,allow,permit,forbid,23,0.9935769438743591,0.9877649545669556,0.0058119893074035645
36569,cs,enable,permit,disable,12,0.9815492630004883,0.9928192496299744,-0.011269986629486084
36795,cs,disable,block,enable,9,0.9864175319671631,0.9927403926849365,-0.0063228607177734375
36959,cs,add,insert,remove,13,0.9786970615386963,0.9863989353179932,-0.007701873779296875
37055,cs,added,inserted,removed,14,0.986341655254364,0.9949796199798584,-0.008637964725494385
37908,cs,remove,delete,insert,15,0.9970168471336365,0.990094006061554,0.0069228410720825195
38242,cs,enable,permit,disable,14,0.9864842295646667,0.9970648884773254,-0.010580658912658691
38892,cs,remove,delete,insert,11,0.9947643280029297,0.9803591370582581,0.01440519094467163
39450,cs,added,inserted,removed,13,0.985841691493988,0.9921830296516418,-0.006341338157653809
39648,cs,accept,take,reject,19,0.98519366979599,0.9810914397239685,0.004102230072021484
204,cs,allow,permit,forbid,13,0.9868136644363403,0.9759359955787659,0.010877668857574463
520,cs,added,inserted,removed,7,0.9771754145622253,0.9878831505775452,-0.010707736015319824
1400,cs,add,insert,remove,11,0.9887412190437317,0.9899002313613892,-0.0011590123176574707
1638,cs,start,begin,stop,7,0.9712074398994446,0.9634166359901428,0.007790803909301758
2387,cs,removed,deleted,inserted,13,0.988084077835083,0.9794098138809204,0.008674263954162598
2730,cs,added,inserted,removed,11,0.9871008396148682,0.9939988851547241,-0.006898045539855957
3351,cs,create,build,destroy,7,0.9885450005531311,0.984161376953125,0.0043836236000061035
3572,cs,opening,unlocking,closing,12,0.9834129810333252,0.9882835745811462,-0.004870593547821045
4419,cs,allow,permit,forbid,11,0.9878343343734741,0.9798697233200073,0.007964611053466797
5153,cs,added,inserted,removed,10,0.9832596182823181,0.9911403656005859,-0.007880747318267822
5425,cs,added,inserted,removed,7,0.9655023813247681,0.9834235906600952,-0.01792120933532715
6928,cs,added,inserted,removed,13,0.9861190915107727,0.9938750863075256,-0.00775599479675293
9077,cs,opening,unlocking,closing,10,0.9861088395118713,0.989978551864624,-0.0038697123527526855
9077,cs,created,built,destroyed,10,0.9892606139183044,0.9859874844551086,0.0032731294631958008
10393,cs,allow,permit,forbid,15,0.995728611946106,0.9750226140022278,0.020705997943878174
10877,cs,add,insert,remove,11,0.9836504459381104,0.9918173551559448,-0.008166909217834473
10877,cs,creating,building,destroying,11,0.994290828704834,0.9865137338638306,0.007777094841003418
11130,cs,add,insert,remove,7,0.984184980392456,0.9884679317474365,-0.004282951354980469
11832,cs,allow,permit,forbid,9,0.9649414420127869,0.9548178315162659,0.010123610496520996
12962,cs,add,insert,remove,6,0.9820648431777954,0.9885485768318176,-0.006483733654022217
13006,cs,add,insert,remove,13,0.9932547807693481,0.993040144443512,0.00021463632583618164
13245,cs,add,insert,remove,13,0.9941719770431519,0.9915850162506104,0.002586960792541504
13546,cs,disable,block,enable,9,0.9916892051696777,0.9938628673553467,-0.0021736621856689453
17934,cs,add,insert,remove,13,0.9843521118164062,0.983388364315033,0.000963747501373291
20966,cs,started,began,stopped,7,0.9860655069351196,0.9831656813621521,0.0028998255729675293
28092,cs,remove,delete,insert,9,0.9743807911872864,0.9816731214523315,-0.007292330265045166
29058,cs,added,inserted,removed,9,0.9741137027740479,0.9932619333267212,-0.01914823055267334
32030,cs,hide,cover,show,6,0.964525580406189,0.9785076379776001,-0.013982057571411133
33765,cs,allow,permit,forbid,7,0.9887999296188354,0.9672350883483887,0.021564841270446777
38648,cs,added,inserted,removed,9,0.9754514098167419,0.987379252910614,-0.01192784309387207
39734,cs,enable,permit,disable,11,0.9624261856079102,0.9853909015655518,-0.0229647159576416
41252,cs,added,inserted,removed,6,0.9720445871353149,0.9871722459793091,-0.01512765884399414
41252,cs,disable,block,enable,6,0.9597079157829285,0.9945498704910278,-0.034841954708099365
41479,cs,added,inserted,removed,11,0.9814125299453735,0.9845762252807617,-0.0031636953353881836
42344,cs,add,insert,remove,9,0.9899347424507141,0.991469144821167,-0.0015344023704528809
42959,cs,added,inserted,removed,11,0.9834917187690735,0.9924569725990295,-0.008965253829956055
43406,cs,add,insert,remove,18,0.9951722621917725,0.9931910037994385,0.0019812583923339844
44858,cs,adding,inserting,removing,9,0.9693408608436584,0.9616831541061401,0.0076577067375183105
845,cs,added,inserted,removed,13,0.9889952540397644,0.9933943152427673,-0.00439906120300293
973,cs,allow,permit,forbid,8,0.9832343459129333,0.9647629261016846,0.01847141981124878
1435,cs,added,inserted,removed,16,0.9938410520553589,0.9958431720733643,-0.002002120018005371
1646,cs,add,insert,remove,8,0.9868531227111816,0.9924872517585754,-0.005634129047393799
3910,cs,add,insert,remove,9,0.9926965832710266,0.9921168088912964,0.0005797743797302246
4052,cs,add,insert,remove,7,0.9800541400909424,0.9831312894821167,-0.0030771493911743164
4655,cs,allow,permit,forbid,10,0.9719932675361633,0.9699093699455261,0.002083897590637207
4655,cs,accepted,took,rejected,10,0.9725531935691833,0.9768497347831726,-0.004296541213989258
4918,cs,add,insert,remove,7,0.9939140677452087,0.994675874710083,-0.0007618069648742676
6317,cs,add,insert,remove,6,0.9902381896972656,0.9886014461517334,0.0016367435455322266
7660,cs,disable,block,enable,7,0.9756617546081543,0.9952065944671631,-0.01954483985900879
8372,cs,add,insert,remove,8,0.9916998147964478,0.9916356801986694,6.413459777832031e-05
9588,cs,included,contained,excluded,12,0.9852308034896851,0.9848171472549438,0.00041365623474121094
10237,cs,allow,permit,forbid,7,0.9847656488418579,0.9635966420173645,0.021169006824493408
11590,cs,add,insert,remove,11,0.9904153347015381,0.9881666898727417,0.0022486448287963867
11590,cs,added,inserted,removed,11,0.9828134775161743,0.9846770167350769,-0.0018635392189025879
11605,cs,add,insert,remove,5,0.9817035794258118,0.984636127948761,-0.0029325485229492188
13107,cs,add,insert,remove,10,0.9839629530906677,0.9853276610374451,-0.0013647079467773438
13377,cs,add,insert,remove,6,0.953349769115448,0.9751091003417969,-0.021759331226348877
14121,cs,increase,raise,decrease,6,0.984805703163147,0.9902799725532532,-0.005474269390106201
15072,cs,allow,permit,forbid,8,0.9863961338996887,0.9774526953697205,0.008943438529968262
16256,cs,enable,permit,disable,21,0.9778557419776917,0.9933526515960693,-0.015496909618377686
17366,cs,add,insert,remove,7,0.9874500036239624,0.9885193109512329,-0.0010693073272705078
18507,cs,added,inserted,removed,8,0.9883472323417664,0.9934216737747192,-0.005074441432952881
18952,cs,add,insert,remove,8,0.9889520406723022,0.9936745762825012,-0.004722535610198975
19073,cs,add,insert,remove,5,0.9719018936157227,0.9788881540298462,-0.006986260414123535
19372,cs,added,inserted,removed,7,0.9629102945327759,0.9866867661476135,-0.023776471614837646
19453,cs,add,insert,remove,7,0.9821968674659729,0.9814422726631165,0.0007545948028564453
19528,cs,adding,inserting,removing,8,0.9880843162536621,0.9863472580909729,0.001737058162689209
20910,cs,show,display,hide,10,0.9942390322685242,0.9909900426864624,0.0032489895820617676
20920,cs,remove,delete,insert,11,0.985612154006958,0.9659081697463989,0.019703984260559082
20980,cs,adding,inserting,removing,6,0.9633908271789551,0.9587284326553345,0.0046623945236206055
21388,cs,added,inserted,removed,6,0.9624333381652832,0.9895055294036865,-0.02707219123840332
21472,cs,add,insert,remove,7,0.9954772591590881,0.9945309162139893,0.000946342945098877
22393,cs,add,insert,remove,7,0.9877268671989441,0.9881565570831299,-0.000429689884185791
24079,cs,open,unlock,close,7,0.9484557509422302,0.9783137440681458,-0.029857993125915527
25399,cs,add,insert,remove,6,0.9454198479652405,0.9834376573562622,-0.03801780939102173
26638,cs,added,inserted,removed,7,0.9774301648139954,0.989012598991394,-0.011582434177398682
26638,cs,disable,block,enable,7,0.9717327952384949,0.9905178546905518,-0.018785059452056885
27508,cs,add,insert,remove,9,0.9835507869720459,0.9828603863716125,0.0006904006004333496
28269,cs,add,insert,remove,9,0.9928542971611023,0.9905516505241394,0.0023026466369628906
29071,cs,allow,permit,forbid,6,0.9804589152336121,0.9730809926986694,0.007377922534942627
29412,cs,allow,permit,forbid,8,0.9702504277229309,0.9510349035263062,0.019215524196624756
29859,cs,added,inserted,removed,8,0.980756938457489,0.9940637946128845,-0.013306856155395508
46,go,remove,delete,insert,7,0.9829741716384888,0.9876721501350403,-0.004697978496551514
77,go,add,insert,remove,7,0.9845767617225647,0.9921274185180664,-0.007550656795501709
94,go,remove,delete,insert,6,0.986516535282135,0.9803332090377808,0.006183326244354248
151,go,show,display,hide,43,0.9966763257980347,0.9946538805961609,0.0020224452018737793
162,go,add,insert,remove,6,0.9750341176986694,0.9867188930511475,-0.011684775352478027
316,go,removed,deleted,inserted,33,0.9986749887466431,0.9932105541229248,0.005464434623718262
316,go,start,begin,stop,33,0.9897279143333435,0.9967677593231201,-0.007039844989776611
398,go,remove,delete,insert,9,0.9922708868980408,0.9897512197494507,0.002519667148590088
431,go,add,insert,remove,6,0.9730159640312195,0.9868931770324707,-0.01387721300125122
502,go,show,display,hide,24,0.9948462247848511,0.9940344095230103,0.0008118152618408203
513,go,add,insert,remove,34,0.9962694048881531,0.9967976212501526,-0.0005282163619995117
524,go,start,begin,stop,27,0.9983385801315308,0.9941796064376831,0.004158973693847656
538,go,showing,displaying,hiding,32,0.9983859062194824,0.9944788813591003,0.00390702486038208
605,go,added,inserted,removed,31,0.9929215908050537,0.9933187365531921,-0.00039714574813842773
605,go,included,contained,excluded,31,0.9974972009658813,0.994943380355835,0.0025538206100463867
679,go,allow,permit,forbid,7,0.9423692226409912,0.9243083000183105,0.018060922622680664
715,go,add,insert,remove,7,0.949465274810791,0.9855111837387085,-0.03604590892791748
729,go,add,insert,remove,13,0.988637387752533,0.9840468764305115,0.004590511322021484
749,go,add,insert,remove,11,0.9939777851104736,0.9943029880523682,-0.00032520294189453125
814,go,enable,permit,disable,5,0.965995728969574,0.9903779029846191,-0.024382174015045166
857,go,allows,permits,forbids,18,0.9979444742202759,0.9912172555923462,0.0067272186279296875
875,go,include,contain,exclude,6,0.9572856426239014,0.9671791195869446,-0.009893476963043213
906,go,add,insert,remove,8,0.9805538654327393,0.9805836081504822,-2.9742717742919922e-05
913,go,create,build,destroy,32,0.9983679056167603,0.9956200122833252,0.0027478933334350586
975,go,add,insert,remove,12,0.9847862720489502,0.9927181005477905,-0.007931828498840332
975,go,disable,block,enable,12,0.9697952270507812,0.9914377927780151,-0.021642565727233887
978,go,add,insert,remove,6,0.9801141023635864,0.9871202111244202,-0.00700610876083374
1046,go,allow,permit,forbid,45,0.9983957409858704,0.9938533902168274,0.004542350769042969
1120,go,open,unlock,close,9,0.968960702419281,0.9847859144210815,-0.015825212001800537
1163,go,add,insert,remove,9,0.9889189600944519,0.9919827580451965,-0.003063797950744629
1166,go,start,begin,stop,30,0.9942545890808105,0.9929119348526001,0.0013426542282104492
1176,go,adding,inserting,removing,7,0.9825645089149475,0.9837865829467773,-0.001222074031829834
1177,go,adding,inserting,removing,16,0.9904292225837708,0.9924401640892029,-0.002010941505432129
1183,go,adding,inserting,removing,6,0.9756203889846802,0.9775598645210266,-0.0019394755363464355
1188,go,adding,inserting,removing,33,0.9972944259643555,0.9951446056365967,0.002149820327758789
1188,go,shows,displays,hides,33,0.9991732835769653,0.9959911108016968,0.0031821727752685547
1210,go,start,begin,stop,21,0.9987119436264038,0.9944134950637817,0.00429844856262207
1228,go,allow,permit,forbid,12,0.978043258190155,0.970477283000946,0.007565975189208984
1254,go,adding,inserting,removing,9,0.9689159393310547,0.9610151648521423,0.007900774478912354
1258,go,remove,delete,insert,15,0.9941089153289795,0.9885900020599365,0.005518913269042969
1268,go,add,insert,remove,21,0.997417688369751,0.9965980052947998,0.0008196830749511719
1274,go,add,insert,remove,9,0.9935384392738342,0.9941467642784119,-0.0006083250045776367
1280,go,adding,inserting,removing,31,0.9889254570007324,0.9944068193435669,-0.005481362342834473
1288,go,add,insert,remove,10,0.9765884876251221,0.9562722444534302,0.020316243171691895
1288,go,added,inserted,removed,10,0.983344554901123,0.9807956218719482,0.0025489330291748047
1316,go,add,insert,remove,7,0.9769929647445679,0.9905838966369629,-0.01359093189239502
1423,go,add,insert,remove,8,0.9855127334594727,0.9905326962471008,-0.005019962787628174
1515,go,add,insert,remove,11,0.9941998720169067,0.9926677346229553,0.001532137393951416
1515,go,remove,delete,insert,11,0.997391939163208,0.9936379790306091,0.003753960132598877
1587,go,adding,inserting,removing,7,0.9690750241279602,0.963691771030426,0.00538325309753418
1620,go,added,inserted,removed,17,0.9840911030769348,0.9902338981628418,-0.006142795085906982
1630,go,allow,permit,forbid,18,0.9871678948402405,0.9848713278770447,0.0022965669631958008
1704,go,add,insert,remove,21,0.9945011138916016,0.9920939207077026,0.0024071931838989258
1704,go,adds,inserts,removes,21,0.9952620267868042,0.9927768707275391,0.0024851560592651367
1729,go,add,insert,remove,6,0.9762847423553467,0.9861369132995605,-0.009852170944213867
1780,go,allow,permit,forbid,6,0.9691746830940247,0.9577304124832153,0.011444270610809326
1796,go,add,insert,remove,7,0.981315016746521,0.9836074709892273,-0.002292454242706299
1822,go,allow,permit,forbid,9,0.9948443174362183,0.9802277684211731,0.014616549015045166
1882,go,allows,permits,forbids,14,0.9929841756820679,0.9753009676933289,0.017683207988739014
1892,go,adding,inserting,removing,6,0.9737644195556641,0.9757434725761414,-0.001979053020477295
1911,go,disabled,blocked,enabled,33,0.9961075782775879,0.9974191188812256,-0.0013115406036376953
1935,go,add,insert,remove,7,0.9819498658180237,0.9893940687179565,-0.007444202899932861
1976,go,add,insert,remove,6,0.959409773349762,0.9821434020996094,-0.022733628749847412
1991,go,adds,inserts,removes,41,0.9970626831054688,0.996480405330658,0.000582277774810791
2013,go,enabled,permitted,disabled,15,0.978562593460083,0.992218017578125,-0.013655424118041992
2020,go,allows,permits,forbids,41,0.9994478821754456,0.9964998960494995,0.002947986125946045
2031,go,add,insert,remove,6,0.9853596687316895,0.9896374940872192,-0.004277825355529785
2106,go,enable,permit,disable,7,0.9747949838638306,0.9939287900924683,-0.019133806228637695
2129,go,add,insert,remove,10,0.9865078926086426,0.9903086423873901,-0.0038007497787475586
2205,go,remove,delete,insert,9,0.9892343878746033,0.9781086444854736,0.011125743389129639
2229,go,add,insert,remove,14,0.9931343197822571,0.9938876628875732,-0.0007533431053161621
2259,go,add,insert,remove,10,0.9820709824562073,0.9876688122749329,-0.005597829818725586
2277,go,remove,delete,insert,19,0.9935712814331055,0.9884243607521057,0.005146920680999756
2277,go,allows,permits,forbids,19,0.9891289472579956,0.9843465685844421,0.004782378673553467
2279,go,add,insert,remove,8,0.9894333481788635,0.9831897616386414,0.006243586540222168
2304,go,hidden,covered,shown,13,0.9895253777503967,0.9874696731567383,0.0020557045936584473
2318,go,create,build,destroy,37,0.9986047744750977,0.9961049556732178,0.002499818801879883
2320,go,add,insert,remove,27,0.9956604242324829,0.9920876026153564,0.003572821617126465
2350,go,add,insert,remove,6,0.989944338798523,0.9912673234939575,-0.0013229846954345703
2363,go,create,build,destroy,17,0.9934762716293335,0.9915951490402222,0.0018811225891113281
2372,go,allow,permit,forbid,31,0.9930812120437622,0.9923096299171448,0.0007715821266174316
2378,go,start,begin,stop,43,0.99599289894104,0.993410050868988,0.002582848072052002
2379,go,accept,take,reject,21,0.9951364994049072,0.9921813607215881,0.002955138683319092
2380,go,remove,delete,insert,19,0.9980301856994629,0.9943243265151978,0.0037058591842651367
2380,go,removed,deleted,inserted,19,0.9982398748397827,0.9932999014854431,0.0049399733543396
2399,go,add,insert,remove,21,0.9856213927268982,0.9897112846374512,-0.0040898919105529785
2405,go,add,insert,remove,14,0.9952036738395691,0.9943392276763916,0.0008644461631774902
2409,go,add,insert,remove,43,0.9974714517593384,0.9981958866119385,-0.0007244348526000977
2409,go,created,built,destroyed,43,0.9973654747009277,0.9955132007598877,0.001852273941040039
2418,go,add,insert,remove,46,0.9979615211486816,0.9971226453781128,0.0008388757705688477
2418,go,start,begin,stop,46,0.9994098544120789,0.9974449276924133,0.0019649267196655273
2418,go,created,built,destroyed,46,0.998316764831543,0.996536135673523,0.0017806291580200195
2424,go,add,insert,remove,23,0.994070291519165,0.9925022721290588,0.0015680193901062012
2424,go,start,begin,stop,23,0.9966076612472534,0.992978036403656,0.003629624843597412
2444,go,add,insert,remove,8,0.9855615496635437,0.9898093938827515,-0.004247844219207764
2451,go,add,insert,remove,29,0.9975169897079468,0.9964895844459534,0.0010274052619934082
2451,go,adding,inserting,removing,29,0.9955947995185852,0.9942224025726318,0.0013723969459533691
2453,go,add,insert,remove,37,0.993758499622345,0.9926875233650208,0.0010709762573242188
2458,go,included,contained,excluded,43,0.9957925081253052,0.9940496683120728,0.0017428398132324219
2463,go,add,insert,remove,8,0.993473470211029,0.9945330023765564,-0.0010595321655273438
2492,go,show,display,hide,51,0.9962178468704224,0.993119478225708,0.0030983686447143555
2492,go,start,begin,stop,51,0.9993544816970825,0.997600793838501,0.001753687858581543
2503,go,remove,delete,insert,45,0.9958549737930298,0.9927437901496887,0.0031111836433410645
2507,go,show,display,hide,25,0.998604953289032,0.9953219890594482,0.0032829642295837402
2583,go,allow,permit,forbid,16,0.9989128112792969,0.992120087146759,0.006792724132537842
2629,go,add,insert,remove,8,0.97577965259552,0.9894388914108276,-0.013659238815307617
2639,go,add,insert,remove,6,0.986332356929779,0.9897258877754211,-0.00339353084564209
2692,go,add,insert,remove,7,0.9712189435958862,0.9755196571350098,-0.004300713539123535
2718,go,add,insert,remove,49,0.996048092842102,0.9949443936347961,0.0011036992073059082
2718,go,adds,inserts,removes,49,0.9964429140090942,0.9955521821975708,0.0008907318115234375
2747,go,add,insert,remove,20,0.9955872297286987,0.9949973821640015,0.0005898475646972656
2754,go,added,inserted,removed,15,0.9848585724830627,0.983567476272583,0.0012910962104797363
2785,go,remove,delete,insert,13,0.9964169859886169,0.9901643395423889,0.006252646446228027
2797,go,starts,begins,stops,8,0.9950685501098633,0.9884577989578247,0.006610751152038574
2808,go,removes,deletes,inserts,40,0.9981627464294434,0.9943268895149231,0.0038358569145202637
2887,go,add,insert,remove,7,0.9616414308547974,0.986081063747406,-0.024439632892608643
2963,go,add,insert,remove,17,0.9946792125701904,0.9946731328964233,6.079673767089844e-06
2963,go,removed,deleted,inserted,17,0.9965483546257019,0.9905134439468384,0.006034910678863525
2971,go,start,begin,stop,23,0.9984405040740967,0.9933481812477112,0.005092322826385498
2993,go,enable,permit,disable,35,0.9967478513717651,0.9951120018959045,0.0016358494758605957
3010,go,add,insert,remove,13,0.9863759279251099,0.9897539615631104,-0.0033780336380004883
3018,go,add,insert,remove,29,0.9920303821563721,0.9959311485290527,-0.003900766372680664
3024,go,remove,delete,insert,26,0.9989197254180908,0.9938226342201233,0.005097091197967529
3042,go,removed,deleted,inserted,26,0.9936193227767944,0.9894121885299683,0.004207134246826172
3095,go,add,insert,remove,10,0.9828500747680664,0.9737540483474731,0.009096026420593262
3095,go,adds,inserts,removes,10,0.982433557510376,0.9708023071289062,0.011631250381469727
3116,go,create,build,destroy,48,0.9976248741149902,0.9977214336395264,-9.655952453613281e-05
3125,go,add,insert,remove,18,0.9857774376869202,0.9819033145904541,0.0038741230964660645
3141,go,remove,delete,insert,28,0.9985357522964478,0.9931570887565613,0.005378663539886475
3170,go,add,insert,remove,17,0.9953007698059082,0.9924787282943726,0.0028220415115356445
3204,go,add,insert,remove,33,0.9937258958816528,0.9961175322532654,-0.002391636371612549
3204,go,adding,inserting,removing,33,0.9947361946105957,0.9930761456489563,0.0016600489616394043
3251,go,add,insert,remove,35,0.9980916976928711,0.9965080618858337,0.0015836358070373535
3251,go,remove,delete,insert,35,0.9965553879737854,0.9945474863052368,0.002007901668548584
3355,go,add,insert,remove,11,0.9871112704277039,0.9904713034629822,-0.0033600330352783203
3408,go,allow,permit,forbid,8,0.9784990549087524,0.9641121029853821,0.014386951923370361
3423,go,add,insert,remove,7,0.9924967288970947,0.9952771067619324,-0.0027803778648376465
3491,go,add,insert,remove,7,0.9741670489311218,0.9854506850242615,-0.011283636093139648
3595,go,remove,delete,insert,12,0.9943222999572754,0.9863499402999878,0.007972359657287598
3599,go,increase,raise,decrease,8,0.9876000881195068,0.9913033843040466,-0.003703296184539795
3624,go,add,insert,remove,6,0.955410361289978,0.9671211838722229,-0.011710822582244873
3629,go,add,insert,remove,8,0.9891002774238586,0.9906474351882935,-0.0015471577644348145
3680,go,including,containing,excluding,17,0.9941892027854919,0.9925246834754944,0.0016645193099975586
3687,go,add,insert,remove,9,0.9875693321228027,0.9900301098823547,-0.002460777759552002
3695,go,add,insert,remove,11,0.9903895258903503,0.991053581237793,-0.000664055347442627
3731,go,start,begin,stop,23,0.9988769888877869,0.9935659170150757,0.005311071872711182
3773,go,create,build,destroy,17,0.9901541471481323,0.9887193441390991,0.0014348030090332031
3796,go,add,insert,remove,23,0.9943830370903015,0.9963909387588501,-0.002007901668548584
3829,go,adding,inserting,removing,29,0.9950131773948669,0.994457483291626,0.0005556941032409668
3829,go,increase,raise,decrease,29,0.9894450902938843,0.9930246472358704,-0.003579556941986084
3852,go,add,insert,remove,8,0.9823384284973145,0.9859222173690796,-0.0035837888717651367
3864,go,add,insert,remove,45,0.998038649559021,0.9968125820159912,0.0012260675430297852
3867,go,remove,delete,insert,21,0.9948121309280396,0.9924510717391968,0.0023610591888427734
3871,go,increase,raise,decrease,6,0.9592460989952087,0.9728614091873169,-0.013615310192108154
3913,go,add,insert,remove,11,0.9885998964309692,0.9904987215995789,-0.0018988251686096191
3922,go,add,insert,remove,7,0.9662690162658691,0.9845603704452515,-0.018291354179382324
3951,go,add,insert,remove,8,0.9783743023872375,0.9908989667892456,-0.012524664402008057
3956,go,remove,delete,insert,46,0.9972331523895264,0.9961350560188293,0.0010980963706970215
3956,go,removing,deleting,inserting,46,0.9983841180801392,0.994134783744812,0.0042493343353271484
3966,go,add,insert,remove,8,0.9862915277481079,0.9890522956848145,-0.002760767936706543
4000,go,remove,delete,insert,45,0.9977856874465942,0.9942628741264343,0.003522813320159912
4000,go,start,begin,stop,45,0.9985629916191101,0.9945908188819885,0.003972172737121582
4023,go,include,contain,exclude,11,0.9862582683563232,0.9846288561820984,0.0016294121742248535
4029,go,remove,delete,insert,42,0.9961441159248352,0.9944583177566528,0.001685798168182373
4039,go,add,insert,remove,6,0.9643220901489258,0.9714140892028809,-0.007091999053955078
4076,go,add,insert,remove,6,0.9842633008956909,0.9819278717041016,0.0023354291915893555
4076,go,include,contain,exclude,6,0.9849192500114441,0.9812406301498413,0.003678619861602783
4119,go,add,insert,remove,10,0.9788908958435059,0.9878122210502625,-0.008921325206756592
4126,go,removed,deleted,inserted,23,0.9976003170013428,0.9907597899436951,0.006840527057647705
4153,go,added,inserted,removed,5,0.984998881816864,0.9898742437362671,-0.004875361919403076
4199,go,add,insert,remove,7,0.9823744297027588,0.9888646006584167,-0.006490170955657959
4216,go,add,insert,remove,7,0.9882617592811584,0.9903869032859802,-0.0021251440048217773
4226,go,add,insert,remove,12,0.995434045791626,0.9945553541183472,0.0008786916732788086
4227,go,remove,delete,insert,10,0.9802057147026062,0.9827404022216797,-0.0025346875190734863
4236,go,add,insert,remove,8,0.9602586030960083,0.9734044671058655,-0.013145864009857178
4260,go,add,insert,remove,8,0.9851908683776855,0.9847168922424316,0.00047397613525390625
4262,go,add,insert,remove,6,0.9714080095291138,0.9853295087814331,-0.013921499252319336
4292,go,remove,delete,insert,30,0.9961509108543396,0.992358386516571,0.0037925243377685547
4292,go,created,built,destroyed,30,0.9971249103546143,0.9916884303092957,0.0054364800453186035
4299,go,created,built,destroyed,23,0.9965524673461914,0.9925709366798401,0.003981530666351318
4331,go,adds,inserts,removes,38,0.9975168704986572,0.9955310821533203,0.001985788345336914
4331,go,create,build,destroy,38,0.9980362057685852,0.9967250227928162,0.001311182975769043
4331,go,created,built,destroyed,38,0.9981021881103516,0.995110273361206,0.002991914749145508
4331,go,creating,building,destroying,38,0.9937718510627747,0.9918078184127808,0.0019640326499938965
4333,go,add,insert,remove,7,0.9933280348777771,0.9943852424621582,-0.0010572075843811035
4345,go,showing,displaying,hiding,21,0.9976465702056885,0.9932898283004761,0.004356741905212402
4354,go,adds,inserts,removes,12,0.9881349802017212,0.9749811291694641,0.01315385103225708
4359,go,remove,delete,insert,19,0.9949806332588196,0.9908434152603149,0.004137217998504639
4391,go,add,insert,remove,6,0.9677658081054688,0.9777024984359741,-0.009936690330505371
4410,go,added,inserted,removed,5,0.9665216207504272,0.9697815775871277,-0.0032599568367004395
4422,go,add,insert,remove,6,0.9761412143707275,0.9736120104789734,0.0025292038917541504
4439,go,disable,block,enable,6,0.9768523573875427,0.994613766670227,-0.017761409282684326
4505,go,add,insert,remove,7,0.9888884425163269,0.9871067404747009,0.0017817020416259766
4511,go,add,insert,remove,7,0.9232430458068848,0.9233320355415344,-8.89897346496582e-05
4552,go,add,insert,remove,7,0.9753741025924683,0.987835168838501,-0.012461066246032715
4625,go,added,inserted,removed,13,0.9836226105690002,0.985783576965332,-0.002160966396331787
4625,go,enable,permit,disable,13,0.9861085414886475,0.9884040951728821,-0.002295553684234619
4662,go,add,insert,remove,7,0.988926887512207,0.9911631941795349,-0.002236306667327881
4691,go,include,contain,exclude,8,0.9807083010673523,0.9696827530860901,0.011025547981262207
4706,go,add,insert,remove,8,0.9821670651435852,0.9842422604560852,-0.0020751953125
4746,go,add,insert,remove,7,0.9917262196540833,0.9904311895370483,0.0012950301170349121
4754,go,allow,permit,forbid,26,0.9892562031745911,0.9873914122581482,0.001864790916442871
4796,go,add,insert,remove,6,0.986889123916626,0.9914590716362,-0.004569947719573975
4811,go,add,insert,remove,12,0.9896837472915649,0.9904543161392212,-0.00077056884765625
4845,go,add,insert,remove,8,0.961648166179657,0.9648066759109497,-0.0031585097312927246
4851,go,enable,permit,disable,8,0.9713842868804932,0.9957027435302734,-0.024318456649780273
4881,go,remove,delete,insert,43,0.9979332685470581,0.9935073256492615,0.004425942897796631
4881,go,removes,deletes,inserts,43,0.9977279901504517,0.9933320879936218,0.004395902156829834
4890,go,add,insert,remove,6,0.9879631400108337,0.9896031618118286,-0.001640021800994873
4892,go,create,build,destroy,18,0.9927893877029419,0.994878888130188,-0.0020895004272460938
4913,go,add,insert,remove,6,0.9745166897773743,0.9892606735229492,-0.014743983745574951
4933,go,adding,inserting,removing,14,0.9906286001205444,0.9944555759429932,-0.0038269758224487305
4940,go,allow,permit,forbid,30,0.9967589378356934,0.9903783202171326,0.006380617618560791
4953,go,add,insert,remove,8,0.9762901067733765,0.9738597869873047,0.0024303197860717773
4966,go,disabled,blocked,enabled,44,0.9968051314353943,0.9951579570770264,0.00164717435836792
4985,go,add,insert,remove,22,0.9919065237045288,0.9939668774604797,-0.0020603537559509277
4985,go,include,contain,exclude,22,0.9856820702552795,0.986632227897644,-0.000950157642364502
44,java,add,insert,remove,13,0.9920868277549744,0.9938884377479553,-0.001801609992980957
253,java,remove,delete,insert,8,0.9963464140892029,0.9915643334388733,0.00478208065032959
441,java,remove,delete,insert,9,0.9961422085762024,0.9899231195449829,0.006219089031219482
523,java,remove,delete,insert,6,0.995962381362915,0.9841645956039429,0.011797785758972168
550,java,includes,contains,excludes,17,0.9966520071029663,0.991201639175415,0.0054503679275512695
1123,java,add,insert,remove,20,0.9926022887229919,0.9913325905799866,0.001269698143005371
1783,java,remove,delete,insert,7,0.9939570426940918,0.9815627932548523,0.012394249439239502
2203,java,enable,permit,disable,6,0.9727010726928711,0.9953902959823608,-0.022689223289489746
2218,java,added,inserted,removed,10,0.9838363528251648,0.9941956400871277,-0.01035928726196289
2243,java,enable,permit,disable,7,0.9806205630302429,0.9953646659851074,-0.014744102954864502
2256,java,increase,raise,decrease,8,0.9711764454841614,0.9859966039657593,-0.0148201584815979
2535,java,add,insert,remove,9,0.9865590333938599,0.9919955730438232,-0.005436539649963379
2698,java,remove,delete,insert,11,0.9964003562927246,0.9905316233634949,0.005868732929229736
2829,java,add,insert,remove,10,0.9854087829589844,0.9839487075805664,0.0014600753784179688
3349,java,remove,delete,insert,37,0.9965144395828247,0.9947673678398132,0.0017470717430114746
3601,java,add,insert,remove,14,0.9925117492675781,0.9862892627716064,0.00622248649597168
3959,java,add,insert,remove,9,0.9970073699951172,0.9972227811813354,-0.00021541118621826172
4431,java,included,contained,excluded,28,0.9928292036056519,0.9856665730476379,0.007162630558013916
4471,java,add,insert,remove,9,0.9914571046829224,0.9766815900802612,0.014775514602661133
4471,java,remove,delete,insert,9,0.9945416450500488,0.9819281697273254,0.012613475322723389
4762,java,added,inserted,removed,16,0.99251389503479,0.9961500763893127,-0.003636181354522705
4972,java,remove,delete,insert,12,0.9953659772872925,0.9887325167655945,0.006633460521697998
5257,java,added,inserted,removed,7,0.9879007339477539,0.9953182935714722,-0.007417559623718262
5346,java,add,insert,remove,16,0.9930341243743896,0.989813506603241,0.0032206177711486816
5883,java,added,inserted,removed,18,0.9941877126693726,0.9932330846786499,0.0009546279907226562
6091,java,add,insert,remove,8,0.9938341975212097,0.9933352470397949,0.0004989504814147949
6182,java,add,insert,remove,9,0.9878979921340942,0.9895257949829102,-0.001627802848815918
6334,java,removing,deleting,inserting,23,0.9965423345565796,0.9857829213142395,0.010759413242340088
6834,java,add,insert,remove,12,0.963927149772644,0.9891175031661987,-0.025190353393554688
6916,java,allow,permit,forbid,17,0.9930959939956665,0.9810280799865723,0.012067914009094238
7015,java,add,insert,remove,12,0.9849547743797302,0.9891695976257324,-0.004214823246002197
7434,java,add,insert,remove,9,0.9919207096099854,0.9933128356933594,-0.0013921260833740234
7460,java,adding,inserting,removing,10,0.9851606488227844,0.9860561490058899,-0.0008955001831054688
7460,java,allow,permit,forbid,10,0.978391706943512,0.9641534686088562,0.014238238334655762
7782,java,added,inserted,removed,8,0.9660259485244751,0.9858261346817017,-0.019800186157226562
7929,java,added,inserted,removed,9,0.9822715520858765,0.9942806959152222,-0.012009143829345703
8020,java,include,contain,exclude,11,0.9869685173034668,0.991439700126648,-0.004471182823181152
8020,java,created,built,destroyed,11,0.9922893643379211,0.9904690384864807,0.0018203258514404297
8180,java,remove,delete,insert,9,0.994071364402771,0.9863920211791992,0.007679343223571777
8432,java,adding,inserting,removing,7,0.9835957884788513,0.9858301877975464,-0.0022343993186950684
8487,java,remove,delete,insert,11,0.9952222108840942,0.9915031790733337,0.003719031810760498
8522,java,allow,permit,forbid,16,0.9899385571479797,0.9858534932136536,0.004085063934326172
8525,java,added,inserted,removed,9,0.9767969846725464,0.9934386014938354,-0.016641616821289062
8573,java,disable,block,enable,6,0.953033983707428,0.9951969981193542,-0.04216301441192627
8686,java,added,inserted,removed,22,0.9842226505279541,0.983453094959259,0.0007695555686950684
8793,java,remove,delete,insert,14,0.9693677425384521,0.9666516780853271,0.002716064453125
8796,java,adding,inserting,removing,11,0.9855968356132507,0.9780328869819641,0.007563948631286621
9274,java,adding,inserting,removing,25,0.9853993654251099,0.9883391261100769,-0.002939760684967041
9513,java,remove,delete,insert,10,0.9871237277984619,0.9765026569366455,0.010621070861816406
10147,java,adding,inserting,removing,18,0.9800649881362915,0.9825443029403687,-0.0024793148040771484
10305,java,removed,deleted,inserted,10,0.9945275783538818,0.9861136674880981,0.008413910865783691
10373,java,added,inserted,removed,12,0.9936298727989197,0.9966789484024048,-0.0030490756034851074
10643,java,add,insert,remove,10,0.9892309904098511,0.9936084151268005,-0.004377424716949463
10643,java,show,display,hide,10,0.9896833896636963,0.9916304349899292,-0.0019470453262329102
11310,java,allow,permit,forbid,14,0.9838587641716003,0.9742841720581055,0.009574592113494873
11621,java,adding,inserting,removing,12,0.993245542049408,0.9898729920387268,0.0033725500106811523
11621,java,removing,deleting,inserting,12,0.9961711764335632,0.9872982501983643,0.008872926235198975
11868,java,enable,permit,disable,14,0.984285831451416,0.9910356402397156,-0.0067498087882995605
12149,java,remove,delete,insert,12,0.9956960678100586,0.9886075258255005,0.0070885419845581055
12630,java,added,inserted,removed,10,0.9773617386817932,0.989538311958313,-0.012176573276519775
12655,java,add,insert,remove,23,0.9894454479217529,0.9904457330703735,-0.0010002851486206055
12655,java,allows,permits,forbids,23,0.9889140725135803,0.9816850423812866,0.007229030132293701
12961,java,allow,permit,forbid,10,0.9852637052536011,0.9676895141601562,0.017574191093444824
12965,java,removed,deleted,inserted,15,0.9966194033622742,0.9781910181045532,0.018428385257720947
13839,java,create,build,destroy,16,0.9953629374504089,0.9886027574539185,0.0067601799964904785
14443,java,added,inserted,removed,12,0.979624330997467,0.9909693002700806,-0.011344969272613525
14458,java,remove,delete,insert,7,0.9847961664199829,0.9765604734420776,0.008235692977905273
14563,java,removing,deleting,inserting,36,0.9937262535095215,0.992728054523468,0.0009981989860534668
14791,java,remove,delete,insert,15,0.9895113706588745,0.9819390177726746,0.007572352886199951
14791,java,create,build,destroy,15,0.981431245803833,0.9826589226722717,-0.0012276768684387207
15062,java,adding,inserting,removing,19,0.9925006628036499,0.9906523823738098,0.0018482804298400879
15471,java,added,inserted,removed,16,0.9796299934387207,0.9784219264984131,0.0012080669403076172
15505,java,adding,inserting,removing,17,0.9929243922233582,0.9909871220588684,0.001937270164489746
15564,java,add,insert,remove,8,0.9857562184333801,0.9903960227966309,-0.004639804363250732
16040,java,remove,delete,insert,7,0.9916118383407593,0.9853293299674988,0.006282508373260498
16278,java,add,insert,remove,15,0.9924047589302063,0.9846688508987427,0.007735908031463623
16581,java,add,insert,remove,11,0.9884822964668274,0.9899346828460693,-0.0014523863792419434
16610,java,remove,delete,insert,11,0.990353524684906,0.9870710372924805,0.003282487392425537
16729,java,enabled,permitted,disabled,21,0.9937950372695923,0.9960252046585083,-0.0022301673889160156
17410,java,add,insert,remove,14,0.9923968315124512,0.9905334115028381,0.0018634200096130371
17420,java,added,inserted,removed,9,0.9850528836250305,0.9892943501472473,-0.004241466522216797
17966,java,add,insert,remove,23,0.9946973323822021,0.9947657585144043,-6.842613220214844e-05
18046,java,adding,inserting,removing,8,0.9819552302360535,0.9855239391326904,-0.003568708896636963
18180,java,add,insert,remove,21,0.9954158067703247,0.9942592978477478,0.0011565089225769043
18431,java,disabled,blocked,enabled,26,0.9946633577346802,0.9950262904167175,-0.0003629326820373535
18459,java,add,insert,remove,7,0.9925650358200073,0.9917491674423218,0.0008158683776855469
18994,java,removed,deleted,inserted,8,0.990607500076294,0.9851253628730774,0.005482137203216553
19093,java,adding,inserting,removing,16,0.9874757528305054,0.9853701591491699,0.0021055936813354492
19093,java,enables,permits,disables,16,0.9915047883987427,0.9834785461425781,0.00802624225616455
19192,java,add,insert,remove,10,0.9869807958602905,0.9816128015518188,0.00536799430847168
19280,java,remove,delete,insert,9,0.9942135810852051,0.9857760071754456,0.008437573909759521
19469,java,add,insert,remove,11,0.9888918995857239,0.986594557762146,0.002297341823577881
19469,java,create,build,destroy,11,0.9927546977996826,0.9817934036254883,0.010961294174194336
19684,java,added,inserted,removed,10,0.9883447885513306,0.9939521551132202,-0.0056073665618896484
19697,java,adding,inserting,removing,10,0.9826528429985046,0.976859450340271,0.005793392658233643
20180,java,add,insert,remove,11,0.9919397830963135,0.9921228885650635,-0.00018310546875
20282,java,allows,permits,forbids,10,0.9838542938232422,0.9801151752471924,0.0037391185760498047
20390,java,allow,permit,forbid,9,0.9785360097885132,0.9625442624092102,0.01599174737930298
20551,java,add,insert,remove,10,0.9802510738372803,0.976235032081604,0.0040160417556762695
20600,java,add,insert,remove,10,0.9857228994369507,0.9874254465103149,-0.0017025470733642578
20600,java,create,build,destroy,10,0.9938742518424988,0.9856888055801392,0.00818544626235962
20660,java,add,insert,remove,8,0.977609395980835,0.978885293006897,-0.0012758970260620117
20793,java,add,insert,remove,9,0.9806076288223267,0.9919226765632629,-0.01131504774093628
20837,java,add,insert,remove,13,0.9920624494552612,0.9891610145568848,0.002901434898376465
21023,java,remove,delete,insert,9,0.9945193529129028,0.9899657964706421,0.004553556442260742
21087,java,remove,delete,insert,11,0.9975782632827759,0.9920007586479187,0.005577504634857178
21446,java,creating,building,destroying,15,0.9942620992660522,0.9888784885406494,0.005383610725402832
21494,java,remove,delete,insert,9,0.9940590858459473,0.9858077168464661,0.008251368999481201
21893,java,removed,deleted,inserted,10,0.9909780025482178,0.9849520921707153,0.006025910377502441
21902,java,remove,delete,insert,23,0.9966698288917542,0.9957176446914673,0.0009521842002868652
21904,java,add,insert,remove,12,0.9876136779785156,0.9897775053977966,-0.002163827419281006
22476,java,remove,delete,insert,22,0.9964816570281982,0.99123215675354,0.005249500274658203
23256,java,added,inserted,removed,10,0.9855214357376099,0.9935908317565918,-0.008069396018981934
23555,java,add,insert,remove,8,0.9816989898681641,0.9851069450378418,-0.0034079551696777344
23624,java,disable,block,enable,12,0.9721927642822266,0.9949550628662109,-0.022762298583984375
23666,java,add,insert,remove,16,0.9961693286895752,0.9974281787872314,-0.00125885009765625
23725,java,allow,permit,forbid,11,0.974364161491394,0.9624130129814148,0.011951148509979248
24113,java,enabled,permitted,disabled,10,0.9814929962158203,0.9912144541740417,-0.009721457958221436
24154,java,added,inserted,removed,8,0.9586352109909058,0.9795849323272705,-0.020949721336364746
24306,java,added,inserted,removed,40,0.9949498772621155,0.9963088631629944,-0.0013589859008789062
24306,java,allow,permit,forbid,40,0.9980186223983765,0.9909214973449707,0.007097125053405762
24306,java,allows,permits,forbids,40,0.996241569519043,0.9893382787704468,0.006903290748596191
24507,java,remove,delete,insert,11,0.9957126379013062,0.9893014430999756,0.006411194801330566
24927,java,allow,permit,forbid,32,0.9932773113250732,0.9865297079086304,0.006747603416442871
24927,java,including,containing,excluding,32,0.9953222274780273,0.9934121370315552,0.001910090446472168
24985,java,added,inserted,removed,12,0.9819691181182861,0.9896624088287354,-0.007693290710449219
24992,java,add,insert,remove,8,0.9876542091369629,0.991601288318634,-0.003947079181671143
25268,java,show,display,hide,9,0.9938684701919556,0.9747826457023621,0.019085824489593506
25996,java,add,insert,remove,15,0.9927622675895691,0.9941253662109375,-0.0013630986213684082
26087,java,remove,delete,insert,11,0.9952951669692993,0.9904618859291077,0.00483328104019165
26649,java,enabled,permitted,disabled,12,0.9892042875289917,0.9940786957740784,-0.00487440824508667
26649,java,disabled,blocked,enabled,12,0.985780656337738,0.9945246577262878,-0.008744001388549805
26722,java,disabling,blocking,enabling,8,0.9739980697631836,0.9851016998291016,-0.011103630065917969
26843,java,added,inserted,removed,6,0.972374677658081,0.9764121174812317,-0.004037439823150635
27110,java,allow,permit,forbid,10,0.977196455001831,0.9705865979194641,0.006609857082366943
27384,java,add,insert,remove,9,0.985732913017273,0.9797793626785278,0.005953550338745117
27561,java,add,insert,remove,10,0.9830394387245178,0.9845281839370728,-0.0014887452125549316
27561,java,hide,cover,show,10,0.9876184463500977,0.9884583950042725,-0.0008399486541748047
27753,java,remove,delete,insert,7,0.9929713010787964,0.9834856986999512,0.009485602378845215
28072,java,allow,permit,forbid,8,0.9560768008232117,0.9391486644744873,0.016928136348724365
28144,java,add,insert,remove,11,0.9894388318061829,0.9913123250007629,-0.0018734931945800781
28357,java,adding,inserting,removing,9,0.9801191091537476,0.9764798879623413,0.00363922119140625
28732,java,add,insert,remove,21,0.9913507699966431,0.9945372343063354,-0.003186464309692383
28832,java,added,inserted,removed,12,0.9866453409194946,0.9924777746200562,-0.0058324337005615234
28947,java,add,insert,remove,16,0.987490713596344,0.9927524328231812,-0.005261719226837158
29239,java,remove,delete,insert,9,0.9806793928146362,0.9711800217628479,0.00949937105178833
29619,java,added,inserted,removed,10,0.9881995916366577,0.995705246925354,-0.007505655288696289
29740,java,adding,inserting,removing,6,0.9828424453735352,0.984545886516571,-0.0017034411430358887
29991,java,create,build,destroy,10,0.9956886172294617,0.9921704530715942,0.0035181641578674316
30080,java,create,build,destroy,11,0.9840370416641235,0.9905527830123901,-0.0065157413482666016
30507,java,add,insert,remove,9,0.9887902736663818,0.991142213344574,-0.0023519396781921387
30779,java,open,unlock,close,11,0.9777587652206421,0.9893367290496826,-0.011577963829040527
30799,java,allow,permit,forbid,12,0.9957337379455566,0.9778727293014526,0.017861008644104004
30860,java,allow,permit,forbid,33,0.9967294335365295,0.990481436252594,0.006247997283935547
30873,java,add,insert,remove,13,0.9869143962860107,0.9924761056900024,-0.005561709403991699
30962,java,allow,permit,forbid,9,0.9872694611549377,0.9721065759658813,0.015162885189056396
31339,java,removed,deleted,inserted,14,0.9944113492965698,0.9887404441833496,0.005670905113220215
31339,java,starts,begins,stops,14,0.9984837770462036,0.9930979013442993,0.005385875701904297
31379,java,removed,deleted,inserted,11,0.9865000247955322,0.9690424799919128,0.017457544803619385
31431,java,add,insert,remove,8,0.9830540418624878,0.9902799725532532,-0.007225930690765381
31572,java,add,insert,remove,16,0.9954618215560913,0.9949952363967896,0.0004665851593017578
31762,java,add,insert,remove,9,0.994438886642456,0.9946314692497253,-0.0001925826072692871
31892,java,adding,inserting,removing,10,0.9667834639549255,0.9708256721496582,-0.004042208194732666
32003,java,remove,delete,insert,6,0.9898161292076111,0.9823111295700073,0.00750499963760376
32028,java,enabled,permitted,disabled,10,0.989843487739563,0.9947241544723511,-0.004880666732788086
32446,java,allow,permit,forbid,17,0.992767333984375,0.9872920513153076,0.005475282669067383
32608,java,remove,delete,insert,8,0.9939053654670715,0.9848629236221313,0.009042441844940186
32738,java,remove,delete,insert,8,0.9876048564910889,0.987808108329773,-0.00020325183868408203
32945,java,added,inserted,removed,20,0.9857054948806763,0.9934684634208679,-0.00776296854019165
32945,java,enable,permit,disable,20,0.9924506545066833,0.9877319931983948,0.004718661308288574
33265,java,add,insert,remove,11,0.9924464225769043,0.9938130378723145,-0.0013666152954101562
33265,java,adding,inserting,removing,11,0.9955917596817017,0.991003155708313,0.004588603973388672
33500,java,create,build,destroy,13,0.9918550252914429,0.9915480613708496,0.0003069639205932617
34929,java,starting,beginning,stopping,19,0.9905748963356018,0.9968432784080505,-0.0062683820724487305
35443,java,enabled,permitted,disabled,24,0.9905135035514832,0.9953321218490601,-0.004818618297576904
35443,java,create,build,destroy,24,0.9907693862915039,0.984363317489624,0.006406068801879883
35853,java,creating,building,destroying,17,0.9940347075462341,0.9647305607795715,0.029304146766662598
36056,java,added,inserted,removed,20,0.991633951663971,0.9872008562088013,0.004433095455169678
36674,java,disabled,blocked,enabled,15,0.9846328496932983,0.989348828792572,-0.004715979099273682
37599,java,create,build,destroy,9,0.9932653903961182,0.9883208274841309,0.004944562911987305
38003,java,allow,permit,forbid,17,0.9810992479324341,0.9763246178627014,0.004774630069732666
38003,java,created,built,destroyed,17,0.9940459728240967,0.9862056374549866,0.007840335369110107
38475,java,add,insert,remove,12,0.9807950854301453,0.9758848547935486,0.00491023063659668
38661,java,add,insert,remove,17,0.9890245199203491,0.9895139932632446,-0.0004894733428955078
38661,java,allow,permit,forbid,17,0.9858334064483643,0.9834498167037964,0.002383589744567871
39926,java,disable,block,enable,15,0.9872064590454102,0.9941225051879883,-0.006916046142578125
40615,java,added,inserted,removed,19,0.9918321967124939,0.9959839582443237,-0.004151761531829834
40616,java,add,insert,remove,9,0.9761909246444702,0.9901741743087769,-0.01398324966430664
40897,java,remove,delete,insert,10,0.9945420026779175,0.9912826418876648,0.0032593607902526855
41020,java,add,insert,remove,19,0.9941840767860413,0.9950493574142456,-0.0008652806282043457
121,js,open,unlock,close,10,0.9791162014007568,0.9732006788253784,0.005915522575378418
305,js,add,insert,remove,23,0.9953588247299194,0.9924665093421936,0.00289231538772583
305,js,create,build,destroy,23,0.9947217106819153,0.9912623763084412,0.003459334373474121
815,js,allow,permit,forbid,11,0.9833108186721802,0.9722525477409363,0.011058270931243896
871,js,added,inserted,removed,9,0.9716071486473083,0.9834858775138855,-0.011878728866577148
951,js,add,insert,remove,14,0.9862854480743408,0.9899426102638245,-0.0036571621894836426
3433,js,added,inserted,removed,12,0.9832239151000977,0.9926496744155884,-0.009425759315490723
3433,js,accepted,took,rejected,12,0.9772985577583313,0.9895763397216797,-0.012277781963348389
4368,js,add,insert,remove,25,0.994177520275116,0.9940200448036194,0.00015747547149658203
4368,js,added,inserted,removed,25,0.9897123575210571,0.9932155609130859,-0.0035032033920288086
4412,js,add,insert,remove,13,0.9911319613456726,0.9892476797103882,0.0018842816352844238
4918,js,removed,deleted,inserted,12,0.9944865703582764,0.9931577444076538,0.0013288259506225586
5132,js,allow,permit,forbid,11,0.9777778387069702,0.9644845724105835,0.013293266296386719
5639,js,starts,begins,stops,19,0.9988003969192505,0.9933484792709351,0.00545191764831543
5757,js,add,insert,remove,11,0.9912443161010742,0.9836348295211792,0.0076094865798950195
6081,js,add,insert,remove,11,0.9880896210670471,0.9889446496963501,-0.0008550286293029785
6174,js,open,unlock,close,15,0.9703675508499146,0.9825006723403931,-0.012133121490478516
6876,js,show,display,hide,10,0.9947599172592163,0.9906402826309204,0.0041196346282958984
7355,js,allow,permit,forbid,25,0.9953736662864685,0.986544132232666,0.00882953405380249
7355,js,allows,permits,forbids,25,0.9946770668029785,0.9848989248275757,0.009778141975402832
8116,js,add,insert,remove,10,0.9796638488769531,0.9870423078536987,-0.0073784589767456055
8349,js,allow,permit,forbid,14,0.9726492762565613,0.9747469425201416,-0.0020976662635803223
8672,js,added,inserted,removed,19,0.9938294291496277,0.9954737424850464,-0.0016443133354187012
8779,js,added,inserted,removed,14,0.9914821982383728,0.9918367862701416,-0.00035458803176879883
10097,js,add,insert,remove,33,0.9964682459831238,0.9952862858772278,0.001181960105895996
10553,js,add,insert,remove,10,0.9831846952438354,0.9905018210411072,-0.0073171257972717285
11217,js,remove,delete,insert,13,0.994367241859436,0.9860087633132935,0.008358478546142578
11629,js,add,insert,remove,9,0.9824632406234741,0.9875661134719849,-0.005102872848510742
11713,js,allow,permit,forbid,13,0.9908639192581177,0.9769144058227539,0.01394951343536377
12942,js,added,inserted,removed,12,0.9865198731422424,0.9900851249694824,-0.0035652518272399902
12947,js,add,insert,remove,10,0.9898350834846497,0.9854940176010132,0.004341065883636475
12989,js,accept,take,reject,9,0.9675790667533875,0.984378457069397,-0.01679939031600952
13215,js,remove,delete,insert,14,0.9930023550987244,0.9859817028045654,0.0070206522941589355
13554,js,allow,permit,forbid,10,0.9876395463943481,0.9803318977355957,0.007307648658752441
13602,js,add,insert,remove,9,0.9704452753067017,0.984341561794281,-0.013896286487579346
13737,js,start,begin,stop,13,0.9759140610694885,0.9847694635391235,-0.00885540246963501
13862,js,start,begin,stop,12,0.9894149899482727,0.9889760613441467,0.00043892860412597656
13899,js,allow,permit,forbid,11,0.9870160818099976,0.9786443114280701,0.00837177038192749
14096,js,added,inserted,removed,9,0.9860101938247681,0.9940897822380066,-0.008079588413238525
14396,js,add,insert,remove,9,0.9915673732757568,0.9906346797943115,0.0009326934814453125
14513,js,add,insert,remove,9,0.9793985486030579,0.982993483543396,-0.0035949349403381348
14622,js,add,insert,remove,12,0.9668828248977661,0.9757164120674133,-0.008833587169647217
14904,js,remove,delete,insert,13,0.9783908128738403,0.9822120666503906,-0.003821253776550293
15619,js,allow,permit,forbid,11,0.9939331412315369,0.9888764023780823,0.00505673885345459
16214,js,adding,inserting,removing,9,0.9750209450721741,0.9665747284889221,0.008446216583251953
16547,js,added,inserted,removed,13,0.9707262516021729,0.9950767755508423,-0.024350523948669434
16590,js,added,inserted,removed,14,0.9915531873703003,0.987087607383728,0.004465579986572266
16655,js,allow,permit,forbid,9,0.9755694270133972,0.9554009437561035,0.0201684832572937
16804,js,added,inserted,removed,10,0.9926422834396362,0.9843649864196777,0.008277297019958496
17525,js,add,insert,remove,12,0.9955766201019287,0.9924768805503845,0.0030997395515441895
17596,js,creating,building,destroying,12,0.9925414323806763,0.9886912107467651,0.003850221633911133
17694,js,allowed,permitted,forbade,13,0.9924196004867554,0.9711464047431946,0.02127319574356079
17875,js,added,inserted,removed,9,0.9768243432044983,0.9852261543273926,-0.008401811122894287
17949,js,adding,inserting,removing,12,0.9877062439918518,0.983788251876831,0.003917992115020752
18231,js,added,inserted,removed,11,0.9577468037605286,0.973578929901123,-0.015832126140594482
18894,js,added,inserted,removed,9,0.9804342985153198,0.9854727983474731,-0.00503849983215332
19668,js,add,insert,remove,11,0.9854512214660645,0.9890732169151306,-0.003621995449066162
20114,js,add,insert,remove,13,0.9923278093338013,0.9909892082214355,0.0013386011123657227
20764,js,create,build,destroy,9,0.9785565137863159,0.9853037595748901,-0.006747245788574219
20896,js,increase,raise,decrease,12,0.9891405701637268,0.9931779503822327,-0.004037380218505859
21122,js,add,insert,remove,13,0.991113543510437,0.9902195930480957,0.0008939504623413086
21122,js,enabling,permitting,disabling,13,0.9902324080467224,0.9930787086486816,-0.0028463006019592285
21582,js,allow,permit,forbid,10,0.980538010597229,0.9722414016723633,0.008296608924865723
21773,js,add,insert,remove,11,0.9857857823371887,0.9780524969100952,0.007733285427093506
22048,js,add,insert,remove,17,0.9919239282608032,0.9907028079032898,0.0012211203575134277
22048,js,added,inserted,removed,17,0.9905275106430054,0.9936792850494385,-0.0031517744064331055
22565,js,add,insert,remove,12,0.9861665964126587,0.9902147054672241,-0.00404810905456543
22710,js,add,insert,remove,10,0.9932814240455627,0.9922491312026978,0.0010322928428649902
22922,js,remove,delete,insert,9,0.9921076893806458,0.9625740051269531,0.029533684253692627
22944,js,disable,block,enable,12,0.9919235110282898,0.9940183162689209,-0.0020948052406311035
22960,js,add,insert,remove,18,0.9915174245834351,0.9937360882759094,-0.0022186636924743652
23336,js,remove,delete,insert,11,0.9901793003082275,0.9910831451416016,-0.0009038448333740234
23419,js,added,inserted,removed,17,0.9892237782478333,0.9932743310928345,-0.004050552845001221
23597,js,added,inserted,removed,14,0.9819923043251038,0.9888379573822021,-0.006845653057098389
23737,js,added,inserted,removed,20,0.9928132891654968,0.9944917559623718,-0.001678466796875
24610,js,add,insert,remove,12,0.9889572262763977,0.9898092150688171,-0.0008519887924194336
24643,js,allow,permit,forbid,17,0.9832201600074768,0.9735159277915955,0.009704232215881348
25410,js,allow,permit,forbid,27,0.9883227944374084,0.9868642091751099,0.001458585262298584
25643,js,show,display,hide,19,0.9944230914115906,0.9925731420516968,0.0018499493598937988
25684,js,added,inserted,removed,9,0.9716230630874634,0.9925482273101807,-0.020925164222717285
26531,js,removed,deleted,inserted,19,0.9934750199317932,0.9905842542648315,0.00289076566696167
28681,js,remove,delete,insert,14,0.9952361583709717,0.9895203709602356,0.005715787410736084
30838,js,adds,inserts,removes,11,0.9847939610481262,0.9768712520599365,0.007922708988189697
31446,js,add,insert,remove,21,0.9964275360107422,0.995228111743927,0.0011994242668151855
31702,js,add,insert,remove,31,0.9974686503410339,0.9960732460021973,0.00139540433883667
31702,js,allowing,permitting,forbidding,31,0.994366466999054,0.9882302284240723,0.0061362385749816895
32022,js,allow,permit,forbid,14,0.9742463231086731,0.9657518863677979,0.008494436740875244
32022,js,opened,unlocked,closed,14,0.9778251051902771,0.9898281097412109,-0.012003004550933838
32435,js,allow,permit,forbid,13,0.9602010846138,0.9536076188087463,0.006593465805053711
32596,js,disable,block,enable,12,0.983806312084198,0.9952242970466614,-0.011417984962463379
32983,js,started,began,stopped,20,0.9890382289886475,0.9882990717887878,0.0007391571998596191
33731,js,add,insert,remove,19,0.9931739568710327,0.9929218888282776,0.00025206804275512695
34102,js,added,inserted,removed,12,0.9855986833572388,0.9939361214637756,-0.008337438106536865
34366,js,removing,deleting,inserting,13,0.9938122034072876,0.9873209595680237,0.006491243839263916
34445,js,created,built,destroyed,27,0.9964922070503235,0.9927005171775818,0.0037916898727416992
35697,js,allow,permit,forbid,6,0.969774603843689,0.9594318866729736,0.010342717170715332
35755,js,allow,permit,forbid,13,0.9858414530754089,0.9719459414482117,0.013895511627197266
642,js,added,inserted,removed,27,0.9942337870597839,0.9968764781951904,-0.002642691135406494
1778,js,added,inserted,removed,9,0.9882111549377441,0.9947015047073364,-0.006490349769592285
4644,js,added,inserted,removed,9,0.986051082611084,0.9897645711898804,-0.0037134885787963867
5913,js,add,insert,remove,12,0.984788179397583,0.9863383769989014,-0.0015501976013183594
6316,js,added,inserted,removed,7,0.9669209718704224,0.9821676015853882,-0.01524662971496582
6593,js,show,display,hide,7,0.9881824254989624,0.9846866726875305,0.0034957528114318848
8534,js,added,inserted,removed,24,0.9943835735321045,0.9900309443473816,0.0043526291847229
10513,js,show,display,hide,9,0.9936452507972717,0.9844765067100525,0.009168744087219238
11034,js,adding,inserting,removing,7,0.9747211933135986,0.9825294613838196,-0.007808268070220947
11387,js,added,inserted,removed,7,0.968537449836731,0.9895490407943726,-0.0210115909576416
14255,js,added,inserted,removed,8,0.9748636484146118,0.9931926727294922,-0.01832902431488037
14517,js,added,inserted,removed,10,0.985382080078125,0.993934154510498,-0.008552074432373047
15135,js,added,inserted,removed,6,0.9617422223091125,0.977967381477356,-0.016225159168243408
15960,js,adding,inserting,removing,8,0.9631924629211426,0.958437979221344,0.004754483699798584
17593,js,add,insert,remove,14,0.9934732913970947,0.9903445243835449,0.0031287670135498047
18777,js,added,inserted,removed,6,0.971768319606781,0.9712639451026917,0.0005043745040893555
24482,js,added,inserted,removed,7,0.9755428433418274,0.9852988719940186,-0.009756028652191162
24605,js,added,inserted,removed,7,0.9830431342124939,0.9923899173736572,-0.00934678316116333
24705,js,open,unlock,close,11,0.9797463417053223,0.9905806183815002,-0.010834276676177979
24725,js,remove,delete,insert,13,0.9929839372634888,0.9837669730186462,0.00921696424484253
26682,js,add,insert,remove,13,0.9847328662872314,0.9882233142852783,-0.003490447998046875
27501,js,removed,deleted,inserted,9,0.9880821704864502,0.9816461801528931,0.006435990333557129
30026,js,removed,deleted,inserted,10,0.9835395216941833,0.9746682643890381,0.008871257305145264
31095,js,add,insert,remove,13,0.993258535861969,0.9925575256347656,0.0007010102272033691
36539,js,added,inserted,removed,15,0.9837818145751953,0.9945204257965088,-0.010738611221313477
36638,js,added,inserted,removed,12,0.9833735227584839,0.9793365597724915,0.004036962985992432
37132,js,remove,delete,insert,11,0.9950615763664246,0.990858793258667,0.004202783107757568
37220,js,add,insert,remove,15,0.9915376901626587,0.9913032054901123,0.00023448467254638672
37275,js,adds,inserts,removes,11,0.9747875928878784,0.9803450107574463,-0.005557417869567871
37326,js,allow,permit,forbid,18,0.9964916110038757,0.9805371761322021,0.015954434871673584
37784,js,increase,raise,decrease,13,0.9927363395690918,0.9948728084564209,-0.0021364688873291016
38327,js,create,build,destroy,14,0.9911779165267944,0.9910796880722046,9.822845458984375e-05
38867,js,remove,delete,insert,12,0.9966006875038147,0.992250382900238,0.00435030460357666
39516,js,remove,delete,insert,8,0.9943312406539917,0.9834952354431152,0.010836005210876465
39533,js,add,insert,remove,18,0.9951536655426025,0.9963361620903015,-0.0011824965476989746
39790,js,allow,permit,forbid,12,0.9845066070556641,0.9813223481178284,0.0031842589378356934
39859,js,added,inserted,removed,12,0.9821258783340454,0.9919825792312622,-0.009856700897216797
40547,js,add,insert,remove,9,0.9770265221595764,0.958022952079773,0.019003570079803467
40717,js,start,begin,stop,29,0.9992321133613586,0.9956833124160767,0.0035488009452819824
40717,js,opened,unlocked,closed,29,0.9934756755828857,0.9961817860603333,-0.0027061104774475098
40928,js,allow,permit,forbid,34,0.9934598207473755,0.9857385158538818,0.007721304893493652
41865,js,adding,inserting,removing,8,0.9829059839248657,0.9827463030815125,0.00015968084335327148
42466,js,disable,block,enable,15,0.9843987822532654,0.9931849837303162,-0.008786201477050781
42466,js,allows,permits,forbids,15,0.985884964466095,0.9693212509155273,0.016563713550567627
42816,js,create,build,destroy,11,0.9850603342056274,0.9795984029769897,0.005461931228637695
43045,js,remove,delete,insert,12,0.9948581457138062,0.9901986718177795,0.004659473896026611
44101,js,add,insert,remove,13,0.9907914400100708,0.990863561630249,-7.212162017822266e-05
44196,js,add,insert,remove,7,0.975600004196167,0.9854770302772522,-0.009877026081085205
44823,js,added,inserted,removed,6,0.9675334095954895,0.9871643781661987,-0.01963096857070923
1141,js,show,display,hide,6,0.9732052087783813,0.9831369519233704,-0.009931743144989014
2565,js,increase,raise,decrease,7,0.9877289533615112,0.9902997016906738,-0.0025707483291625977
3319,js,added,inserted,removed,6,0.9675864577293396,0.9911493062973022,-0.023562848567962646
4770,js,allow,permit,forbid,16,0.9784867167472839,0.9716522097587585,0.006834506988525391
4919,js,hidden,covered,shown,7,0.959924578666687,0.9596465229988098,0.00027805566787719727
5873,js,disable,block,enable,10,0.9925188422203064,0.9963202476501465,-0.003801405429840088
7915,js,add,insert,remove,7,0.9817739129066467,0.9899484515190125,-0.008174538612365723
8098,js,add,insert,remove,11,0.9824896454811096,0.9649567604064941,0.01753288507461548
8240,js,add,insert,remove,10,0.9887787103652954,0.9848556518554688,0.00392305850982666
8471,js,adding,inserting,removing,8,0.9859725832939148,0.9796422123908997,0.006330370903015137
8572,js,added,inserted,removed,21,0.9902348518371582,0.9920835494995117,-0.0018486976623535156
11006,js,add,insert,remove,10,0.9769203066825867,0.9787783026695251,-0.0018579959869384766
11099,js,added,inserted,removed,12,0.9874984622001648,0.9933390021324158,-0.0058405399322509766
12269,js,add,insert,remove,17,0.9884312748908997,0.986570417881012,0.0018608570098876953
12296,js,add,insert,remove,8,0.9815055727958679,0.9915363788604736,-0.010030806064605713
12519,js,allow,permit,forbid,6,0.9643657803535461,0.9448728561401367,0.019492924213409424
13588,js,add,insert,remove,9,0.987617015838623,0.9895925521850586,-0.001975536346435547
13941,js,added,inserted,removed,7,0.9647464752197266,0.9852850437164307,-0.0205385684967041
15423,js,added,inserted,removed,7,0.9710252285003662,0.9809294939041138,-0.009904265403747559
15534,js,add,insert,remove,7,0.9841750860214233,0.9836055040359497,0.0005695819854736328
15740,js,add,insert,remove,6,0.9948010444641113,0.9946554899215698,0.0001455545425415039
16727,js,add,insert,remove,8,0.9758575558662415,0.9917216300964355,-0.015864074230194092
16753,js,add,insert,remove,9,0.9904267191886902,0.9829383492469788,0.007488369941711426
16753,js,enable,permit,disable,9,0.9733517169952393,0.9914724826812744,-0.018120765686035156
17082,js,add,insert,remove,6,0.9805513620376587,0.9869296550750732,-0.006378293037414551
17182,js,added,inserted,removed,7,0.9651121497154236,0.9918997287750244,-0.02678757905960083
18651,js,add,insert,remove,7,0.9748033881187439,0.9859417676925659,-0.011138379573822021
19407,js,add,insert,remove,6,0.9613319635391235,0.9820001125335693,-0.0206681489944458
19714,js,add,insert,remove,16,0.9859153628349304,0.9883403182029724,-0.002424955368041992
20736,js,added,inserted,removed,9,0.9805600643157959,0.991686999797821,-0.011126935482025146
21299,js,adding,inserting,removing,8,0.9731144309043884,0.9692265391349792,0.0038878917694091797
22866,js,increase,raise,decrease,5,0.985236406326294,0.9902927279472351,-0.005056321620941162
23609,js,enabled,permitted,disabled,8,0.9845161437988281,0.9873369932174683,-0.0028208494186401367
24234,js,add,insert,remove,15,0.9897750616073608,0.9888514280319214,0.0009236335754394531
24881,js,removed,deleted,inserted,7,0.973005473613739,0.9601852297782898,0.012820243835449219
25019,js,adding,inserting,removing,7,0.9894157648086548,0.9866787195205688,0.0027370452880859375
25522,js,allow,permit,forbid,8,0.977960467338562,0.9661615490913391,0.0117989182472229
25648,js,added,inserted,removed,7,0.9639231562614441,0.9893085956573486,-0.02538543939590454
26278,js,add,insert,remove,9,0.9796046614646912,0.985613226890564,-0.006008565425872803
27255,js,add,insert,remove,8,0.9848073124885559,0.9894221425056458,-0.004614830017089844
27967,js,added,inserted,removed,7,0.9830489754676819,0.990857720375061,-0.00780874490737915
27967,js,remove,delete,insert,7,0.9919588565826416,0.9824285507202148,0.009530305862426758
28509,js,include,contain,exclude,6,0.972407341003418,0.9720059037208557,0.00040143728256225586
30298,js,add,insert,remove,8,0.9860342741012573,0.9883195757865906,-0.002285301685333252
30376,js,removed,deleted,inserted,13,0.9895657300949097,0.9846158623695374,0.0049498677253723145
30513,js,adds,inserts,removes,11,0.980501651763916,0.9744224548339844,0.006079196929931641
32999,js,added,inserted,removed,7,0.9753350615501404,0.9794729948043823,-0.004137933254241943
32999,js,remove,delete,insert,7,0.9895567893981934,0.9763904213905334,0.013166368007659912
34051,js,added,inserted,removed,7,0.9562824368476868,0.9747976660728455,-0.01851522922515869
34681,js,add,insert,remove,12,0.9935622215270996,0.992624044418335,0.0009381771087646484
34901,js,add,insert,remove,8,0.9877732992172241,0.9914780855178833,-0.0037047863006591797
35077,js,remove,delete,insert,22,0.9966027736663818,0.9881594777107239,0.008443295955657959
35954,js,add,insert,remove,8,0.982398509979248,0.9890300631523132,-0.0066315531730651855
36825,js,added,inserted,removed,5,0.9669733047485352,0.9633790850639343,0.00359421968460083
37228,js,create,build,destroy,10,0.98685622215271,0.9873120784759521,-0.0004558563232421875
37403,js,added,inserted,removed,6,0.9367842674255371,0.9895567297935486,-0.052772462368011475
37520,js,add,insert,remove,6,0.9525979161262512,0.9807218909263611,-0.028123974800109863
37792,js,added,inserted,removed,11,0.9888904094696045,0.9709492921829224,0.01794111728668213
37792,js,removed,deleted,inserted,11,0.9925717115402222,0.979712724685669,0.012858986854553223
38207,js,added,inserted,removed,10,0.9806766510009766,0.9894989132881165,-0.008822262287139893
38462,js,starts,begins,stops,28,0.9974485635757446,0.9947628974914551,0.0026856660842895508
38462,js,create,build,destroy,28,0.9953219294548035,0.9940438270568848,0.0012781023979187012
38462,js,creates,builds,destroys,28,0.9972708225250244,0.9926989078521729,0.0045719146728515625
38711,js,create,build,destroy,12,0.9910629987716675,0.9919149875640869,-0.0008519887924194336
39425,js,added,inserted,removed,8,0.9810759425163269,0.992792546749115,-0.011716604232788086
6,php,added,inserted,removed,5,0.9610924124717712,0.9696014523506165,-0.008509039878845215
31,php,creates,builds,destroys,9,0.9902824759483337,0.9728044271469116,0.01747804880142212
142,php,remove,delete,insert,6,0.968277096748352,0.9653035402297974,0.0029735565185546875
232,php,add,insert,remove,7,0.9810824394226074,0.9790231585502625,0.0020592808723449707
268,php,allow,permit,forbid,6,0.988498866558075,0.9827188849449158,0.00577998161315918
273,php,add,insert,remove,13,0.990717887878418,0.993583619594574,-0.002865731716156006
275,php,include,contain,exclude,7,0.9684532284736633,0.9692655801773071,-0.0008123517036437988
292,php,added,inserted,removed,10,0.9825839400291443,0.990628719329834,-0.008044779300689697
294,php,add,insert,remove,11,0.9856827259063721,0.9884164929389954,-0.002733767032623291
324,php,add,insert,remove,13,0.9971413612365723,0.9957414269447327,0.0013999342918395996
383,php,remove,delete,insert,8,0.9924490451812744,0.9836099147796631,0.008839130401611328
409,php,add,insert,remove,9,0.9759459495544434,0.9883477091789246,-0.012401759624481201
441,php,removed,deleted,inserted,6,0.9751983284950256,0.9639593362808228,0.01123899221420288
506,php,allow,permit,forbid,14,0.9937349557876587,0.9843717217445374,0.009363234043121338
581,php,remove,delete,insert,5,0.9915292263031006,0.9830570220947266,0.008472204208374023
594,php,remove,delete,insert,4,0.9816531538963318,0.977073609828949,0.0045795440673828125
619,php,remove,delete,insert,5,0.9944314360618591,0.9860564470291138,0.008374989032745361
635,php,remove,delete,insert,5,0.9941921830177307,0.9859840869903564,0.008208096027374268
685,php,remove,delete,insert,6,0.9930528402328491,0.9800909757614136,0.012961864471435547
701,php,remove,delete,insert,6,0.9966394305229187,0.9899416565895081,0.0066977739334106445
717,php,add,insert,remove,12,0.9838058948516846,0.9914015531539917,-0.007595658302307129
721,php,adding,inserting,removing,6,0.9764859080314636,0.968578040599823,0.007907867431640625
749,php,add,insert,remove,23,0.9940887689590454,0.9915217161178589,0.0025670528411865234
779,php,remove,delete,insert,6,0.982231616973877,0.9712262749671936,0.01100534200668335
782,php,starting,beginning,stopping,11,0.9904906749725342,0.9790071249008179,0.011483550071716309
815,php,remove,delete,insert,11,0.9773139953613281,0.9757593274116516,0.0015546679496765137
869,php,remove,delete,insert,4,0.9889209270477295,0.9762605428695679,0.012660384178161621
894,php,allow,permit,forbid,10,0.9904659986495972,0.9816164374351501,0.008849561214447021
926,php,add,insert,remove,13,0.9804242849349976,0.9816814661026001,-0.001257181167602539
974,php,allow,permit,forbid,8,0.9780898094177246,0.9689497947692871,0.0091400146484375
1230,php,add,insert,remove,11,0.9916589260101318,0.9908970594406128,0.000761866569519043
1253,php,adds,inserts,removes,6,0.9755699038505554,0.9802972674369812,-0.004727363586425781
1300,php,remove,delete,insert,10,0.9899537563323975,0.9784685373306274,0.01148521900177002
1300,php,remove,delete,insert,10,0.9899537563323975,0.9784685373306274,0.01148521900177002
1306,php,add,insert,remove,7,0.9902594089508057,0.9744665026664734,0.015792906284332275
1335,php,removing,deleting,inserting,12,0.9841791987419128,0.9816636443138123,0.002515554428100586
1338,php,allow,permit,forbid,7,0.9835973978042603,0.9709119200706482,0.01268547773361206
1409,php,remove,delete,insert,6,0.9882671236991882,0.9770122766494751,0.011254847049713135
1436,php,added,inserted,removed,14,0.97674161195755,0.9912368059158325,-0.01449519395828247
1454,php,adding,inserting,removing,13,0.9827369451522827,0.9766230583190918,0.006113886833190918
1490,php,allow,permit,forbid,9,0.9519415497779846,0.9511159658432007,0.0008255839347839355
1493,php,includes,contains,excludes,9,0.9963160753250122,0.9808485507965088,0.015467524528503418
1501,php,added,inserted,removed,10,0.9707888960838318,0.9862605333328247,-0.01547163724899292
1502,php,adding,inserting,removing,19,0.9941864013671875,0.992343544960022,0.0018428564071655273
1502,php,allows,permits,forbids,19,0.9976441264152527,0.9881462454795837,0.009497880935668945
1543,php,add,insert,remove,11,0.992506742477417,0.9938263297080994,-0.001319587230682373
1569,php,add,insert,remove,11,0.992023229598999,0.9902878999710083,0.0017353296279907227
1570,php,add,insert,remove,6,0.9875495433807373,0.9903007745742798,-0.0027512311935424805
1577,php,allow,permit,forbid,9,0.9763931632041931,0.9576775431632996,0.018715620040893555
1583,php,add,insert,remove,6,0.9892745614051819,0.9922268390655518,-0.002952277660369873
1609,php,remove,delete,insert,8,0.9911676645278931,0.9862488508224487,0.004918813705444336
1623,php,add,insert,remove,6,0.973433792591095,0.9755555987358093,-0.0021218061447143555
1645,php,creating,building,destroying,9,0.9871776700019836,0.9822927713394165,0.004884898662567139
1671,php,remove,delete,insert,4,0.9874054193496704,0.9698816537857056,0.017523765563964844
1714,php,add,insert,remove,5,0.9843029975891113,0.988037645816803,-0.0037346482276916504
1804,php,add,insert,remove,9,0.9912450313568115,0.994435727596283,-0.0031906962394714355
1804,php,added,inserted,removed,9,0.9934619665145874,0.9905679821968079,0.002893984317779541
1873,php,added,inserted,removed,9,0.9807407259941101,0.9845014810562134,-0.0037607550621032715
1878,php,add,insert,remove,6,0.9847873449325562,0.9895780086517334,-0.004790663719177246
1879,php,add,insert,remove,8,0.9930523633956909,0.9917771220207214,0.0012752413749694824
1885,php,add,insert,remove,5,0.9723924994468689,0.9888136982917786,-0.016421198844909668
1890,php,add,insert,remove,5,0.9921371936798096,0.9905096292495728,0.0016275644302368164
1905,php,add,insert,remove,7,0.9866397976875305,0.9909895658493042,-0.004349768161773682
1928,php,add,insert,remove,5,0.9839788675308228,0.9892458915710449,-0.005267024040222168
2030,php,add,insert,remove,6,0.9919937252998352,0.9915239810943604,0.0004697442054748535
2031,php,add,insert,remove,9,0.9925095438957214,0.9873648285865784,0.005144715309143066
2031,php,remove,delete,insert,9,0.9936265349388123,0.9868501424789429,0.006776392459869385
2075,php,add,insert,remove,10,0.9927064180374146,0.991676390171051,0.0010300278663635254
2090,php,add,insert,remove,10,0.987785279750824,0.9869091510772705,0.0008761286735534668
2091,php,add,insert,remove,7,0.9924453496932983,0.9916079044342041,0.0008374452590942383
2097,php,remove,delete,insert,6,0.9876455664634705,0.9783596992492676,0.00928586721420288
2137,php,removed,deleted,inserted,20,0.9983479976654053,0.9925757050514221,0.005772292613983154
2147,php,add,insert,remove,13,0.9936010837554932,0.989343523979187,0.004257559776306152
2156,php,add,insert,remove,9,0.9885110855102539,0.9888578653335571,-0.00034677982330322266
2181,php,allow,permit,forbid,10,0.9763708114624023,0.9683482050895691,0.008022606372833252
2190,php,add,insert,remove,6,0.9886844158172607,0.9883837103843689,0.0003007054328918457
2225,php,added,inserted,removed,13,0.9867266416549683,0.9943501949310303,-0.007623553276062012
2225,php,allowed,permitted,forbade,13,0.9974202513694763,0.9745985865592957,0.022821664810180664
2261,php,add,insert,remove,8,0.9889419078826904,0.988484799861908,0.0004571080207824707
2266,php,add,insert,remove,10,0.9903092384338379,0.9924985766410828,-0.002189338207244873
2275,php,added,inserted,removed,11,0.9909716248512268,0.9951463341712952,-0.004174709320068359
2275,php,removed,deleted,inserted,11,0.9945127367973328,0.9883263111114502,0.006186425685882568
2296,php,allow,permit,forbid,13,0.9808656573295593,0.989192008972168,-0.008326351642608643
2321,php,added,inserted,removed,9,0.9231768250465393,0.9443669319152832,-0.021190106868743896
2322,php,added,inserted,removed,6,0.9747335910797119,0.9790181517601013,-0.004284560680389404
2481,php,hidden,covered,shown,10,0.9884353280067444,0.9870643615722656,0.0013709664344787598
2505,php,allow,permit,forbid,8,0.9907907247543335,0.9693013429641724,0.021489381790161133
2515,php,add,insert,remove,6,0.9694511890411377,0.9858391284942627,-0.016387939453125
2533,php,added,inserted,removed,6,0.9802152514457703,0.9820027351379395,-0.0017874836921691895
2533,php,disable,block,enable,6,0.9867702722549438,0.9889645576477051,-0.0021942853927612305
2505,php,allow,permit,forbid,8,0.9907907247543335,0.9693013429641724,0.021489381790161133
2515,php,add,insert,remove,6,0.9694511890411377,0.9858391284942627,-0.016387939453125
2547,php,add,insert,remove,5,0.978171706199646,0.9786717295646667,-0.000500023365020752
2547,php,removed,deleted,inserted,5,0.9880923628807068,0.9823193550109863,0.005773007869720459
2552,php,added,inserted,removed,6,0.9719562530517578,0.9743598103523254,-0.002403557300567627
2557,php,enable,permit,disable,5,0.9760361909866333,0.9759393930435181,9.679794311523438e-05
2569,php,add,insert,remove,11,0.9834909439086914,0.9920818209648132,-0.008590877056121826
2576,php,add,insert,remove,6,0.9806233644485474,0.9915103912353516,-0.0108870267868042
2576,php,hidden,covered,shown,6,0.9751895666122437,0.9801192879676819,-0.004929721355438232
2593,php,remove,delete,insert,5,0.9939921498298645,0.9838446378707886,0.010147511959075928
2621,php,create,build,destroy,9,0.9802672863006592,0.986894965171814,-0.006627678871154785
2622,php,add,insert,remove,7,0.9938185214996338,0.988480806350708,0.005337715148925781
2622,php,remove,delete,insert,7,0.9943938851356506,0.981453537940979,0.01294034719467163
2632,php,remove,delete,insert,5,0.9919589161872864,0.9658622741699219,0.026096642017364502
2897,php,add,insert,remove,9,0.9877040386199951,0.9867692589759827,0.0009347796440124512
3140,php,allow,permit,forbid,15,0.9821965098381042,0.9811419248580933,0.0010545849800109863
3146,php,allow,permit,forbid,12,0.9739725589752197,0.9715144038200378,0.0024581551551818848
3181,php,disabled,blocked,enabled,11,0.9864234924316406,0.9875397086143494,-0.0011162161827087402
3240,php,add,insert,remove,7,0.9827830791473389,0.9912239909172058,-0.008440911769866943
3277,php,remove,delete,insert,5,0.9594830274581909,0.9629972577095032,-0.003514230251312256
3281,php,add,insert,remove,8,0.9882792830467224,0.9914666414260864,-0.0031873583793640137
3296,php,add,insert,remove,14,0.9953903555870056,0.9919767379760742,0.0034136176109313965
3299,php,remove,delete,insert,5,0.9917581081390381,0.9847950339317322,0.006963074207305908
3339,php,removed,deleted,inserted,9,0.9799624085426331,0.9830478429794312,-0.0030854344367980957
3373,php,remove,delete,insert,4,0.9838684797286987,0.9637466669082642,0.02012181282043457
3452,php,add,insert,remove,13,0.9939252138137817,0.9942543506622314,-0.00032913684844970703
3454,php,add,insert,remove,21,0.9975268840789795,0.9978691339492798,-0.00034224987030029297
3477,php,allow,permit,forbid,8,0.98846036195755,0.980002224445343,0.008458137512207031
3482,php,allow,permit,forbid,35,0.9946293234825134,0.992925226688385,0.001704096794128418
3496,php,allow,permit,forbid,35,0.9947872161865234,0.9938321113586426,0.0009551048278808594
3496,php,allows,permits,forbids,35,0.9976730346679688,0.991757869720459,0.005915164947509766
3549,php,adds,inserts,removes,53,0.9932464361190796,0.9960343837738037,-0.002787947654724121
3549,php,increases,raises,decreases,53,0.9961725473403931,0.9961840510368347,-1.150369644165039e-05
3549,php,create,build,destroy,53,0.9981436729431152,0.9956827759742737,0.0024608969688415527
3637,php,removed,deleted,inserted,8,0.9884158372879028,0.9793546199798584,0.009061217308044434
3645,php,removing,deleting,inserting,11,0.9814135432243347,0.9810193181037903,0.0003942251205444336
3668,php,added,inserted,removed,11,0.9830466508865356,0.9925897121429443,-0.009543061256408691
3668,php,allow,permit,forbid,11,0.9934830069541931,0.9648503065109253,0.028632700443267822
3708,php,remove,delete,insert,5,0.991666316986084,0.9804207682609558,0.011245548725128174
3736,php,add,insert,remove,9,0.9839889407157898,0.9894546866416931,-0.00546574592590332
3760,php,add,insert,remove,10,0.9904146194458008,0.9840954542160034,0.006319165229797363
3767,php,include,contain,exclude,10,0.9857882261276245,0.9911370277404785,-0.005348801612854004
3787,php,add,insert,remove,9,0.9926644563674927,0.99293053150177,-0.00026607513427734375
3821,php,add,insert,remove,7,0.9910038709640503,0.9926247596740723,-0.0016208887100219727
3829,php,add,insert,remove,8,0.9936686754226685,0.9926804900169373,0.0009881854057312012
3830,php,add,insert,remove,9,0.9912278056144714,0.9894211292266846,0.0018066763877868652
3885,php,add,insert,remove,9,0.9851061701774597,0.9897867441177368,-0.0046805739402771
3928,php,hide,cover,show,7,0.9649232625961304,0.9601747393608093,0.004748523235321045
4013,php,allow,permit,forbid,7,0.9757107496261597,0.9445886015892029,0.031122148036956787
4067,php,added,inserted,removed,13,0.977838933467865,0.9911748170852661,-0.013335883617401123
4072,php,add,insert,remove,5,0.9604377746582031,0.9554095268249512,0.005028247833251953
4073,php,added,inserted,removed,10,0.9738927483558655,0.9804888367652893,-0.006596088409423828
4098,php,added,inserted,removed,7,0.9813642501831055,0.9938780069351196,-0.01251375675201416
4098,php,enable,permit,disable,7,0.9722704887390137,0.9910593032836914,-0.018788814544677734
4100,php,added,inserted,removed,14,0.9781103134155273,0.9827982783317566,-0.004687964916229248
4100,php,remove,delete,insert,14,0.9911137819290161,0.984917402267456,0.006196379661560059
4109,php,increase,raise,decrease,14,0.9831286668777466,0.9879785180091858,-0.004849851131439209
4141,php,added,inserted,removed,9,0.971832275390625,0.9848901033401489,-0.013057827949523926
4249,php,remove,delete,insert,6,0.9956079721450806,0.9888920187950134,0.006715953350067139
4256,php,created,built,destroyed,8,0.9912217855453491,0.9753705859184265,0.015851199626922607
4272,php,remove,delete,insert,5,0.9943389296531677,0.9826619625091553,0.011676967144012451
4283,php,add,insert,remove,7,0.9948341846466064,0.9958081841468811,-0.0009739995002746582
4318,php,show,display,hide,14,0.9911128282546997,0.9899255037307739,0.0011873245239257812
4318,php,showing,displaying,hiding,14,0.9880415797233582,0.9807344675064087,0.007307112216949463
4457,php,added,inserted,removed,14,0.9777643084526062,0.9877724647521973,-0.010008156299591064
4457,php,show,display,hide,14,0.9911189079284668,0.9876269102096558,0.003491997718811035
4547,php,add,insert,remove,7,0.9903337359428406,0.9934524297714233,-0.0031186938285827637
4569,php,adding,inserting,removing,6,0.9777747392654419,0.9685589671134949,0.009215772151947021
4570,php,adding,inserting,removing,9,0.9862578511238098,0.9807633757591248,0.005494475364685059
4575,php,add,insert,remove,13,0.9907774329185486,0.9926568269729614,-0.0018793940544128418
4646,php,added,inserted,removed,11,0.9924647808074951,0.9923492074012756,0.00011557340621948242
4660,php,added,inserted,removed,14,0.9860976338386536,0.9948220252990723,-0.008724391460418701
4666,php,remove,delete,insert,13,0.9908020496368408,0.9768735766410828,0.013928472995758057
4729,php,add,insert,remove,6,0.9614327549934387,0.991478443145752,-0.030045688152313232
4843,php,allow,permit,forbid,9,0.9912067651748657,0.9860507845878601,0.005155980587005615
4855,php,add,insert,remove,9,0.9707654714584351,0.986497163772583,-0.01573169231414795
4867,php,add,insert,remove,8,0.991021454334259,0.9868136048316956,0.0042078495025634766
4903,php,add,insert,remove,13,0.9929682612419128,0.9917198419570923,0.0012484192848205566
4963,php,remove,delete,insert,6,0.9885479211807251,0.9815646409988403,0.006983280181884766
4995,php,add,insert,remove,4,0.9838024377822876,0.9864025115966797,-0.00260007381439209
6263,php,disable,block,enable,5,0.978553295135498,0.9919904470443726,-0.013437151908874512
6351,php,added,inserted,removed,5,0.9697145819664001,0.9894383549690247,-0.01972377300262451
6371,php,remove,delete,insert,4,0.9823027849197388,0.9689533710479736,0.013349413871765137
6385,php,removed,deleted,inserted,33,0.9974309802055359,0.995063304901123,0.002367675304412842
6385,php,open,unlock,close,33,0.9936061501502991,0.9978024363517761,-0.004196286201477051
6449,php,added,inserted,removed,6,0.9555297493934631,0.9813117384910583,-0.025781989097595215
6451,php,allow,permit,forbid,6,0.9589389562606812,0.9389532804489136,0.019985675811767578
6515,php,adding,inserting,removing,13,0.992066502571106,0.9897245168685913,0.0023419857025146484
6515,php,removing,deleting,inserting,13,0.9953782558441162,0.9906406998634338,0.004737555980682373
6535,php,enable,permit,disable,10,0.9657383561134338,0.9838587641716003,-0.018120408058166504
6538,php,added,inserted,removed,17,0.9866625070571899,0.9944519996643066,-0.007789492607116699
6571,php,accept,take,reject,20,0.9953999519348145,0.9914628267288208,0.003937125205993652
6621,php,add,insert,remove,10,0.9933091402053833,0.9945322275161743,-0.0012230873107910156
6627,php,added,inserted,removed,12,0.9851885437965393,0.9902642965316772,-0.0050757527351379395
6630,php,added,inserted,removed,9,0.9893673658370972,0.9934585094451904,-0.004091143608093262
6631,php,added,inserted,removed,10,0.9658817052841187,0.970503032207489,-0.004621326923370361
6631,php,create,build,destroy,10,0.9898516535758972,0.9791455268859863,0.010706126689910889
6635,php,creating,building,destroying,9,0.9533361792564392,0.9779807329177856,-0.024644553661346436
6695,php,add,insert,remove,7,0.9765481948852539,0.9857377409934998,-0.00918954610824585
6695,php,start,begin,stop,7,0.9944857358932495,0.9896972179412842,0.004788517951965332
6715,php,add,insert,remove,37,0.9941431283950806,0.9948090314865112,-0.0006659030914306641
6716,php,add,insert,remove,33,0.9957762956619263,0.9958542585372925,-7.796287536621094e-05
6716,php,remove,delete,insert,33,0.995944619178772,0.9944960474967957,0.0014485716819763184
6717,php,add,insert,remove,9,0.9847654104232788,0.9802659749984741,0.0044994354248046875
6774,php,add,insert,remove,8,0.9944711327552795,0.9933955669403076,0.0010755658149719238
6801,php,remove,delete,insert,7,0.9927964210510254,0.9884628057479858,0.004333615303039551
7029,php,add,insert,remove,12,0.9867955446243286,0.9884145259857178,-0.0016189813613891602
7033,php,remove,delete,insert,5,0.9874556064605713,0.9784027338027954,0.009052872657775879
7038,php,add,insert,remove,6,0.9783036708831787,0.9816644787788391,-0.0033608078956604004
7038,php,remove,delete,insert,6,0.9942063093185425,0.9789586067199707,0.015247702598571777
7173,php,remove,delete,insert,6,0.9909646511077881,0.982936441898346,0.008028209209442139
7243,php,add,insert,remove,8,0.9923407435417175,0.9886297583580017,0.0037109851837158203
7243,php,remove,delete,insert,8,0.9904721975326538,0.9840843677520752,0.006387829780578613
7264,php,created,built,destroyed,13,0.9933881759643555,0.9868589639663696,0.00652921199798584
7265,php,show,display,hide,16,0.9967790246009827,0.9951927661895752,0.0015862584114074707
7328,php,removed,deleted,inserted,26,0.993401288986206,0.9833865165710449,0.010014772415161133
7521,php,show,display,hide,7,0.9894888401031494,0.9805644750595093,0.008924365043640137
7540,php,enabled,permitted,disabled,6,0.9900013208389282,0.9932776689529419,-0.003276348114013672
7598,php,remove,delete,insert,5,0.9950472116470337,0.9846130609512329,0.010434150695800781
7682,php,removed,deleted,inserted,7,0.9932547807693481,0.9829869866371155,0.010267794132232666
7706,php,added,inserted,removed,11,0.980616569519043,0.9868922233581543,-0.006275653839111328
7832,php,add,insert,remove,10,0.9920527338981628,0.9925861954689026,-0.0005334615707397461
7873,php,remove,delete,insert,12,0.9956232309341431,0.9899346828460693,0.0056885480880737305
7901,php,add,insert,remove,5,0.9893918037414551,0.9945462942123413,-0.0051544904708862305
7946,php,remove,delete,insert,4,0.9815160036087036,0.9713228940963745,0.010193109512329102
8100,php,add,insert,remove,9,0.9851816892623901,0.9835336208343506,0.0016480684280395508
8100,php,removed,deleted,inserted,9,0.9927024841308594,0.9776188731193542,0.015083611011505127
8117,php,remove,delete,insert,6,0.9903424382209778,0.9726963043212891,0.01764613389968872
8163,php,add,insert,remove,7,0.9817966222763062,0.9740079641342163,0.007788658142089844
8163,php,remove,delete,insert,7,0.9817044138908386,0.9893032312393188,-0.007598817348480225
8192,php,add,insert,remove,8,0.9705963730812073,0.9859443306922913,-0.015347957611083984
8344,php,remove,delete,insert,7,0.9813117980957031,0.9836137294769287,-0.002301931381225586
8391,php,remove,delete,insert,12,0.9906843304634094,0.986838698387146,0.0038456320762634277
8405,php,adds,inserts,removes,17,0.9961029291152954,0.9940783977508545,0.002024531364440918
125,py,add,insert,remove,10,0.9917083978652954,0.9913848638534546,0.0003235340118408203
219,py,create,build,destroy,13,0.9951733350753784,0.9907258749008179,0.004447460174560547
286,py,create,build,destroy,10,0.9850432872772217,0.987825870513916,-0.002782583236694336
633,py,added,inserted,removed,12,0.9685057997703552,0.9938646554946899,-0.025358855724334717
647,py,added,inserted,removed,9,0.9831154942512512,0.9934824705123901,-0.010366976261138916
652,py,add,insert,remove,18,0.992038905620575,0.9929184913635254,-0.0008795857429504395
751,py,start,begin,stop,11,0.9960989952087402,0.9821943640708923,0.0139046311378479
877,py,allow,permit,forbid,8,0.980956494808197,0.9626575708389282,0.0182989239692688
1133,py,add,insert,remove,8,0.9860579371452332,0.9838554263114929,0.0022025108337402344
1170,py,add,insert,remove,17,0.9926146864891052,0.9938184022903442,-0.0012037158012390137
1216,py,open,unlock,close,12,0.9716975688934326,0.9877538681030273,-0.016056299209594727
1229,py,add,insert,remove,9,0.9879966378211975,0.9878976345062256,9.900331497192383e-05
1284,py,allow,permit,forbid,6,0.9755830764770508,0.9729521870613098,0.002630889415740967
1446,py,add,insert,remove,11,0.9940385222434998,0.9926317930221558,0.0014067292213439941
1898,py,add,insert,remove,9,0.9781838059425354,0.9895347356796265,-0.011350929737091064
2199,py,add,insert,remove,8,0.9920263886451721,0.9890643358230591,0.002962052822113037
2204,py,removes,deletes,inserts,8,0.9867821931838989,0.9753461480140686,0.011436045169830322
2400,py,allowed,permitted,forbade,7,0.983746349811554,0.9670432806015015,0.01670306921005249
2431,py,add,insert,remove,6,0.9852085709571838,0.988889217376709,-0.0036806464195251465
2701,py,remove,delete,insert,13,0.9802930355072021,0.9674373269081116,0.012855708599090576
2760,py,add,insert,remove,10,0.990931510925293,0.991455078125,-0.0005235671997070312
2820,py,allow,permit,forbid,10,0.9852805733680725,0.9727664589881897,0.012514114379882812
2832,py,adds,inserts,removes,18,0.9889469146728516,0.9876956343650818,0.0012512803077697754
2832,py,allow,permit,forbid,18,0.9962430000305176,0.9836763739585876,0.012566626071929932
2997,py,add,insert,remove,8,0.9797863960266113,0.9883502721786499,-0.008563876152038574
3086,py,add,insert,remove,10,0.994227409362793,0.9928200840950012,0.001407325267791748
3132,py,add,insert,remove,16,0.9900006055831909,0.9909401535987854,-0.0009395480155944824
3206,py,added,inserted,removed,11,0.9846311211585999,0.9837660789489746,0.0008650422096252441
3206,py,removed,deleted,inserted,11,0.9913545846939087,0.9669665694236755,0.024388015270233154
3257,py,added,inserted,removed,12,0.9879542589187622,0.9919971227645874,-0.004042863845825195
3422,py,added,inserted,removed,12,0.9791429042816162,0.9876652956008911,-0.008522391319274902
3699,py,adding,inserting,removing,13,0.9889216423034668,0.989318311214447,-0.0003966689109802246
4111,py,add,insert,remove,8,0.9799097776412964,0.99045330286026,-0.010543525218963623
4193,py,adding,inserting,removing,6,0.9805019497871399,0.9763776063919067,0.004124343395233154
4378,py,add,insert,remove,12,0.9934437870979309,0.989789605140686,0.003654181957244873
4378,py,enable,permit,disable,12,0.9855470657348633,0.9927709102630615,-0.007223844528198242
4605,py,creating,building,destroying,9,0.9882568120956421,0.9825776219367981,0.005679190158843994
4793,py,add,insert,remove,10,0.9759835004806519,0.9847293496131897,-0.008745849132537842
4923,py,added,inserted,removed,12,0.9711344242095947,0.9909176826477051,-0.01978325843811035
4960,py,add,insert,remove,8,0.9684165120124817,0.9832421541213989,-0.014825642108917236
5336,py,add,insert,remove,13,0.9942406415939331,0.9927973747253418,0.0014432668685913086
5338,py,added,inserted,removed,10,0.98505038022995,0.9898848533630371,-0.004834473133087158
5509,py,open,unlock,close,13,0.9832937121391296,0.9788528084754944,0.004440903663635254
5510,py,show,display,hide,11,0.9871264696121216,0.988292932510376,-0.0011664628982543945
5668,py,disabled,blocked,enabled,10,0.9903160333633423,0.9920636415481567,-0.0017476081848144531
5913,py,add,insert,remove,17,0.9920378923416138,0.992998480796814,-0.0009605884552001953
6191,py,add,insert,remove,9,0.9779030084609985,0.9920673370361328,-0.014164328575134277
6194,py,added,inserted,removed,24,0.9935764074325562,0.9959691166877747,-0.002392709255218506
6194,py,removed,deleted,inserted,24,0.9972741603851318,0.9917055368423462,0.0055686235427856445
6240,py,add,insert,remove,15,0.9937053918838501,0.9909244179725647,0.0027809739112854004
6240,py,remove,delete,insert,15,0.9953094720840454,0.9914754629135132,0.0038340091705322266
6302,py,increase,raise,decrease,10,0.9837818145751953,0.9889628887176514,-0.005181074142456055
6533,py,add,insert,remove,12,0.9888874292373657,0.9896973967552185,-0.0008099675178527832
6533,py,created,built,destroyed,12,0.9848253726959229,0.973760724067688,0.011064648628234863
6646,py,add,insert,remove,11,0.9871551990509033,0.9904816150665283,-0.003326416015625
6692,py,added,inserted,removed,9,0.9739493727684021,0.9862148761749268,-0.012265503406524658
6711,py,added,inserted,removed,21,0.9827001690864563,0.9849490523338318,-0.0022488832473754883
7349,py,allowing,permitting,forbidding,13,0.9921960830688477,0.9803460240364075,0.011850059032440186
7573,py,start,begin,stop,12,0.9874590039253235,0.9811417460441589,0.006317257881164551
7684,py,add,insert,remove,16,0.9929993748664856,0.99288409948349,0.00011527538299560547
8029,py,add,insert,remove,17,0.9947115182876587,0.9928888082504272,0.0018227100372314453
8029,py,create,build,destroy,17,0.991438090801239,0.9929320812225342,-0.001493990421295166
8465,py,added,inserted,removed,8,0.9768373966217041,0.9830942749977112,-0.00625687837600708
8745,py,add,insert,remove,6,0.9820396900177002,0.9896862506866455,-0.0076465606689453125
8874,py,added,inserted,removed,12,0.9833191633224487,0.9853941798210144,-0.002075016498565674
9073,py,add,insert,remove,11,0.9950671195983887,0.9957659840583801,-0.0006988644599914551
9181,py,enabling,permitting,disabling,14,0.9861224293708801,0.9893060922622681,-0.0031836628913879395
9194,py,allow,permit,forbid,13,0.9763071537017822,0.9712919592857361,0.005015194416046143
9297,py,add,insert,remove,9,0.9903070330619812,0.9865326285362244,0.003774404525756836
9297,py,remove,delete,insert,9,0.9865735769271851,0.9859819412231445,0.0005916357040405273
9401,py,adds,inserts,removes,9,0.986586332321167,0.9784975051879883,0.008088827133178711
9655,py,add,insert,remove,15,0.9887830018997192,0.9932595491409302,-0.0044765472412109375
10135,py,add,insert,remove,9,0.992753803730011,0.9804278016090393,0.01232600212097168
10392,py,add,insert,remove,5,0.9838930368423462,0.9855180978775024,-0.00162506103515625
10450,py,add,insert,remove,11,0.9906237125396729,0.9870661497116089,0.003557562828063965
10490,py,add,insert,remove,9,0.9902154803276062,0.9933190941810608,-0.00310361385345459
10737,py,disable,block,enable,14,0.9928261041641235,0.9949238896369934,-0.002097785472869873
10825,py,added,inserted,removed,8,0.9853730797767639,0.9787733554840088,0.006599724292755127
11069,py,added,inserted,removed,9,0.9720675349235535,0.9782331585884094,-0.006165623664855957
11615,py,add,insert,remove,16,0.9946659803390503,0.9961197376251221,-0.0014537572860717773
11781,py,added,inserted,removed,25,0.9912152886390686,0.9954922795295715,-0.00427699089050293
12098,py,add,insert,remove,10,0.9847716093063354,0.9863274097442627,-0.001555800437927246
12145,py,added,inserted,removed,8,0.9672088623046875,0.978865921497345,-0.01165705919265747
12878,py,disable,block,enable,7,0.9695461988449097,0.9929642081260681,-0.023418009281158447
13127,py,allow,permit,forbid,11,0.9853838086128235,0.9722667336463928,0.013117074966430664
13368,py,allow,permit,forbid,11,0.9921895265579224,0.9876328706741333,0.0045566558837890625
13578,py,allow,permit,forbid,14,0.9785225987434387,0.9769251942634583,0.0015974044799804688
14280,py,add,insert,remove,13,0.9915271997451782,0.9904919862747192,0.0010352134704589844
14316,py,added,inserted,removed,21,0.9888072609901428,0.9946529865264893,-0.0058457255363464355
14322,py,remove,delete,insert,12,0.9928670525550842,0.9843483567237854,0.008518695831298828
14336,py,adding,inserting,removing,8,0.9924516081809998,0.988167405128479,0.004284203052520752
14444,py,adding,inserting,removing,13,0.9842272400856018,0.9822312593460083,0.001995980739593506
14444,py,increasing,raising,decreasing,13,0.9681023359298706,0.9774912595748901,-0.009388923645019531
14610,py,add,insert,remove,9,0.9683108329772949,0.9844778776168823,-0.016167044639587402
14660,py,allow,permit,forbid,13,0.9871603846549988,0.9830250144004822,0.0041353702545166016
15176,py,added,inserted,removed,9,0.9871396422386169,0.9940875172615051,-0.006947875022888184
15206,py,enable,permit,disable,20,0.9864388704299927,0.9958486557006836,-0.009409785270690918
16386,py,add,insert,remove,10,0.9861219525337219,0.9732151031494141,0.012906849384307861
17624,py,add,insert,remove,10,0.9881033301353455,0.9921069741249084,-0.004003643989562988
18020,py,removed,deleted,inserted,15,0.991629958152771,0.9800799489021301,0.01155000925064087
18025,py,add,insert,remove,7,0.9927319288253784,0.9939433336257935,-0.001211404800415039
18068,py,added,inserted,removed,13,0.9863978028297424,0.9946357011795044,-0.008237898349761963
18087,py,enable,permit,disable,13,0.9770323038101196,0.9956201314926147,-0.018587827682495117
18706,py,added,inserted,removed,11,0.9866083860397339,0.9914790391921997,-0.00487065315246582
19003,py,add,insert,remove,8,0.9669126272201538,0.9810619354248047,-0.014149308204650879
19394,py,added,inserted,removed,20,0.9942463040351868,0.9939751625061035,0.00027114152908325195
19650,py,add,insert,remove,13,0.9753828048706055,0.980658233165741,-0.005275428295135498
20170,py,adds,inserts,removes,9,0.9832873940467834,0.9844728112220764,-0.0011854171752929688
20205,py,add,insert,remove,11,0.9925326704978943,0.989284873008728,0.0032477974891662598
21128,py,remove,delete,insert,12,0.991297721862793,0.9790245294570923,0.012273192405700684
21259,py,added,inserted,removed,8,0.9826273322105408,0.9902054071426392,-0.007578074932098389
21363,py,allow,permit,forbid,18,0.9976271390914917,0.9876692891120911,0.009957849979400635
21490,py,allow,permit,forbid,11,0.9870346188545227,0.9792047142982483,0.007829904556274414
22281,py,show,display,hide,6,0.9849774241447449,0.9830266237258911,0.0019508004188537598
22425,py,add,insert,remove,13,0.9882116913795471,0.98714280128479,0.00106889009475708
22454,py,enabled,permitted,disabled,11,0.992588996887207,0.9942061305046082,-0.001617133617401123
22680,py,add,insert,remove,10,0.9930408000946045,0.990233302116394,0.0028074979782104492
22823,py,add,insert,remove,12,0.9916527271270752,0.9927139282226562,-0.0010612010955810547
23059,py,added,inserted,removed,10,0.9883675575256348,0.9900102019309998,-0.0016426444053649902
23349,py,allow,permit,forbid,12,0.9794573187828064,0.9723699688911438,0.007087349891662598
23451,py,add,insert,remove,10,0.982465386390686,0.9941158890724182,-0.011650502681732178
23762,py,create,build,destroy,11,0.9923915863037109,0.9905614852905273,0.0018301010131835938
24501,py,add,insert,remove,8,0.9898103475570679,0.9913069605827332,-0.0014966130256652832
25384,py,add,insert,remove,16,0.9877476692199707,0.9891424179077148,-0.0013947486877441406
25439,py,add,insert,remove,11,0.9690288305282593,0.9865669012069702,-0.017538070678710938
25465,py,add,insert,remove,7,0.9767153859138489,0.9846564531326294,-0.007941067218780518
25648,py,add,insert,remove,12,0.9909752607345581,0.9917913675308228,-0.0008161067962646484
25885,py,adding,inserting,removing,10,0.9872329831123352,0.9825581908226013,0.004674792289733887
25950,py,allow,permit,forbid,9,0.9829187393188477,0.9705955386161804,0.012323200702667236
26147,py,accept,take,reject,14,0.9980974793434143,0.991619348526001,0.00647813081741333
26701,py,include,contain,exclude,12,0.9855307936668396,0.9858514070510864,-0.00032061338424682617
28286,py,added,inserted,removed,15,0.9869644045829773,0.9928613901138306,-0.0058969855308532715
28632,py,create,build,destroy,11,0.9950708150863647,0.9905252456665039,0.00454556941986084
29013,py,add,insert,remove,7,0.979383111000061,0.9823572039604187,-0.002974092960357666
29064,py,add,insert,remove,19,0.9925339818000793,0.9932820796966553,-0.0007480978965759277
29064,py,remove,delete,insert,19,0.9948824644088745,0.9904851913452148,0.004397273063659668
29548,py,adding,inserting,removing,11,0.9759755730628967,0.9732917547225952,0.0026838183403015137
30237,py,added,inserted,removed,7,0.9789528250694275,0.9899675250053406,-0.011014699935913086
30279,py,add,insert,remove,9,0.988831639289856,0.9843450784683228,0.004486560821533203
30584,py,add,insert,remove,9,0.9939604997634888,0.9941290616989136,-0.0001685619354248047
30601,py,added,inserted,removed,19,0.9881839752197266,0.9948915839195251,-0.006707608699798584
30770,py,include,contain,exclude,6,0.9824545979499817,0.9731674194335938,0.00928717851638794
30793,py,add,insert,remove,14,0.9948046207427979,0.9952861070632935,-0.00048148632049560547
30819,py,add,insert,remove,10,0.99049973487854,0.9896771907806396,0.0008225440979003906
31106,py,add,insert,remove,12,0.9838608503341675,0.9902686476707458,-0.006407797336578369
31208,py,adding,inserting,removing,21,0.9941813945770264,0.9903921484947205,0.003789246082305908
31285,py,add,insert,remove,8,0.9862715005874634,0.9886931777000427,-0.0024216771125793457
31471,py,add,insert,remove,16,0.9830420017242432,0.9927213191986084,-0.009679317474365234
31471,py,create,build,destroy,16,0.9935230016708374,0.9893585443496704,0.004164457321166992
31683,py,include,contain,exclude,14,0.9932235479354858,0.9901782870292664,0.0030452609062194824
31864,py,added,inserted,removed,17,0.9829806089401245,0.9785898923873901,0.004390716552734375
32029,py,allows,permits,forbids,11,0.988618016242981,0.9664068222045898,0.022211194038391113
32266,py,add,insert,remove,14,0.9696022868156433,0.980184018611908,-0.010581731796264648
32286,py,added,inserted,removed,9,0.9750692248344421,0.9912701845169067,-0.0162009596824646
32473,py,create,build,destroy,11,0.9948780536651611,0.9833295941352844,0.011548459529876709
32885,py,removed,deleted,inserted,15,0.9952930212020874,0.98418128490448,0.011111736297607422
33063,py,adds,inserts,removes,14,0.9825080633163452,0.9868823289871216,-0.004374265670776367
33063,py,allows,permits,forbids,14,0.9804291725158691,0.9594508409500122,0.020978331565856934
33198,py,add,insert,remove,8,0.9765486121177673,0.9881280064582825,-0.011579394340515137
33295,py,added,inserted,removed,6,0.98795086145401,0.9953855872154236,-0.007434725761413574
33505,py,show,display,hide,10,0.9937129020690918,0.9831215143203735,0.010591387748718262
33767,py,add,insert,remove,11,0.9902843236923218,0.991827130317688,-0.001542806625366211
34078,py,added,inserted,removed,12,0.989235520362854,0.9853036403656006,0.003931879997253418
35220,py,allow,permit,forbid,12,0.9948905110359192,0.9888297915458679,0.0060607194900512695
35366,py,create,build,destroy,10,0.9935142993927002,0.9876248836517334,0.005889415740966797
35535,py,add,insert,remove,9,0.9923259019851685,0.993436336517334,-0.0011104345321655273
35833,py,removing,deleting,inserting,11,0.9943462610244751,0.9893242120742798,0.0050220489501953125
36148,py,remove,delete,insert,11,0.9961007833480835,0.9886233806610107,0.007477402687072754
36432,py,added,inserted,removed,8,0.9840256571769714,0.9927877187728882,-0.008762061595916748
36700,py,add,insert,remove,12,0.994911789894104,0.9917620420455933,0.003149747848510742
37691,py,allow,permit,forbid,7,0.9867005944252014,0.9687067866325378,0.017993807792663574
37710,py,enable,permit,disable,11,0.9831423163414001,0.9935587048530579,-0.010416388511657715
37761,py,allow,permit,forbid,9,0.9650631546974182,0.9469000101089478,0.01816314458847046
37830,py,enable,permit,disable,6,0.9706814885139465,0.9866625070571899,-0.015981018543243408
38128,py,add,insert,remove,7,0.9799955487251282,0.98583984375,-0.005844295024871826
38403,py,add,insert,remove,27,0.9891329407691956,0.9905740022659302,-0.0014410614967346191
38636,py,remove,delete,insert,24,0.9949053525924683,0.9896571040153503,0.00524824857711792
38794,py,add,insert,remove,10,0.9922311305999756,0.994423508644104,-0.002192378044128418
39276,py,add,insert,remove,9,0.9879266023635864,0.9917268753051758,-0.0038002729415893555
39358,py,added,inserted,removed,13,0.9720584750175476,0.9911077618598938,-0.01904928684234619
39358,py,removed,deleted,inserted,13,0.9645232558250427,0.9705725312232971,-0.0060492753982543945
39667,py,add,insert,remove,9,0.9766893982887268,0.9862156510353088,-0.009526252746582031
39765,py,add,insert,remove,10,0.9914016723632812,0.9917696118354797,-0.00036793947219848633
39949,py,add,insert,remove,9,0.9888385534286499,0.9856253862380981,0.003213167190551758
40038,py,allow,permit,forbid,11,0.9684357047080994,0.9764783382415771,-0.008042633533477783
40202,py,add,insert,remove,13,0.9940850734710693,0.9945828914642334,-0.0004978179931640625
40516,py,allow,permit,forbid,10,0.9502567648887634,0.9443700909614563,0.005886673927307129
40621,py,add,insert,remove,6,0.9816480875015259,0.9857243299484253,-0.004076242446899414
40631,py,allow,permit,forbid,14,0.9964763522148132,0.9860423803329468,0.010433971881866455
40928,py,added,inserted,removed,15,0.9856658577919006,0.9927002191543579,-0.007034361362457275
40941,py,add,insert,remove,11,0.9845081567764282,0.9912549257278442,-0.006746768951416016
40994,py,added,inserted,removed,10,0.9845377206802368,0.9914116859436035,-0.006873965263366699
41186,py,add,insert,remove,24,0.9940750598907471,0.9930156469345093,0.001059412956237793
41194,py,remove,delete,insert,8,0.9953202605247498,0.9919267892837524,0.0033934712409973145
41269,py,add,insert,remove,11,0.9884864091873169,0.9910632371902466,-0.0025768280029296875
41921,py,added,inserted,removed,14,0.9814090728759766,0.9932975172996521,-0.011888444423675537
41952,py,added,inserted,removed,7,0.976677656173706,0.9931547045707703,-0.01647704839706421
42064,py,start,begin,stop,20,0.9813553690910339,0.9859715700149536,-0.004616200923919678
42453,py,added,inserted,removed,8,0.9780526757240295,0.9914068579673767,-0.013354182243347168
42478,py,add,insert,remove,8,0.9778736233711243,0.985243022441864,-0.007369399070739746
42703,py,add,insert,remove,14,0.9925179481506348,0.9926692247390747,-0.0001512765884399414
42759,py,add,insert,remove,12,0.9876314401626587,0.991712212562561,-0.004080772399902344
42815,py,added,inserted,removed,11,0.9795417785644531,0.990959644317627,-0.011417865753173828
43462,py,add,insert,remove,11,0.9781433343887329,0.9871453046798706,-0.009001970291137695
43705,py,starts,begins,stops,9,0.9947946071624756,0.9885856509208679,0.006208956241607666
43853,py,add,insert,remove,7,0.9876981973648071,0.9905818700790405,-0.0028836727142333984
44428,py,add,insert,remove,12,0.9895353317260742,0.9916142225265503,-0.0020788908004760742
38,rust,add,insert,remove,9,0.9914255738258362,0.9929376840591431,-0.0015121102333068848
46,rust,remove,delete,insert,5,0.9837895035743713,0.9778016209602356,0.005987882614135742
63,rust,adds,inserts,removes,23,0.9927168488502502,0.9897652864456177,0.0029515624046325684
105,rust,add,insert,remove,7,0.9877493381500244,0.9902893304824829,-0.002539992332458496
130,rust,add,insert,remove,11,0.9921149015426636,0.9948925971984863,-0.002777695655822754
147,rust,add,insert,remove,7,0.9864540100097656,0.9901506304740906,-0.003696620464324951
148,rust,remove,delete,insert,8,0.9910504817962646,0.9843443632125854,0.006706118583679199
164,rust,add,insert,remove,8,0.9896620512008667,0.9909260272979736,-0.0012639760971069336
170,rust,add,insert,remove,11,0.9852204322814941,0.9840589761734009,0.0011614561080932617
279,rust,add,insert,remove,27,0.9951735138893127,0.9943407773971558,0.0008327364921569824
289,rust,allow,permit,forbid,15,0.9775749444961548,0.9826734662055969,-0.005098521709442139
309,rust,add,insert,remove,14,0.9901535511016846,0.9901415705680847,1.1980533599853516e-05
417,rust,add,insert,remove,6,0.9738150835037231,0.9858394861221313,-0.012024402618408203
494,rust,include,contain,exclude,10,0.9919928312301636,0.9909791946411133,0.001013636589050293
564,rust,add,insert,remove,7,0.9721760749816895,0.9802483320236206,-0.008072257041931152
564,rust,created,built,destroyed,7,0.9793779850006104,0.974712610244751,0.004665374755859375
601,rust,add,insert,remove,7,0.9889426231384277,0.9857228994369507,0.0032197237014770508
601,rust,create,build,destroy,7,0.9869059324264526,0.9802501797676086,0.006655752658843994
629,rust,add,insert,remove,6,0.9800910949707031,0.9787185192108154,0.0013725757598876953
681,rust,allow,permit,forbid,7,0.9906294345855713,0.9655916094779968,0.025037825107574463
752,rust,remove,delete,insert,9,0.9956422448158264,0.9884745478630066,0.007167696952819824
781,rust,add,insert,remove,10,0.989088773727417,0.9835320115089417,0.005556762218475342
853,rust,add,insert,remove,11,0.9826469421386719,0.9832754135131836,-0.0006284713745117188
853,rust,allow,permit,forbid,11,0.9577645063400269,0.9531058669090271,0.004658639430999756
921,rust,added,inserted,removed,8,0.9758208990097046,0.9816485047340393,-0.005827605724334717
928,rust,creating,building,destroying,8,0.9912370443344116,0.9871717691421509,0.004065275192260742
944,rust,disable,block,enable,16,0.9847632646560669,0.9949241876602173,-0.01016092300415039
1101,rust,added,inserted,removed,9,0.9830756783485413,0.9813570380210876,0.0017186403274536133
1129,rust,add,insert,remove,8,0.9757388830184937,0.9899154901504517,-0.014176607131958008
1173,rust,remove,delete,insert,9,0.9949073195457458,0.9913027286529541,0.003604590892791748
1207,rust,add,insert,remove,5,0.9627442359924316,0.984833836555481,-0.022089600563049316
1210,rust,add,insert,remove,9,0.9858866930007935,0.9866467714309692,-0.0007600784301757812
1236,rust,add,insert,remove,9,0.9887904524803162,0.9901742339134216,-0.0013837814331054688
1262,rust,enable,permit,disable,8,0.9855294227600098,0.996121883392334,-0.010592460632324219
1275,rust,add,insert,remove,11,0.9789342880249023,0.9892734289169312,-0.010339140892028809
1310,rust,remove,delete,insert,7,0.979564905166626,0.975452184677124,0.004112720489501953
1321,rust,add,insert,remove,8,0.9727542996406555,0.9872532486915588,-0.01449894905090332
1388,rust,add,insert,remove,13,0.9893938899040222,0.9916924834251404,-0.002298593521118164
1449,rust,include,contain,exclude,11,0.9826810359954834,0.988426685333252,-0.005745649337768555
1461,rust,added,inserted,removed,11,0.9829235672950745,0.9922186732292175,-0.009295105934143066
1754,rust,create,build,destroy,13,0.9956013560295105,0.9903833866119385,0.0052179694175720215
1783,rust,add,insert,remove,11,0.9884118437767029,0.9926202893257141,-0.0042084455490112305
1809,rust,create,build,destroy,7,0.9931193590164185,0.9894113540649414,0.0037080049514770508
1821,rust,add,insert,remove,7,0.972446858882904,0.9699498414993286,0.0024970173835754395
1834,rust,add,insert,remove,8,0.9853024482727051,0.9866921901702881,-0.0013897418975830078
1919,rust,accept,take,reject,8,0.991802453994751,0.9894540309906006,0.0023484230041503906
2001,rust,starting,beginning,stopping,9,0.9879409074783325,0.9840183258056641,0.003922581672668457
2044,rust,started,began,stopped,7,0.9663856029510498,0.9737259149551392,-0.0073403120040893555
2090,rust,add,insert,remove,8,0.979082465171814,0.9919208288192749,-0.012838363647460938
2166,rust,create,build,destroy,11,0.9877608418464661,0.9843246340751648,0.0034362077713012695
2178,rust,include,contain,exclude,5,0.970974326133728,0.9826651811599731,-0.011690855026245117
2212,rust,create,build,destroy,8,0.9958932399749756,0.990364670753479,0.005528569221496582
2241,rust,add,insert,remove,8,0.986659824848175,0.9855836629867554,0.0010761618614196777
2241,rust,added,inserted,removed,8,0.9880648255348206,0.9823507070541382,0.005714118480682373
2256,rust,create,build,destroy,7,0.9714992642402649,0.978570818901062,-0.007071554660797119
2264,rust,add,insert,remove,6,0.9680318832397461,0.9766162037849426,-0.008584320545196533
2291,rust,allow,permit,forbid,6,0.940272867679596,0.9162001609802246,0.024072706699371338
2310,rust,create,build,destroy,8,0.9935610294342041,0.9892129898071289,0.004348039627075195
2333,rust,increase,raise,decrease,11,0.9917427897453308,0.992409348487854,-0.0006665587425231934
2376,rust,increase,raise,decrease,5,0.990746259689331,0.9932378530502319,-0.002491593360900879
2524,rust,allow,permit,forbid,9,0.9843539595603943,0.9920269250869751,-0.0076729655265808105
2734,rust,add,insert,remove,7,0.9832410216331482,0.990814208984375,-0.007573187351226807
2791,rust,remove,delete,insert,7,0.9937981367111206,0.9866708517074585,0.007127285003662109
2795,rust,add,insert,remove,6,0.9914263486862183,0.9905155897140503,0.0009107589721679688
2894,rust,creating,building,destroying,8,0.9905592799186707,0.9786012172698975,0.011958062648773193
2951,rust,remove,delete,insert,6,0.9813349843025208,0.9833478927612305,-0.002012908458709717
2988,rust,create,build,destroy,9,0.9938530921936035,0.9880884885787964,0.005764603614807129
2997,rust,disabled,blocked,enabled,9,0.9806931018829346,0.9755184054374695,0.005174696445465088
3048,rust,add,insert,remove,7,0.9767602682113647,0.974984347820282,0.0017759203910827637
3048,rust,remove,delete,insert,7,0.9798097610473633,0.9636463522911072,0.016163408756256104
3060,rust,allow,permit,forbid,5,0.9862775206565857,0.9811503887176514,0.005127131938934326
3100,rust,disable,block,enable,7,0.9751821160316467,0.9954044818878174,-0.020222365856170654
3182,rust,allow,permit,forbid,6,0.9689719080924988,0.9465526342391968,0.022419273853302002
3203,rust,enabled,permitted,disabled,11,0.987449049949646,0.9930141568183899,-0.0055651068687438965
3273,rust,allow,permit,forbid,8,0.9882456064224243,0.9847387075424194,0.003506898880004883
3322,rust,remove,delete,insert,17,0.996845006942749,0.9896994829177856,0.007145524024963379
3390,rust,remove,delete,insert,25,0.9975059032440186,0.9949402213096619,0.0025656819343566895
3467,rust,enable,permit,disable,13,0.9896878004074097,0.9970765113830566,-0.007388710975646973
3512,rust,creating,building,destroying,10,0.9825754761695862,0.9812198281288147,0.0013556480407714844
3605,rust,add,insert,remove,6,0.9872769117355347,0.9900820255279541,-0.0028051137924194336
3673,rust,start,begin,stop,14,0.9976006150245667,0.9867964386940002,0.010804176330566406
3763,rust,add,insert,remove,27,0.9947956800460815,0.9952951669692993,-0.0004994869232177734
3813,rust,add,insert,remove,8,0.9809268712997437,0.9876765012741089,-0.006749629974365234
3822,rust,create,build,destroy,15,0.9955964684486389,0.9904636740684509,0.005132794380187988
3850,rust,add,insert,remove,8,0.9936740398406982,0.9919759035110474,0.001698136329650879
3874,rust,add,insert,remove,8,0.9636494517326355,0.9824806451797485,-0.018831193447113037
3950,rust,add,insert,remove,6,0.9883612394332886,0.9912639260292053,-0.002902686595916748
3997,rust,adds,inserts,removes,47,0.9958130121231079,0.9947319030761719,0.0010811090469360352
4000,rust,add,insert,remove,9,0.9860332012176514,0.9849334955215454,0.001099705696105957
4000,rust,creating,building,destroying,9,0.9945082068443298,0.9879388213157654,0.006569385528564453
4028,rust,add,insert,remove,10,0.9863532781600952,0.9884791970252991,-0.0021259188652038574
4209,rust,create,build,destroy,11,0.9954321384429932,0.9844409823417664,0.010991156101226807
4376,rust,add,insert,remove,18,0.9944888353347778,0.9939938187599182,0.0004950165748596191
4376,rust,adding,inserting,removing,18,0.990167498588562,0.9894804954528809,0.0006870031356811523
4376,rust,removing,deleting,inserting,18,0.9967207908630371,0.9930094480514526,0.0037113428115844727
4405,rust,add,insert,remove,16,0.9869312047958374,0.9922277927398682,-0.005296587944030762
4606,rust,add,insert,remove,10,0.9823862314224243,0.9841222763061523,-0.0017360448837280273
4696,rust,add,insert,remove,7,0.9869186282157898,0.9907714128494263,-0.0038527846336364746
4717,rust,show,display,hide,12,0.995715320110321,0.9827791452407837,0.012936174869537354
4722,rust,add,insert,remove,7,0.9863618016242981,0.9873982667922974,-0.0010364651679992676
4727,rust,add,insert,remove,9,0.9873122572898865,0.9852913618087769,0.002020895481109619
4749,rust,add,insert,remove,44,0.9974531531333923,0.9951702952384949,0.002282857894897461
4749,rust,create,build,destroy,44,0.9976744055747986,0.9924324750900269,0.0052419304847717285
4758,rust,add,insert,remove,9,0.9911054372787476,0.9884321689605713,0.0026732683181762695
4773,rust,add,insert,remove,23,0.9960875511169434,0.9954253435134888,0.0006622076034545898
4774,rust,add,insert,remove,8,0.9839767217636108,0.9920801520347595,-0.008103430271148682
4775,rust,add,insert,remove,9,0.9819040894508362,0.9889964461326599,-0.0070923566818237305
4776,rust,add,insert,remove,8,0.982260525226593,0.9886578321456909,-0.0063973069190979
4783,rust,add,insert,remove,11,0.9705609679222107,0.9854003190994263,-0.014839351177215576
4784,rust,add,insert,remove,9,0.9707635641098022,0.9859272837638855,-0.015163719654083252
4795,rust,allow,permit,forbid,9,0.9815599322319031,0.9815973043441772,-3.737211227416992e-05
4799,rust,add,insert,remove,12,0.9903807640075684,0.99515700340271,-0.0047762393951416016
4808,rust,add,insert,remove,14,0.9874626398086548,0.9922918677330017,-0.004829227924346924
4811,rust,add,insert,remove,8,0.9798682928085327,0.9868630170822144,-0.006994724273681641
4816,rust,add,insert,remove,6,0.9901363849639893,0.9875064492225647,0.0026299357414245605
4825,rust,add,insert,remove,6,0.9754562377929688,0.9849823117256165,-0.009526073932647705
4838,rust,allow,permit,forbid,5,0.9741457104682922,0.9662936925888062,0.007852017879486084
4863,rust,allow,permit,forbid,7,0.9852553009986877,0.9603580832481384,0.024897217750549316
4874,rust,add,insert,remove,7,0.95381098985672,0.9850831031799316,-0.03127211332321167
4874,rust,create,build,destroy,7,0.9878637790679932,0.9767104387283325,0.011153340339660645
4882,rust,add,insert,remove,11,0.9897726774215698,0.9900464415550232,-0.00027376413345336914
4897,rust,add,insert,remove,5,0.9774549007415771,0.9872751235961914,-0.009820222854614258
4901,rust,allow,permit,forbid,31,0.9974398612976074,0.9859831929206848,0.011456668376922607
4918,rust,add,insert,remove,6,0.9844002723693848,0.9908548593521118,-0.006454586982727051
4924,rust,add,insert,remove,13,0.9906923174858093,0.9942682981491089,-0.0035759806632995605
4933,rust,add,insert,remove,5,0.9640145301818848,0.9858980178833008,-0.021883487701416016
4937,rust,start,begin,stop,9,0.9784954786300659,0.983370840549469,-0.004875361919403076
4939,rust,start,begin,stop,10,0.9943324327468872,0.9891856908798218,0.00514674186706543
4939,rust,include,contain,exclude,10,0.9765272736549377,0.978395938873291,-0.0018686652183532715
4951,rust,add,insert,remove,8,0.9733169674873352,0.9851622581481934,-0.011845290660858154
4954,rust,add,insert,remove,10,0.9846155643463135,0.9782260656356812,0.006389498710632324
4960,rust,add,insert,remove,8,0.9556195735931396,0.9836245775222778,-0.028005003929138184
4960,rust,create,build,destroy,8,0.9849284887313843,0.9731169939041138,0.011811494827270508
4981,rust,allow,permit,forbid,9,0.9738054871559143,0.9401669502258301,0.03363853693008423
4991,rust,add,insert,remove,23,0.9964513182640076,0.9950926899909973,0.001358628273010254
4991,rust,opens,unlocks,closes,23,0.9952471852302551,0.9922637939453125,0.002983391284942627
5024,rust,allow,permit,forbid,7,0.9791787266731262,0.9699063301086426,0.009272396564483643
5035,rust,add,insert,remove,20,0.9971506595611572,0.9957848787307739,0.0013657808303833008
5051,rust,add,insert,remove,5,0.9846019744873047,0.9890310168266296,-0.004429042339324951
5059,rust,add,insert,remove,8,0.9888454675674438,0.9938127994537354,-0.004967331886291504
5062,rust,add,insert,remove,5,0.9865774512290955,0.9871022701263428,-0.0005248188972473145
5076,rust,add,insert,remove,8,0.9804271459579468,0.9892538785934448,-0.008826732635498047
5083,rust,add,insert,remove,7,0.9823359251022339,0.9828646183013916,-0.0005286931991577148
5084,rust,add,insert,remove,9,0.9806872010231018,0.9870597720146179,-0.006372570991516113
5093,rust,add,insert,remove,8,0.9752178192138672,0.9877669811248779,-0.012549161911010742
5102,rust,add,insert,remove,9,0.9871727228164673,0.9772140979766846,0.009958624839782715
5133,rust,add,insert,remove,9,0.9855504035949707,0.9910379648208618,-0.005487561225891113
5135,rust,add,insert,remove,10,0.9842289090156555,0.9924211502075195,-0.008192241191864014
5201,rust,add,insert,remove,11,0.9849214553833008,0.9852694272994995,-0.00034797191619873047
5205,rust,add,insert,remove,9,0.9773349165916443,0.992158055305481,-0.01482313871383667
5236,rust,add,insert,remove,9,0.9843897819519043,0.9852723479270935,-0.000882565975189209
5236,rust,enable,permit,disable,9,0.9850649237632751,0.9809228181838989,0.004142105579376221
5269,rust,add,insert,remove,18,0.9953412413597107,0.9935406446456909,0.0018005967140197754
5299,rust,removed,deleted,inserted,10,0.9679944515228271,0.9684277176856995,-0.00043326616287231445
5301,rust,add,insert,remove,13,0.9951542019844055,0.9926248788833618,0.002529323101043701
5303,rust,allow,permit,forbid,11,0.9683804512023926,0.9650322198867798,0.003348231315612793
5349,rust,add,insert,remove,8,0.9859268665313721,0.992440402507782,-0.006513535976409912
5354,rust,enable,permit,disable,18,0.9920868873596191,0.994448184967041,-0.002361297607421875
5367,rust,start,begin,stop,21,0.9852118492126465,0.9928858876228333,-0.007674038410186768
5400,rust,add,insert,remove,10,0.9877001643180847,0.9914852380752563,-0.003785073757171631
5423,rust,add,insert,remove,8,0.9710488319396973,0.9864472150802612,-0.015398383140563965
5424,rust,add,insert,remove,18,0.9927771687507629,0.9939783811569214,-0.0012012124061584473
5456,rust,add,insert,remove,7,0.9889429807662964,0.9879148006439209,0.0010281801223754883
5462,rust,allow,permit,forbid,8,0.9880790710449219,0.9676769971847534,0.020402073860168457
5501,rust,add,insert,remove,11,0.9884405136108398,0.9907233715057373,-0.002282857894897461
5502,rust,add,insert,remove,11,0.9813838601112366,0.9915317893028259,-0.010147929191589355
5569,rust,remove,delete,insert,10,0.9919326901435852,0.9751067161560059,0.016825973987579346
5593,rust,add,insert,remove,6,0.975774884223938,0.9746874570846558,0.0010874271392822266
5593,rust,accepting,taking,rejecting,6,0.9793675541877747,0.9827103614807129,-0.0033428072929382324
5618,rust,add,insert,remove,9,0.9660720229148865,0.9640297889709473,0.002042233943939209
5622,rust,add,insert,remove,8,0.9801892042160034,0.9919148683547974,-0.011725664138793945
5670,rust,accept,take,reject,8,0.9823743104934692,0.9906725287437439,-0.008298218250274658
5704,rust,add,insert,remove,7,0.9811792373657227,0.9870929718017578,-0.005913734436035156
5704,rust,starting,beginning,stopping,7,0.9811615943908691,0.9710356593132019,0.010125935077667236
5836,rust,add,insert,remove,6,0.9791382551193237,0.9812214374542236,-0.0020831823348999023
5836,rust,disable,block,enable,6,0.9660910964012146,0.9873849153518677,-0.021293818950653076
5935,rust,added,inserted,removed,8,0.9849567413330078,0.9887235760688782,-0.0037668347358703613
5954,rust,increase,raise,decrease,14,0.9966080188751221,0.993329644203186,0.003278374671936035
5986,rust,add,insert,remove,16,0.9916293621063232,0.9903906583786011,0.001238703727722168
5991,rust,add,insert,remove,27,0.9947154521942139,0.9947091341018677,6.318092346191406e-06
6081,rust,add,insert,remove,18,0.9948900938034058,0.9932411313056946,0.0016489624977111816
6125,rust,hiding,covering,showing,11,0.9802238345146179,0.9745378494262695,0.005685985088348389
6203,rust,creating,building,destroying,9,0.9898057579994202,0.9867574572563171,0.0030483007431030273
6221,rust,add,insert,remove,14,0.9916778802871704,0.9934566020965576,-0.001778721809387207
6282,rust,added,inserted,removed,8,0.9892374277114868,0.9959179759025574,-0.006680548191070557
6315,rust,add,insert,remove,9,0.9813240766525269,0.9839998483657837,-0.002675771713256836
6342,rust,add,insert,remove,5,0.9735153317451477,0.9858636260032654,-0.012348294258117676
6359,rust,allow,permit,forbid,14,0.9979531764984131,0.9885997176170349,0.009353458881378174
6380,rust,added,inserted,removed,6,0.9797988533973694,0.9923102855682373,-0.01251143217086792
6402,rust,add,insert,remove,9,0.9862713813781738,0.9891653656959534,-0.002893984317779541
6427,rust,added,inserted,removed,7,0.9809691309928894,0.9896256923675537,-0.008656561374664307
6569,rust,add,insert,remove,8,0.9867200255393982,0.9868002533912659,-8.022785186767578e-05
6591,rust,add,insert,remove,25,0.993635356426239,0.9945076704025269,-0.0008723139762878418
6591,rust,adding,inserting,removing,25,0.9962148666381836,0.9946595430374146,0.001555323600769043
6595,rust,allow,permit,forbid,20,0.996312141418457,0.9922056794166565,0.004106462001800537
6652,rust,added,inserted,removed,42,0.9961010813713074,0.99478679895401,0.0013142824172973633
6652,rust,remove,delete,insert,42,0.9979640245437622,0.9958966970443726,0.0020673274993896484
6792,rust,add,insert,remove,20,0.996488630771637,0.9948745965957642,0.0016140341758728027
7588,rust,add,insert,remove,8,0.9923557043075562,0.9862884283065796,0.0060672760009765625
7600,rust,add,insert,remove,9,0.988139271736145,0.9858829975128174,0.0022562742233276367
7624,rust,add,insert,remove,6,0.98150235414505,0.991600513458252,-0.010098159313201904
7676,rust,add,insert,remove,11,0.9855538010597229,0.9893662929534912,-0.0038124918937683105
7676,rust,disabled,blocked,enabled,11,0.9894505143165588,0.9937851428985596,-0.004334628582000732
7127,rust,add,insert,remove,36,0.9941561222076416,0.994031548500061,0.0001245737075805664
7194,rust,add,insert,remove,23,0.9947149157524109,0.9961350560188293,-0.001420140266418457
7215,rust,allowing,permitting,forbidding,15,0.9955030679702759,0.9901031851768494,0.005399882793426514
7299,rust,add,insert,remove,29,0.9950947761535645,0.9938416481018066,0.0012531280517578125
7331,rust,add,insert,remove,16,0.9920566082000732,0.991543173789978,0.0005134344100952148
7387,rust,add,insert,remove,19,0.9939121007919312,0.9950319528579712,-0.001119852066040039
7588,rust,add,insert,remove,8,0.9923557043075562,0.9862884283065796,0.0060672760009765625
7624,rust,add,insert,remove,6,0.98150235414505,0.991600513458252,-0.010098159313201904
7676,rust,add,insert,remove,11,0.9855538010597229,0.9893662929534912,-0.0038124918937683105
7676,rust,disabled,blocked,enabled,11,0.9894505143165588,0.9937851428985596,-0.004334628582000732
7799,rust,allow,permit,forbid,6,0.9809615015983582,0.9687655568122864,0.012195944786071777
7831,rust,allow,permit,forbid,10,0.9967150688171387,0.9907258749008179,0.005989193916320801
7910,rust,add,insert,remove,7,0.972610354423523,0.9872118234634399,-0.014601469039916992
8031,rust,enable,permit,disable,9,0.9833343625068665,0.9941714406013489,-0.010837078094482422
8043,rust,allow,permit,forbid,7,0.9838038086891174,0.9734402298927307,0.010363578796386719
